reserva_id,fecha_llegada,fecha_salida,mes_llegada,año_llegada,building_code,building_public,canal,canal_tipo,estado,es_reserva_activa,noches,precio_total,adr,cliente_hash,apt_public
115450336,2025-11-21,2026-01-29,2025-11,2025,D,Edificio D — Old Quarter,Direct booking,Directo,cancellation,False,69,0.0,0.0,68698254,D-01
115452366,2025-11-21,2026-01-30,2025-11,2025,D,Edificio D — Old Quarter,Direct booking,Directo,modification of booking,False,70,32750.0,467.8571428571428,22096246,D-01
115348546,2025-11-26,2026-01-29,2025-11,2025,D,Edificio D — Old Quarter,Direct booking,Directo,cancellation,False,64,0.0,0.0,40525953,D-02
116473216,2025-12-01,2026-01-15,2025-12,2025,C,Edificio C — Riverside,Direct booking,Directo,modification of booking,False,45,4500.0,100.0,34083842,C-01
121176896,2025-12-21,2026-01-04,2025-12,2025,E,Edificio E — Budget Inn,Direct booking,Directo,modification of booking,False,14,475.0,33.92857142857143,30396720,E-01
114035816,2025-12-28,2026-01-01,2025-12,2025,A,Edificio A — Urban District,Booking.com,OTA,reservation,True,4,357.48,89.37,49526883,A-01
114413036,2025-12-28,2026-01-02,2025-12,2025,B,Edificio B — City Center,Booking.com,OTA,reservation,True,5,867.6,173.52,66739061,B-01
115223481,2025-12-28,2026-01-05,2025-12,2025,D,Edificio D — Old Quarter,Booking.com,OTA,cancellation,False,8,7137.6,892.2,35311193,D-03
120813166,2025-12-29,2026-01-01,2025-12,2025,E,Edificio E — Budget Inn,Booking.com,OTA,reservation,True,3,143.0,47.66666666666666,81096967,E-02
121826421,2025-12-29,2026-01-01,2025-12,2025,E,Edificio E — Budget Inn,Booking.com,OTA,reservation,True,3,96.0,32.0,90973706,E-03
112870211,2025-12-29,2026-01-02,2025-12,2025,A,Edificio A — Urban District,Booking.com,OTA,reservation,True,4,383.4,95.85,49596084,A-02
120492596,2025-12-29,2026-01-03,2025-12,2025,C,Edificio C — Riverside,Booking.com,OTA,reservation,True,5,474.3,94.86,54010687,C-02
116973401,2025-12-30,2026-01-01,2025-12,2025,D,Edificio D — Old Quarter,Booking.com,OTA,cancellation,False,2,849.6,424.8,17711094,D-04
116973406,2025-12-30,2026-01-01,2025-12,2025,D,Edificio D — Old Quarter,Booking.com,OTA,cancellation,False,2,495.6,247.8,17711094,D-05
119922676,2025-12-30,2026-01-01,2025-12,2025,C,Edificio C — Riverside,Booking.com,OTA,reservation,True,2,282.6,141.3,69063404,C-03
120800296,2025-12-30,2026-01-01,2025-12,2025,D,Edificio D — Old Quarter,Booking.com,OTA,cancellation,False,2,225.0,112.5,84831376,D-05
120803386,2025-12-30,2026-01-01,2025-12,2025,D,Edificio D — Old Quarter,Booking.com,OTA,reservation,True,2,270.0,135.0,84831376,D-05
121594616,2025-12-30,2026-01-01,2025-12,2025,E,Edificio E — Budget Inn,Airbnb,OTA,reservation,True,2,96.0,48.0,23421489,E-04
121752371,2025-12-30,2026-01-01,2025-12,2025,E,Edificio E — Budget Inn,Airbnb,OTA,modification of booking,False,2,66.0,33.0,26835095,E-05
121814696,2025-12-30,2026-01-01,2025-12,2025,E,Edificio E — Budget Inn,Booking.com,OTA,modification of booking,False,2,66.0,33.0,88834688,E-06
121914971,2025-12-30,2026-01-01,2025-12,2025,E,Edificio E — Budget Inn,Booking.com,OTA,reservation,True,2,86.4,43.2,49046106,E-07
112340206,2025-12-30,2026-01-02,2025-12,2025,B,Edificio B — City Center,Booking.com,OTA,reservation,True,3,486.0,162.0,83669120,B-02
112340211,2025-12-30,2026-01-02,2025-12,2025,B,Edificio B — City Center,Booking.com,OTA,reservation,True,3,474.0,158.0,83669120,B-03
116679781,2025-12-30,2026-01-02,2025-12,2025,B,Edificio B — City Center,Booking.com,OTA,reservation,True,3,525.6,175.20000000000002,90767975,B-04
120470381,2025-12-30,2026-01-02,2025-12,2025,D,Edificio D — Old Quarter,Booking.com,OTA,modification of booking,False,3,369.6,123.2,52659757,D-06
120634656,2025-12-30,2026-01-02,2025-12,2025,C,Edificio C — Riverside,Booking.com,OTA,reservation,True,3,386.0,128.66666666666666,26474780,C-04
120634661,2025-12-30,2026-01-02,2025-12,2025,C,Edificio C — Riverside,Booking.com,OTA,reservation,True,3,386.0,128.66666666666666,26474780,C-05
120634666,2025-12-30,2026-01-02,2025-12,2025,C,Edificio C — Riverside,Booking.com,OTA,reservation,True,3,386.0,128.66666666666666,26474780,C-06
120634671,2025-12-30,2026-01-02,2025-12,2025,C,Edificio C — Riverside,Booking.com,OTA,reservation,True,3,386.0,128.66666666666666,26474780,C-07
121656066,2025-12-30,2026-01-02,2025-12,2025,OTRO,Otros,Direct booking,Directo,cancellation,False,3,75.0,25.0,56930294,OTRO-01
121820081,2025-12-30,2026-01-02,2025-12,2025,E,Edificio E — Budget Inn,Booking.com,OTA,reservation,True,3,120.0,40.0,25860431,E-08
112048166,2025-12-30,2026-01-03,2025-12,2025,B,Edificio B — City Center,Booking.com,OTA,reservation,True,4,1332.0,333.0,43750255,B-05
120275451,2025-12-31,2026-01-01,2025-12,2025,D,Edificio D — Old Quarter,Booking.com,OTA,reservation,True,1,295.0,295.0,88951826,D-04
120652176,2025-12-31,2026-01-01,2025-12,2025,D,Edificio D — Old Quarter,Booking.com,OTA,reservation,True,1,284.0,284.0,24186754,D-03
121738571,2025-12-31,2026-01-01,2025-12,2025,E,Edificio E — Budget Inn,Booking.com,OTA,reservation,True,1,48.0,48.0,30303563,E-09
121799021,2025-12-31,2026-01-01,2025-12,2025,E,Edificio E — Budget Inn,Airbnb,OTA,reservation,True,1,42.0,42.0,24884294,E-10
121883921,2025-12-31,2026-01-01,2025-12,2025,E,Edificio E — Budget Inn,Booking.com,OTA,cancellation,False,1,42.0,42.0,61027318,E-11
121968316,2025-12-31,2026-01-01,2025-12,2025,E,Edificio E — Budget Inn,Booking.com,OTA,reservation,True,1,32.4,32.4,97665123,E-12
122199461,2025-12-31,2026-01-01,2025-12,2025,E,Edificio E — Budget Inn,Booking.com,OTA,reservation,True,1,37.8,37.8,56336076,E-11
116960281,2025-12-31,2026-01-02,2025-12,2025,B,Edificio B — City Center,Booking.com,OTA,reservation,True,2,397.2,198.6,26086683,B-06
120295796,2025-12-31,2026-01-02,2025-12,2025,C,Edificio C — Riverside,Booking.com,OTA,reservation,True,2,225.0,112.5,85991577,C-08
120319236,2025-12-31,2026-01-02,2025-12,2025,D,Edificio D — Old Quarter,Airbnb,OTA,reservation,True,2,442.2,221.1,17488708,D-02
120444731,2025-12-31,2026-01-02,2025-12,2025,D,Edificio D — Old Quarter,Booking.com,OTA,reservation,True,2,201.0,100.5,81428426,D-07
120444736,2025-12-31,2026-01-02,2025-12,2025,D,Edificio D — Old Quarter,Booking.com,OTA,reservation,True,2,270.0,135.0,81428426,D-08
121361651,2025-12-31,2026-01-02,2025-12,2025,C,Edificio C — Riverside,Booking.com,OTA,reservation,True,2,219.0,109.5,34751312,C-09
121535921,2025-12-31,2026-01-02,2025-12,2025,E,Edificio E — Budget Inn,Booking.com,OTA,cancellation,False,2,72.0,36.0,34089872,E-13
114250696,2025-12-31,2026-01-03,2025-12,2025,B,Edificio B — City Center,Booking.com,OTA,reservation,True,3,676.0,225.3333333333333,59469302,B-07
114250701,2025-12-31,2026-01-03,2025-12,2025,B,Edificio B — City Center,Booking.com,OTA,reservation,True,3,616.0,205.3333333333333,59469302,B-08
114250706,2025-12-31,2026-01-03,2025-12,2025,B,Edificio B — City Center,Booking.com,OTA,reservation,True,3,581.0,193.66666666666663,59469302,B-09
119503611,2025-12-31,2026-01-03,2025-12,2025,E,Edificio E — Budget Inn,Booking.com,OTA,reservation,True,3,166.0,55.333333333333336,88273680,E-14
122173531,2025-12-31,2026-01-03,2025-12,2025,OTRO,Otros,Direct booking,Directo,reservation,True,3,75.0,25.0,81797712,OTRO-01
120784356,2025-12-31,2026-01-31,2025-12,2025,E,Edificio E — Budget Inn,Direct booking,Directo,modification of booking,False,31,1750.0,56.45161290322581,35799257,E-15
116757996,2026-01-01,2026-01-02,2026-01,2026,E,Edificio E — Budget Inn,Booking.com,OTA,reservation,True,1,41.0,41.0,17511839,E-09
119248306,2026-01-01,2026-01-02,2026-01,2026,E,Edificio E — Budget Inn,Booking.com,OTA,cancellation,False,1,28.0,28.0,17250652,E-05
120425491,2026-01-01,2026-01-02,2026-01,2026,E,Edificio E — Budget Inn,Booking.com,OTA,reservation,True,1,41.0,41.0,52577390,E-11
120607661,2026-01-01,2026-01-02,2026-01,2026,D,Edificio D — Old Quarter,Booking.com,OTA,reservation,True,1,154.0,154.0,64289074,D-04
120678446,2026-01-01,2026-01-02,2026-01,2026,E,Edificio E — Budget Inn,Booking.com,OTA,reservation,True,1,41.0,41.0,52129350,E-02
120831751,2026-01-01,2026-01-02,2026-01,2026,E,Edificio E — Budget Inn,Booking.com,OTA,cancellation,False,1,28.0,28.0,91451999,E-03
121531271,2026-01-01,2026-01-02,2026-01,2026,E,Edificio E — Budget Inn,Booking.com,OTA,reservation,True,1,48.0,48.0,39404532,E-10
121878446,2026-01-01,2026-01-02,2026-01,2026,C,Edificio C — Riverside,Booking.com,OTA,reservation,True,1,96.3,96.3,73438262,C-03
121998066,2026-01-01,2026-01-02,2026-01,2026,E,Edificio E — Budget Inn,Booking.com,OTA,reservation,True,1,36.0,36.0,85698988,E-06
122097451,2026-01-01,2026-01-02,2026-01,2026,D,Edificio D — Old Quarter,Booking.com,OTA,reservation,True,1,95.0,95.0,14492305,D-05
122273401,2026-01-01,2026-01-02,2026-01,2026,E,Edificio E — Budget Inn,Booking.com,OTA,reservation,True,1,32.4,32.4,57513966,E-13
113078931,2026-01-01,2026-01-03,2026-01,2026,A,Edificio A — Urban District,Booking.com,OTA,reservation,True,2,230.04,115.02,99419950,A-01
115382806,2026-01-01,2026-01-03,2026-01,2026,E,Edificio E — Budget Inn,Booking.com,OTA,cancellation,False,2,62.0,31.0,26781166,E-05
116143351,2026-01-01,2026-01-03,2026-01,2026,E,Edificio E — Budget Inn,Booking.com,OTA,cancellation,False,2,62.0,31.0,26781166,E-06
116212851,2026-01-01,2026-01-03,2026-01,2026,E,Edificio E — Budget Inn,Booking.com,OTA,reservation,True,2,62.0,31.0,26781166,E-12
120727511,2026-01-01,2026-01-03,2026-01,2026,D,Edificio D — Old Quarter,Booking.com,OTA,reservation,True,2,453.6,226.8,83190575,D-03
121736176,2026-01-01,2026-01-03,2026-01,2026,E,Edificio E — Budget Inn,Booking.com,OTA,reservation,True,2,119.0,59.5,41843175,E-07
114096296,2026-01-01,2026-01-04,2026-01,2026,E,Edificio E — Budget Inn,Booking.com,OTA,cancellation,False,3,137.0,45.66666666666666,69198674,E-08
119973906,2026-01-01,2026-01-04,2026-01,2026,E,Edificio E — Budget Inn,Booking.com,OTA,modification of booking,False,3,96.0,32.0,78077672,E-16
120495511,2026-01-01,2026-01-05,2026-01,2026,E,Edificio E — Budget Inn,Booking.com,OTA,reservation,True,4,178.0,44.5,68080635,E-04
120834471,2026-01-02,2026-01-03,2026-01,2026,E,Edificio E — Budget Inn,Booking.com,OTA,reservation,True,1,34.0,34.0,91451999,E-05
121905591,2026-01-02,2026-01-03,2026-01,2026,B,Edificio B — City Center,Booking.com,OTA,reservation,True,1,113.0,113.0,39630905,B-06
122015806,2026-01-02,2026-01-03,2026-01,2026,B,Edificio B — City Center,Booking.com,OTA,reservation,True,1,107.0,107.0,62265611,B-02
122081086,2026-01-02,2026-01-03,2026-01,2026,D,Edificio D — Old Quarter,Booking.com,OTA,reservation,True,1,178.0,178.0,11799494,D-04
122127821,2026-01-02,2026-01-03,2026-01,2026,C,Edificio C — Riverside,Airbnb,OTA,reservation,True,1,101.0,101.0,58692371,C-05
122154651,2026-01-02,2026-01-03,2026-01,2026,E,Edificio E — Budget Inn,Booking.com,OTA,reservation,True,1,43.2,43.2,69130375,E-08
122193601,2026-01-02,2026-01-03,2026-01,2026,D,Edificio D — Old Quarter,Airbnb,OTA,reservation,True,1,182.6,182.6,63883433,D-02
122292321,2026-01-02,2026-01-03,2026-01,2026,D,Edificio D — Old Quarter,Booking.com,OTA,reservation,True,1,113.0,113.0,63290054,D-08
122327096,2026-01-02,2026-01-03,2026-01,2026,B,Edificio B — City Center,Booking.com,OTA,reservation,True,1,107.0,107.0,68243670,B-01
122349556,2026-01-02,2026-01-03,2026-01,2026,D,Edificio D — Old Quarter,Booking.com,OTA,reservation,True,1,89.0,89.0,68641926,D-07
122361331,2026-01-02,2026-01-03,2026-01,2026,E,Edificio E — Budget Inn,Booking.com,OTA,reservation,True,1,37.8,37.8,44083650,E-11
122363726,2026-01-02,2026-01-03,2026-01,2026,C,Edificio C — Riverside,Booking.com,OTA,reservation,True,1,107.0,107.0,35319711,C-08
122375766,2026-01-02,2026-01-03,2026-01,2026,E,Edificio E — Budget Inn,Booking.com,OTA,reservation,True,1,37.8,37.8,50586918,E-10
122376526,2026-01-02,2026-01-03,2026-01,2026,E,Edificio E — Budget Inn,Booking.com,OTA,reservation,True,1,37.8,37.8,36755999,E-09
119935531,2026-01-02,2026-01-04,2026-01,2026,E,Edificio E — Budget Inn,Booking.com,OTA,reservation,True,2,68.0,34.0,79771928,E-06
119938386,2026-01-02,2026-01-04,2026-01,2026,E,Edificio E — Budget Inn,Booking.com,OTA,reservation,True,2,68.0,34.0,11554043,E-03
121859861,2026-01-02,2026-01-04,2026-01,2026,B,Edificio B — City Center,Booking.com,OTA,reservation,True,2,231.0,115.5,63280192,B-04
122009701,2026-01-02,2026-01-04,2026-01,2026,A,Edificio A — Urban District,Booking.com,OTA,reservation,True,2,171.0,85.5,82867430,A-02
122133061,2026-01-02,2026-01-04,2026-01,2026,D,Edificio D — Old Quarter,Booking.com,OTA,modification of booking,False,2,235.2,117.6,97344792,D-06
122381446,2026-01-02,2026-01-04,2026-01,2026,D,Edificio D — Old Quarter,Airbnb,OTA,reservation,True,2,209.0,104.5,72238017,D-05
116831306,2026-01-02,2026-01-05,2026-01,2026,E,Edificio E — Budget Inn,Booking.com,OTA,cancellation,False,3,96.0,32.0,18606153,E-06
120969161,2026-01-02,2026-01-05,2026-01,2026,E,Edificio E — Budget Inn,Booking.com,OTA,reservation,True,3,137.0,45.66666666666666,90303212,E-02
122138221,2026-01-02,2026-01-05,2026-01,2026,C,Edificio C — Riverside,Booking.com,OTA,reservation,True,3,229.5,76.5,51685492,C-03
116734371,2026-01-02,2026-01-06,2026-01,2026,E,Edificio E — Budget Inn,Booking.com,OTA,reservation,True,4,124.0,31.0,84624369,E-13
122132931,2026-01-02,2026-01-12,2026-01,2026,B,Edificio B — City Center,Booking.com,OTA,reservation,True,10,841.0,84.1,97509049,B-03
117613791,2026-01-03,2026-01-04,2026-01,2026,E,Edificio E — Budget Inn,Booking.com,OTA,reservation,True,1,48.0,48.0,69168803,E-07
120364956,2026-01-03,2026-01-04,2026-01,2026,E,Edificio E — Budget Inn,Booking.com,OTA,cancellation,False,1,34.0,34.0,56507438,E-05
121664316,2026-01-03,2026-01-04,2026-01,2026,B,Edificio B — City Center,Booking.com,OTA,reservation,True,1,272.0,272.0,69567962,B-05
121803346,2026-01-24,2026-01-25,2026-01,2026,E,Edificio E — Budget Inn,Booking.com,OTA,modification of booking,False,1,48.0,48.0,12614640,E-11
123233781,2026-01-24,2026-01-25,2026-01,2026,E,Edificio E — Budget Inn,Booking.com,OTA,reservation,True,1,48.0,48.0,26593296,E-09
124211176,2026-01-24,2026-01-25,2026-01,2026,B,Edificio B — City Center,Booking.com,OTA,reservation,True,1,166.0,166.0,25299458,B-05
124307076,2026-01-24,2026-01-25,2026-01,2026,B,Edificio B — City Center,Booking.com,OTA,reservation,True,1,119.0,119.0,65755686,B-02
124410526,2026-01-24,2026-01-25,2026-01,2026,B,Edificio B — City Center,Booking.com,OTA,reservation,True,1,107.0,107.0,12212107,B-07
124603066,2026-01-24,2026-01-25,2026-01,2026,A,Edificio A — Urban District,Booking.com,OTA,reservation,True,1,69.3,69.3,77500027,A-01
124654306,2026-01-24,2026-01-25,2026-01,2026,C,Edificio C — Riverside,Booking.com,OTA,reservation,True,1,83.0,83.0,26554084,C-08
124664626,2026-01-24,2026-01-25,2026-01,2026,D,Edificio D — Old Quarter,Booking.com,OTA,cancellation,False,1,83.0,83.0,37886488,D-05
124669651,2026-01-24,2026-01-25,2026-01,2026,C,Edificio C — Riverside,Booking.com,OTA,reservation,True,1,89.0,89.0,37886488,C-07
124810956,2026-01-24,2026-01-25,2026-01,2026,D,Edificio D — Old Quarter,Booking.com,OTA,reservation,True,1,83.0,83.0,36314685,D-05
124881521,2026-01-24,2026-01-25,2026-01,2026,E,Edificio E — Budget Inn,Airbnb,OTA,reservation,True,1,42.0,42.0,31582212,E-13
125083106,2026-01-24,2026-01-25,2026-01,2026,D,Edificio D — Old Quarter,Booking.com,OTA,reservation,True,1,59.0,59.0,16071813,D-07
125114601,2026-01-24,2026-01-25,2026-01,2026,B,Edificio B — City Center,Booking.com,OTA,reservation,True,1,83.0,83.0,38699367,B-08
125120971,2026-01-24,2026-01-25,2026-01,2026,C,Edificio C — Riverside,Airbnb,OTA,reservation,True,1,95.0,95.0,21833631,C-05
125139116,2026-01-24,2026-01-25,2026-01,2026,C,Edificio C — Riverside,Booking.com,OTA,reservation,True,1,95.0,95.0,79229877,C-06
125195386,2026-01-24,2026-01-25,2026-01,2026,E,Edificio E — Budget Inn,Booking.com,OTA,reservation,True,1,32.4,32.4,87769662,E-02
125197516,2026-01-24,2026-01-25,2026-01,2026,E,Edificio E — Budget Inn,Booking.com,OTA,reservation,True,1,27.0,27.0,57948436,E-01
125207271,2026-01-24,2026-01-25,2026-01,2026,C,Edificio C — Riverside,Booking.com,OTA,reservation,True,1,59.0,59.0,86265489,C-09
125207466,2026-01-24,2026-01-25,2026-01,2026,E,Edificio E — Budget Inn,Booking.com,OTA,reservation,True,1,32.4,32.4,24541689,E-07
125158061,2026-01-24,2026-01-26,2026-01,2026,E,Edificio E — Budget Inn,Booking.com,OTA,reservation,True,2,64.8,32.4,13377612,E-08
124911291,2026-01-24,2026-01-27,2026-01,2026,B,Edificio B — City Center,Booking.com,OTA,reservation,True,3,248.4,82.8,64326564,B-09
121045001,2026-01-24,2026-01-28,2026-01,2026,E,Edificio E — Budget Inn,Booking.com,OTA,cancellation,False,4,171.0,42.75,71886416,E-08
124959886,2026-01-24,2026-01-28,2026-01,2026,E,Edificio E — Budget Inn,Booking.com,OTA,reservation,True,4,97.2,24.3,74381646,E-03
124977901,2026-01-25,2026-01-26,2026-01,2026,E,Edificio E — Budget Inn,Booking.com,OTA,modification of booking,False,1,24.0,24.0,72513667,E-14
125149591,2026-01-25,2026-01-26,2026-01,2026,E,Edificio E — Budget Inn,Booking.com,OTA,reservation,True,1,27.0,27.0,24505792,E-07
125170181,2026-01-25,2026-01-26,2026-01,2026,E,Edificio E — Budget Inn,Booking.com,OTA,reservation,True,1,27.0,27.0,62160327,E-02
125182131,2026-01-25,2026-01-26,2026-01,2026,E,Edificio E — Budget Inn,Booking.com,OTA,reservation,True,1,21.6,21.6,85698988,E-13
125210571,2026-01-25,2026-01-26,2026-01,2026,E,Edificio E — Budget Inn,Direct booking,Directo,modification of booking,False,1,35.0,35.0,47326581,E-11
125278036,2026-01-25,2026-01-26,2026-01,2026,E,Edificio E — Budget Inn,Booking.com,OTA,reservation,True,1,30.0,30.0,20968472,E-09
125286341,2026-01-25,2026-01-26,2026-01,2026,C,Edificio C — Riverside,Airbnb,OTA,reservation,True,1,54.0,54.0,51302943,C-05
125298636,2026-01-25,2026-01-26,2026-01,2026,B,Edificio B — City Center,Booking.com,OTA,reservation,True,1,71.0,71.0,39355195,B-07
122405626,2026-01-25,2026-01-27,2026-01,2026,E,Edificio E — Budget Inn,Booking.com,OTA,modification of booking,False,2,56.0,28.0,77751715,E-12
125223666,2026-01-25,2026-01-27,2026-01,2026,D,Edificio D — Old Quarter,Booking.com,OTA,reservation,True,2,156.0,78.0,75367103,D-04
124749286,2026-01-25,2026-01-28,2026-01,2026,A,Edificio A — Urban District,Booking.com,OTA,reservation,True,3,135.0,45.0,88205385,A-01
125005811,2026-01-25,2026-01-28,2026-01,2026,B,Edificio B — City Center,Booking.com,OTA,reservation,True,3,285.0,95.0,51360555,B-05
124562541,2026-01-25,2026-01-30,2026-01,2026,E,Edificio E — Budget Inn,Booking.com,OTA,reservation,True,5,120.0,24.0,33694742,E-01
125031731,2026-01-25,2026-01-30,2026-01,2026,C,Edificio C — Riverside,Booking.com,OTA,reservation,True,5,319.0,63.8,88380671,C-06
120238126,2026-01-25,2026-02-15,2026-01,2026,E,Edificio E — Budget Inn,Booking.com,OTA,cancellation,False,21,624.0,29.714285714285715,43926408,E-14
120238751,2026-01-25,2026-02-15,2026-01,2026,E,Edificio E — Budget Inn,Booking.com,OTA,cancellation,False,21,624.0,29.714285714285715,43783936,E-06
122305826,2026-01-25,2026-02-15,2026-01,2026,E,Edificio E — Budget Inn,Booking.com,OTA,cancellation,False,21,624.0,29.714285714285715,63041545,E-03
124231151,2026-01-26,2026-01-27,2026-01,2026,D,Edificio D — Old Quarter,Booking.com,OTA,reservation,True,1,65.0,65.0,14544670,D-05
124853491,2026-01-26,2026-01-27,2026-01,2026,E,Edificio E — Budget Inn,Booking.com,OTA,modification of booking,False,1,24.0,24.0,10310107,E-14
124869546,2026-01-26,2026-01-27,2026-01,2026,E,Edificio E — Budget Inn,Airbnb,OTA,reservation,True,1,24.0,24.0,18719975,E-13
125334956,2026-01-26,2026-01-27,2026-01,2026,E,Edificio E — Budget Inn,Direct booking,Directo,reservation,True,1,25.0,25.0,47326581,E-05
125398346,2026-01-26,2026-01-27,2026-01,2026,E,Edificio E — Budget Inn,Booking.com,OTA,cancellation,False,1,27.0,27.0,85836539,E-07
125434411,2026-01-26,2026-01-27,2026-01,2026,B,Edificio B — City Center,Booking.com,OTA,reservation,True,1,59.0,59.0,12619839,B-07
125452906,2026-01-26,2026-01-27,2026-01,2026,B,Edificio B — City Center,Direct booking,Directo,modification of booking,False,1,60.0,60.0,20231863,B-08
125460826,2026-01-26,2026-01-27,2026-01,2026,E,Edificio E — Budget Inn,Booking.com,OTA,reservation,True,1,21.6,21.6,54933528,E-09
125468446,2026-01-26,2026-01-27,2026-01,2026,E,Edificio E — Budget Inn,Booking.com,OTA,reservation,True,1,27.0,27.0,70607615,E-07
125493986,2026-01-26,2026-01-27,2026-01,2026,E,Edificio E — Budget Inn,Booking.com,OTA,reservation,True,1,27.0,27.0,46130762,E-10
125510536,2026-01-26,2026-01-27,2026-01,2026,C,Edificio C — Riverside,Booking.com,OTA,reservation,True,1,48.0,48.0,86080147,C-05
125083771,2026-01-26,2026-01-28,2026-01,2026,D,Edificio D — Old Quarter,Booking.com,OTA,reservation,True,2,170.4,85.2,78444082,D-03
125379266,2026-01-26,2026-01-28,2026-01,2026,E,Edificio E — Budget Inn,Booking.com,OTA,reservation,True,2,54.0,27.0,21187994,E-02
125465641,2026-01-26,2026-01-28,2026-01,2026,E,Edificio E — Budget Inn,Booking.com,OTA,reservation,True,2,54.0,27.0,40982674,E-11
118224656,2026-01-26,2026-01-29,2026-01,2026,B,Edificio B — City Center,Booking.com,OTA,cancellation,False,3,597.6,199.2,83602121,B-05
119785851,2026-01-26,2026-01-29,2026-01,2026,D,Edificio D — Old Quarter,Booking.com,OTA,reservation,True,3,637.2,212.4,86507367,D-02
124960656,2026-01-26,2026-01-29,2026-01,2026,B,Edificio B — City Center,Booking.com,OTA,reservation,True,3,213.0,71.0,15159873,B-01
125323691,2026-01-26,2026-01-29,2026-01,2026,E,Edificio E — Budget Inn,Booking.com,OTA,modification of booking,False,3,64.8,21.6,91774979,E-17
125374226,2026-01-26,2026-01-29,2026-01,2026,E,Edificio E — Budget Inn,Direct booking,Directo,cancellation,False,3,90.0,30.0,73721776,E-08
123737981,2026-01-26,2026-01-30,2026-01,2026,C,Edificio C — Riverside,Direct booking,Directo,reservation,True,4,220.0,55.0,60509365,C-07
125453141,2026-01-26,2026-02-02,2026-01,2026,E,Edificio E — Budget Inn,Direct booking,Directo,reservation,True,7,240.0,34.285714285714285,25784112,E-08
124977346,2026-01-27,2026-01-28,2026-01,2026,E,Edificio E — Budget Inn,Airbnb,OTA,reservation,True,1,24.0,24.0,68736856,E-13
125126206,2026-01-27,2026-01-28,2026-01,2026,E,Edificio E — Budget Inn,Booking.com,OTA,reservation,True,1,24.0,24.0,54070297,E-05
125169896,2026-01-27,2026-01-28,2026-01,2026,D,Edificio D — Old Quarter,Booking.com,OTA,reservation,True,1,83.0,83.0,73437997,D-04
125220996,2026-01-27,2026-01-28,2026-01,2026,E,Edificio E — Budget Inn,Booking.com,OTA,reservation,True,1,30.0,30.0,41245486,E-07
125411021,2026-01-27,2026-01-28,2026-01,2026,E,Edificio E — Budget Inn,Airbnb,OTA,reservation,True,1,30.0,30.0,86736875,E-04
125488006,2026-01-27,2026-01-28,2026-01,2026,B,Edificio B — City Center,Booking.com,OTA,reservation,True,1,48.0,48.0,70482119,B-02
125500276,2026-01-27,2026-01-28,2026-01,2026,B,Edificio B — City Center,Booking.com,OTA,reservation,True,1,66.0,66.0,36252380,B-04
125544371,2026-01-27,2026-01-28,2026-01,2026,B,Edificio B — City Center,Booking.com,OTA,reservation,True,1,54.0,54.0,79934871,B-03
125623626,2026-01-27,2026-01-28,2026-01,2026,C,Edificio C — Riverside,Website,Directo,reservation,True,1,45.0,45.0,78766617,C-05
125626901,2026-01-27,2026-01-28,2026-01,2026,E,Edificio E — Budget Inn,Booking.com,OTA,reservation,True,1,21.6,21.6,54933528,E-06
125635311,2026-01-27,2026-01-28,2026-01,2026,C,Edificio C — Riverside,Booking.com,OTA,reservation,True,1,43.2,43.2,59565645,C-02
113062391,2026-01-27,2026-01-29,2026-01,2026,B,Edificio B — City Center,Booking.com,OTA,cancellation,False,2,184.8,92.4,78599133,B-02
120755251,2026-01-27,2026-01-29,2026-01,2026,B,Edificio B — City Center,Booking.com,OTA,cancellation,False,2,242.4,121.2,51266097,B-06
120755256,2026-01-27,2026-01-29,2026-01,2026,B,Edificio B — City Center,Booking.com,OTA,cancellation,False,2,226.0,113.0,51266097,B-09
120755701,2026-01-27,2026-01-29,2026-01,2026,B,Edificio B — City Center,Booking.com,OTA,reservation,True,2,312.0,156.0,UNKNOWN,B-07
120755706,2026-01-27,2026-01-29,2026-01,2026,B,Edificio B — City Center,Booking.com,OTA,reservation,True,2,283.2,141.6,UNKNOWN,B-08
120990701,2026-01-27,2026-01-29,2026-01,2026,E,Edificio E — Budget Inn,Booking.com,OTA,cancellation,False,2,56.0,28.0,32771647,E-12
124212701,2026-01-27,2026-01-29,2026-01,2026,E,Edificio E — Budget Inn,Booking.com,OTA,reservation,True,2,60.0,30.0,90140262,E-10
125396086,2026-01-27,2026-01-29,2026-01,2026,D,Edificio D — Old Quarter,Booking.com,OTA,reservation,True,2,108.0,54.0,32600590,D-05
125443406,2026-01-27,2026-01-29,2026-01,2026,D,Edificio D — Old Quarter,Booking.com,OTA,reservation,True,2,108.0,54.0,85665909,D-08
125511041,2026-01-27,2026-01-29,2026-01,2026,E,Edificio E — Budget Inn,Booking.com,OTA,reservation,True,2,43.2,21.6,38573477,E-14
125549941,2026-01-27,2026-01-29,2026-01,2026,D,Edificio D — Old Quarter,Booking.com,OTA,reservation,True,2,90.0,45.0,59514644,D-07
122403211,2026-01-27,2026-01-30,2026-01,2026,E,Edificio E — Budget Inn,Booking.com,OTA,reservation,True,3,84.0,28.0,36887622,E-12
125452551,2026-01-27,2026-01-30,2026-01,2026,E,Edificio E — Budget Inn,Booking.com,OTA,reservation,True,3,81.0,27.0,46983625,E-09
125515576,2026-01-27,2026-05-31,2026-01,2026,D,Edificio D — Old Quarter,Direct booking,Directo,modification of booking,False,124,1100.0,8.870967741935484,60099572,D-06
113203241,2026-01-28,2026-01-29,2026-01,2026,B,Edificio B — City Center,Booking.com,OTA,reservation,True,1,95.0,95.0,19265554,B-03
113890606,2026-01-28,2026-01-29,2026-01,2026,C,Edificio C — Riverside,Booking.com,OTA,reservation,True,1,92.34,92.34,44675771,C-03
114213396,2026-01-28,2026-01-29,2026-01,2026,B,Edificio B — City Center,Website,Directo,reservation,True,1,80.0,80.0,62633089,B-04
120493626,2026-01-28,2026-01-29,2026-01,2026,B,Edificio B — City Center,Booking.com,OTA,reservation,True,1,89.0,89.0,36570637,B-02
121044226,2026-01-28,2026-01-29,2026-01,2026,E,Edificio E — Budget Inn,Booking.com,OTA,cancellation,False,1,28.0,28.0,42056251,E-05
121086051,2026-01-28,2026-01-29,2026-01,2026,E,Edificio E — Budget Inn,Booking.com,OTA,modification of booking,False,1,30.0,30.0,65276690,E-07
122292831,2026-01-28,2026-01-29,2026-01,2026,C,Edificio C — Riverside,Booking.com,OTA,reservation,True,1,89.0,89.0,28051292,C-04
123953911,2026-01-28,2026-01-29,2026-01,2026,C,Edificio C — Riverside,Booking.com,OTA,reservation,True,1,89.0,89.0,41703427,C-08
124752256,2026-01-28,2026-01-29,2026-01,2026,B,Edificio B — City Center,Booking.com,OTA,reservation,True,1,118.0,118.0,83278403,B-05
124888631,2026-01-28,2026-01-29,2026-01,2026,C,Edificio C — Riverside,Booking.com,OTA,reservation,True,1,53.1,53.1,24437377,C-02
124930611,2026-01-28,2026-01-29,2026-01,2026,E,Edificio E — Budget Inn,Booking.com,OTA,reservation,True,1,24.0,24.0,64731625,E-03
124935576,2026-01-28,2026-01-29,2026-01,2026,D,Edificio D — Old Quarter,Booking.com,OTA,reservation,True,1,83.0,83.0,79657546,D-04
124982456,2026-01-28,2026-01-29,2026-01,2026,E,Edificio E — Budget Inn,Airbnb,OTA,reservation,True,1,30.0,30.0,44057317,E-04
125009501,2026-01-28,2026-01-29,2026-01,2026,A,Edificio A — Urban District,Booking.com,OTA,reservation,True,1,48.6,48.6,67837902,A-01
123793291,2026-01-13,2026-01-14,2026-01,2026,E,Edificio E — Budget Inn,Booking.com,OTA,reservation,True,1,27.0,27.0,70607615,E-14
120949961,2026-01-13,2026-01-15,2026-01,2026,E,Edificio E — Budget Inn,Booking.com,OTA,reservation,True,2,56.0,28.0,43826930,E-05
123635566,2026-01-13,2026-01-15,2026-01,2026,A,Edificio A — Urban District,Booking.com,OTA,reservation,True,2,86.4,43.2,59256174,A-02
123728816,2026-01-13,2026-01-15,2026-01,2026,E,Edificio E — Budget Inn,Direct booking,Directo,modification of booking,False,2,60.0,30.0,71670349,E-11
122538106,2026-01-13,2026-01-19,2026-01,2026,B,Edificio B — City Center,Booking.com,OTA,cancellation,False,6,456.0,76.0,47861698,B-02
123086521,2026-01-13,2026-01-19,2026-01,2026,OTRO,Otros,Direct booking,Directo,modification of booking,False,6,0.0,0.0,82507720,OTRO-01
122321786,2026-01-14,2026-01-15,2026-01,2026,C,Edificio C — Riverside,Direct booking,Directo,reservation,True,1,70.0,70.0,77629074,C-05
123130701,2026-01-14,2026-01-15,2026-01,2026,E,Edificio E — Budget Inn,Booking.com,OTA,reservation,True,1,24.0,24.0,86906134,E-13
123408221,2026-01-14,2026-01-15,2026-01,2026,E,Edificio E — Budget Inn,Airbnb,OTA,reservation,True,1,30.0,30.0,89259646,E-04
123828406,2026-01-14,2026-01-15,2026-01,2026,C,Edificio C — Riverside,Booking.com,OTA,reservation,True,1,43.2,43.2,84313069,C-02
123896186,2026-01-14,2026-01-15,2026-01,2026,E,Edificio E — Budget Inn,Booking.com,OTA,reservation,True,1,27.0,27.0,70607615,E-08
123921951,2026-01-14,2026-01-15,2026-01,2026,C,Edificio C — Riverside,Booking.com,OTA,reservation,True,1,48.0,48.0,19064197,C-04
123934581,2026-01-14,2026-01-15,2026-01,2026,D,Edificio D — Old Quarter,Booking.com,OTA,reservation,True,1,48.0,48.0,68529122,D-05
123936741,2026-01-14,2026-01-15,2026-01,2026,E,Edificio E — Budget Inn,Booking.com,OTA,reservation,True,1,30.0,30.0,33941958,E-12
123946816,2026-01-14,2026-01-15,2026-01,2026,B,Edificio B — City Center,Booking.com,OTA,reservation,True,1,54.0,54.0,83419924,B-04
123946821,2026-01-14,2026-01-15,2026-01,2026,B,Edificio B — City Center,Booking.com,OTA,reservation,True,1,54.0,54.0,83419924,B-03
123585911,2026-01-14,2026-01-16,2026-01,2026,A,Edificio A — Urban District,Booking.com,OTA,reservation,True,2,86.4,43.2,88549043,A-01
123886646,2026-01-14,2026-01-16,2026-01,2026,E,Edificio E — Budget Inn,Booking.com,OTA,reservation,True,2,54.0,27.0,37598098,E-02
123914766,2026-01-14,2026-01-16,2026-01,2026,C,Edificio C — Riverside,Booking.com,OTA,reservation,True,2,96.0,48.0,42961023,C-03
123929311,2026-01-14,2026-01-16,2026-01,2026,E,Edificio E — Budget Inn,Booking.com,OTA,reservation,True,2,60.0,30.0,19650945,E-10
123821596,2026-01-14,2026-01-17,2026-01,2026,D,Edificio D — Old Quarter,Booking.com,OTA,reservation,True,3,161.0,53.66666666666666,47086845,D-07
123776941,2026-01-14,2026-01-18,2026-01,2026,E,Edificio E — Budget Inn,Booking.com,OTA,reservation,True,4,129.6,32.4,70804806,E-06
123883451,2026-01-14,2026-01-19,2026-01,2026,E,Edificio E — Budget Inn,Booking.com,OTA,modification of booking,False,5,151.2,30.24,71960900,E-14
122978661,2026-01-15,2026-01-16,2026-01,2026,B,Edificio B — City Center,Booking.com,OTA,reservation,True,1,71.0,71.0,54867413,B-01
123069601,2026-01-15,2026-01-16,2026-01,2026,E,Edificio E — Budget Inn,Booking.com,OTA,reservation,True,1,24.0,24.0,37895824,E-07
123731171,2026-01-15,2026-01-16,2026-01,2026,E,Edificio E — Budget Inn,Airbnb,OTA,reservation,True,1,30.0,30.0,69638685,E-13
123793306,2026-01-15,2026-01-16,2026-01,2026,E,Edificio E — Budget Inn,Booking.com,OTA,modification of booking,False,1,27.0,27.0,38156827,E-05
123853891,2026-01-15,2026-01-16,2026-01,2026,B,Edificio B — City Center,Booking.com,OTA,reservation,True,1,77.0,77.0,50373520,B-05
123896326,2026-01-15,2026-01-16,2026-01,2026,C,Edificio C — Riverside,Booking.com,OTA,reservation,True,1,43.2,43.2,26168664,C-02
123919596,2026-01-15,2026-01-16,2026-01,2026,B,Edificio B — City Center,Booking.com,OTA,reservation,True,1,77.0,77.0,68625646,B-07
123974786,2026-01-15,2026-01-16,2026-01,2026,D,Edificio D — Old Quarter,Booking.com,OTA,reservation,True,1,54.0,54.0,68529122,D-05
124011796,2026-01-15,2026-01-16,2026-01,2026,E,Edificio E — Budget Inn,Booking.com,OTA,reservation,True,1,27.0,27.0,28245769,E-04
119363786,2026-01-15,2026-01-17,2026-01,2026,A,Edificio A — Urban District,Booking.com,OTA,cancellation,False,2,180.9,90.45,71584437,A-02
123916201,2026-01-15,2026-01-17,2026-01,2026,E,Edificio E — Budget Inn,Direct booking,Directo,modification of booking,False,2,70.0,35.0,79945519,E-11
123951331,2026-01-15,2026-01-17,2026-01,2026,E,Edificio E — Budget Inn,Booking.com,OTA,modification of booking,False,2,72.0,36.0,90652695,E-12
123879331,2026-01-15,2026-01-18,2026-01,2026,B,Edificio B — City Center,Booking.com,OTA,reservation,True,3,237.0,79.0,44247803,B-09
123881126,2026-01-15,2026-01-18,2026-01,2026,D,Edificio D — Old Quarter,Booking.com,OTA,reservation,True,3,368.4,122.8,61936043,D-03
121173046,2026-01-15,2026-01-31,2026-01,2026,C,Edificio C — Riverside,Direct booking,Directo,reservation,True,16,1510.0,94.375,81675272,C-01
122396221,2026-01-16,2026-01-17,2026-01,2026,E,Edificio E — Budget Inn,Booking.com,OTA,modification of booking,False,1,34.0,34.0,75406108,E-01
124074981,2026-01-16,2026-01-17,2026-01,2026,E,Edificio E — Budget Inn,Booking.com,OTA,reservation,True,1,32.4,32.4,79797393,E-03
124091626,2026-01-16,2026-01-17,2026-01,2026,E,Edificio E — Budget Inn,Booking.com,OTA,reservation,True,1,32.4,32.4,27537740,E-05
124123001,2026-01-16,2026-01-17,2026-01,2026,E,Edificio E — Budget Inn,Booking.com,OTA,reservation,True,1,43.2,43.2,30080496,E-02
124136101,2026-01-16,2026-01-17,2026-01,2026,A,Edificio A — Urban District,Booking.com,OTA,reservation,True,1,4.5,4.5,15420544,A-02
124150396,2026-01-16,2026-01-17,2026-01,2026,D,Edificio D — Old Quarter,Airbnb,OTA,reservation,True,1,111.1,111.1,31523016,D-02
124156566,2026-01-16,2026-01-17,2026-01,2026,B,Edificio B — City Center,Booking.com,OTA,reservation,True,1,83.0,83.0,39355195,B-05
124182906,2026-01-16,2026-01-17,2026-01,2026,C,Edificio C — Riverside,Website,Directo,reservation,True,1,50.0,50.0,64074740,C-08
124190481,2026-01-16,2026-01-17,2026-01,2026,B,Edificio B — City Center,Booking.com,OTA,reservation,True,1,71.0,71.0,52784581,B-07
124192596,2026-01-16,2026-01-17,2026-01,2026,C,Edificio C — Riverside,Booking.com,OTA,reservation,True,1,48.6,48.6,67205953,C-02
123388936,2026-01-16,2026-01-18,2026-01,2026,A,Edificio A — Urban District,Booking.com,OTA,reservation,True,2,144.0,72.0,51095208,A-01
124078046,2026-01-16,2026-01-18,2026-01,2026,B,Edificio B — City Center,Booking.com,OTA,reservation,True,2,178.0,89.0,13876885,B-01
124152991,2026-01-16,2026-01-18,2026-01,2026,D,Edificio D — Old Quarter,Booking.com,OTA,reservation,True,2,113.0,56.5,51975591,D-05
124164516,2026-01-16,2026-01-18,2026-01,2026,E,Edificio E — Budget Inn,Booking.com,OTA,reservation,True,2,75.6,37.8,47861936,E-07
124169576,2026-01-16,2026-01-18,2026-01,2026,E,Edificio E — Budget Inn,Booking.com,OTA,reservation,True,2,75.6,37.8,77933224,E-08
124169581,2026-01-16,2026-01-18,2026-01,2026,E,Edificio E — Budget Inn,Booking.com,OTA,reservation,True,2,75.6,37.8,77933224,E-04
123964566,2026-01-16,2026-01-19,2026-01,2026,E,Edificio E — Budget Inn,Booking.com,OTA,reservation,True,3,97.2,32.4,72513667,E-13
121588236,2026-01-17,2026-01-18,2026-01,2026,E,Edificio E — Budget Inn,Booking.com,OTA,reservation,True,1,34.0,34.0,32948552,E-05
123826121,2026-01-17,2026-01-18,2026-01,2026,B,Edificio B — City Center,Booking.com,OTA,reservation,True,1,89.0,89.0,10231616,B-03
123915726,2026-01-17,2026-01-18,2026-01,2026,B,Edificio B — City Center,Booking.com,OTA,reservation,True,1,101.0,101.0,27958672,B-04
123940961,2026-01-17,2026-01-18,2026-01,2026,C,Edificio C — Riverside,Booking.com,OTA,reservation,True,1,113.0,113.0,25152337,C-08
123959371,2026-01-17,2026-01-18,2026-01,2026,B,Edificio B — City Center,Booking.com,OTA,reservation,True,1,131.0,131.0,50799490,B-07
124031516,2026-01-17,2026-01-18,2026-01,2026,C,Edificio C — Riverside,Booking.com,OTA,reservation,True,1,96.3,96.3,35011634,C-03
124081856,2026-01-17,2026-01-18,2026-01,2026,B,Edificio B — City Center,Booking.com,OTA,reservation,True,1,101.0,101.0,15191875,B-08
124088821,2026-01-17,2026-01-18,2026-01,2026,C,Edificio C — Riverside,Booking.com,OTA,reservation,True,1,113.0,113.0,17309850,C-05
124098096,2026-01-17,2026-01-18,2026-01,2026,E,Edificio E — Budget Inn,Booking.com,OTA,reservation,True,1,32.4,32.4,57634555,E-12
124150526,2026-01-17,2026-01-18,2026-01,2026,B,Edificio B — City Center,Booking.com,OTA,reservation,True,1,89.0,89.0,10289572,B-05
124171201,2026-01-17,2026-01-18,2026-01,2026,E,Edificio E — Budget Inn,Booking.com,OTA,reservation,True,1,37.8,37.8,73970614,E-09
124176011,2026-01-17,2026-01-18,2026-01,2026,C,Edificio C — Riverside,Booking.com,OTA,reservation,True,1,53.1,53.1,85115575,C-02
124204761,2026-01-17,2026-01-18,2026-01,2026,E,Edificio E — Budget Inn,Booking.com,OTA,reservation,True,1,37.8,37.8,23099789,E-02
124204861,2026-01-17,2026-01-18,2026-01,2026,B,Edificio B — City Center,Booking.com,OTA,reservation,True,1,95.0,95.0,41683875,B-06
124206221,2026-01-17,2026-01-18,2026-01,2026,D,Edificio D — Old Quarter,Booking.com,OTA,reservation,True,1,107.0,107.0,15507364,D-02
124225816,2026-01-17,2026-01-18,2026-01,2026,C,Edificio C — Riverside,Booking.com,OTA,reservation,True,1,65.0,65.0,30040658,C-04
124237841,2026-01-17,2026-01-18,2026-01,2026,C,Edificio C — Riverside,Direct booking,Directo,modification of booking,False,1,60.0,60.0,84386804,C-06
124238696,2026-01-17,2026-01-18,2026-01,2026,C,Edificio C — Riverside,Website,Directo,reservation,True,1,55.0,55.0,61641157,C-07
124258051,2026-01-17,2026-01-18,2026-01,2026,E,Edificio E — Budget Inn,Booking.com,OTA,reservation,True,1,32.4,32.4,70607615,E-03
124267371,2026-01-17,2026-01-18,2026-01,2026,D,Edificio D — Old Quarter,Booking.com,OTA,reservation,True,1,66.0,66.0,87655507,D-07
124288496,2026-01-17,2026-01-18,2026-01,2026,C,Edificio C — Riverside,Booking.com,OTA,reservation,True,1,59.0,59.0,15067576,C-09
124301716,2026-01-17,2026-01-18,2026-01,2026,B,Edificio B — City Center,Direct booking,Directo,modification of booking,False,1,95.0,95.0,39355195,B-02
122286566,2026-01-17,2026-01-19,2026-01,2026,D,Edificio D — Old Quarter,Booking.com,OTA,reservation,True,2,291.6,145.8,68897334,D-04
123705836,2026-01-17,2026-01-19,2026-01,2026,A,Edificio A — Urban District,Booking.com,OTA,reservation,True,2,123.3,61.65,36497962,A-02
124176281,2026-01-17,2026-01-19,2026-01,2026,E,Edificio E — Budget Inn,Direct booking,Directo,reservation,True,2,85.0,42.5,71670349,E-11
124226731,2026-01-17,2026-01-19,2026-01,2026,D,Edificio D — Old Quarter,Booking.com,OTA,reservation,True,2,113.0,56.5,68830686,D-08
124064791,2026-01-17,2026-01-20,2026-01,2026,E,Edificio E — Budget Inn,Booking.com,OTA,modification of booking,False,3,97.2,32.4,61058123,E-10
122918186,2026-01-18,2026-01-19,2026-01,2026,E,Edificio E — Budget Inn,Booking.com,OTA,reservation,True,1,36.0,36.0,66192602,E-07
123507286,2026-01-18,2026-01-19,2026-01,2026,E,Edificio E — Budget Inn,Booking.com,OTA,reservation,True,1,30.0,30.0,75389844,E-08
124020121,2026-01-18,2026-01-19,2026-01,2026,D,Edificio D — Old Quarter,Booking.com,OTA,reservation,True,1,77.0,77.0,12705940,D-02
124041656,2026-01-18,2026-01-19,2026-01,2026,B,Edificio B — City Center,Booking.com,OTA,reservation,True,1,83.0,83.0,22069578,B-05
124212211,2026-01-18,2026-01-19,2026-01,2026,E,Edificio E — Budget Inn,Booking.com,OTA,reservation,True,1,21.6,21.6,80690934,E-06
124277276,2026-01-18,2026-01-19,2026-01,2026,B,Edificio B — City Center,Direct booking,Directo,reservation,True,1,60.0,60.0,48546586,B-09
124278871,2026-01-18,2026-01-19,2026-01,2026,A,Edificio A — Urban District,Booking.com,OTA,reservation,True,1,37.8,37.8,41052798,A-01
124297416,2026-01-18,2026-01-19,2026-01,2026,B,Edificio B — City Center,Direct booking,Directo,modification of booking,False,1,75.0,75.0,77875186,B-03
124320666,2026-01-18,2026-01-19,2026-01,2026,E,Edificio E — Budget Inn,Booking.com,OTA,reservation,True,1,21.6,21.6,87727494,E-05
124326056,2026-01-18,2026-01-19,2026-01,2026,C,Edificio C — Riverside,Booking.com,OTA,reservation,True,1,59.0,59.0,74290386,C-06
124331736,2026-01-18,2026-01-19,2026-01,2026,B,Edificio B — City Center,Booking.com,OTA,reservation,True,1,77.0,77.0,91171686,B-07
124355551,2026-01-18,2026-01-19,2026-01,2026,B,Edificio B — City Center,Direct booking,Directo,reservation,True,1,80.0,80.0,44090777,B-08
124366681,2026-01-18,2026-01-19,2026-01,2026,E,Edificio E — Budget Inn,Booking.com,OTA,reservation,True,1,27.0,27.0,87942858,E-02
124375966,2026-01-18,2026-01-19,2026-01,2026,E,Edificio E — Budget Inn,Booking.com,OTA,reservation,True,1,27.0,27.0,15446911,E-04
124413671,2026-01-18,2026-01-19,2026-01,2026,E,Edificio E — Budget Inn,Booking.com,OTA,reservation,True,1,27.0,27.0,20526672,E-09
123457961,2026-01-18,2026-01-20,2026-01,2026,B,Edificio B — City Center,Booking.com,OTA,reservation,True,2,142.0,71.0,20749509,B-04
124348911,2026-01-18,2026-01-20,2026-01,2026,E,Edificio E — Budget Inn,Booking.com,OTA,reservation,True,2,43.2,21.6,40292662,E-03
124354751,2026-01-18,2026-01-20,2026-01,2026,B,Edificio B — City Center,Booking.com,OTA,reservation,True,2,118.0,59.0,86886651,B-02
119345166,2026-01-18,2026-01-21,2026-01,2026,E,Edificio E — Budget Inn,Booking.com,OTA,cancellation,False,3,84.0,28.0,80174190,E-12
124131861,2026-01-18,2026-01-21,2026-01,2026,E,Edificio E — Budget Inn,Direct booking,Directo,cancellation,False,3,70.0,23.33333333333333,50031122,E-06
123823716,2026-01-18,2026-01-22,2026-01,2026,C,Edificio C — Riverside,Booking.com,OTA,reservation,True,4,236.0,59.0,73771568,C-04
123617831,2026-01-18,2026-01-23,2026-01,2026,E,Edificio E — Budget Inn,Booking.com,OTA,reservation,True,5,150.0,30.0,85698988,E-12
124040681,2026-01-18,2026-01-23,2026-01,2026,E,Edificio E — Budget Inn,Direct booking,Directo,reservation,True,5,120.0,24.0,66163000,E-01
122768076,2026-01-19,2026-01-20,2026-01,2026,C,Edificio C — Riverside,Booking.com,OTA,modification of booking,False,1,74.7,74.7,12925615,C-05
123253366,2026-01-19,2026-01-20,2026-01,2026,E,Edificio E — Budget Inn,Booking.com,OTA,reservation,True,1,24.0,24.0,66269257,E-13
124196446,2026-01-19,2026-01-20,2026-01,2026,E,Edificio E — Budget Inn,Booking.com,OTA,reservation,True,1,24.0,24.0,13510511,E-08
124209176,2026-01-19,2026-01-20,2026-01,2026,B,Edificio B — City Center,Booking.com,OTA,reservation,True,1,89.0,89.0,22183705,B-05
124213656,2026-01-19,2026-01-20,2026-01,2026,E,Edificio E — Budget Inn,Booking.com,OTA,reservation,True,1,24.0,24.0,48072478,E-14
124218371,2026-01-19,2026-01-20,2026-01,2026,C,Edificio C — Riverside,Booking.com,OTA,reservation,True,1,54.0,54.0,49647080,C-08
124226071,2026-01-19,2026-01-20,2026-01,2026,C,Edificio C — Riverside,Booking.com,OTA,reservation,True,1,59.0,59.0,55544296,C-06
124398446,2026-01-19,2026-01-20,2026-01,2026,C,Edificio C — Riverside,Booking.com,OTA,reservation,True,1,54.0,54.0,69056215,C-09
124531041,2026-01-19,2026-01-20,2026-01,2026,E,Edificio E — Budget Inn,Booking.com,OTA,reservation,True,1,21.6,21.6,70607615,E-05
124538031,2026-01-19,2026-01-20,2026-01,2026,E,Edificio E — Budget Inn,Booking.com,OTA,reservation,True,1,27.0,27.0,50958856,E-11
124569686,2026-01-19,2026-01-20,2026-01,2026,E,Edificio E — Budget Inn,Direct booking,Directo,reservation,True,1,27.0,27.0,32454357,E-04
124573856,2026-01-19,2026-01-21,2026-01,2026,C,Edificio C — Riverside,Website,Directo,reservation,True,2,95.0,47.5,38092645,C-07
122710586,2026-01-19,2026-01-22,2026-01,2026,A,Edificio A — Urban District,Booking.com,OTA,reservation,True,3,150.3,50.1,62008429,A-01
122711046,2026-01-19,2026-01-22,2026-01,2026,B,Edificio B — City Center,Website,Directo,modification of booking,False,3,210.0,70.0,31025761,B-08
123267576,2026-01-19,2026-01-22,2026-01,2026,A,Edificio A — Urban District,Booking.com,OTA,reservation,True,3,159.3,53.1,57164060,A-02
124526616,2026-01-19,2026-01-22,2026-01,2026,E,Edificio E — Budget Inn,Booking.com,OTA,reservation,True,3,81.0,27.0,20271175,E-07
124177481,2026-01-19,2026-01-23,2026-01,2026,C,Edificio C — Riverside,Booking.com,OTA,reservation,True,4,194.4,48.6,29670723,C-02
121133066,2026-01-19,2026-01-25,2026-01,2026,E,Edificio E — Budget Inn,Booking.com,OTA,cancellation,False,6,180.0,30.0,40429381,E-03
123379471,2026-01-20,2026-01-21,2026-01,2026,B,Edificio B — City Center,Booking.com,OTA,reservation,True,1,155.0,155.0,64516914,B-05
123523711,2026-01-20,2026-01-21,2026-01,2026,OTRO,Otros,Direct booking,Directo,reservation,True,1,25.0,25.0,62952257,OTRO-01
123546666,2026-01-20,2026-01-21,2026-01,2026,B,Edificio B — City Center,Booking.com,OTA,reservation,True,1,71.0,71.0,86375628,B-03
124542116,2026-01-20,2026-01-21,2026-01,2026,E,Edificio E — Budget Inn,Booking.com,OTA,reservation,True,1,27.0,27.0,25205730,E-11
124655441,2026-01-20,2026-01-21,2026-01,2026,B,Edificio B — City Center,Direct booking,Directo,reservation,True,1,52.0,52.0,34445043,B-01
124655781,2026-01-20,2026-01-21,2026-01,2026,E,Edificio E — Budget Inn,Booking.com,OTA,reservation,True,1,21.6,21.6,38433782,E-14
124669206,2026-01-20,2026-01-21,2026-01,2026,E,Edificio E — Budget Inn,Airbnb,OTA,reservation,True,1,30.0,30.0,61459088,E-04
124669511,2026-01-20,2026-01-21,2026-01,2026,B,Edificio B — City Center,Airbnb,OTA,reservation,True,1,66.0,66.0,35808833,B-09
124697716,2026-01-20,2026-01-21,2026-01,2026,C,Edificio C — Riverside,Booking.com,OTA,reservation,True,1,48.0,48.0,51391867,C-05
124706781,2026-01-20,2026-01-21,2026-01,2026,B,Edificio B — City Center,Booking.com,OTA,reservation,True,1,48.0,48.0,48159483,B-02
120949911,2026-01-20,2026-01-22,2026-01,2026,E,Edificio E — Budget Inn,Booking.com,OTA,reservation,True,2,56.0,28.0,43826930,E-05
123915571,2026-01-20,2026-01-22,2026-01,2026,E,Edificio E — Budget Inn,Airbnb,OTA,reservation,True,2,48.0,24.0,82742617,E-13
124181506,2026-01-20,2026-01-22,2026-01,2026,C,Edificio C — Riverside,Booking.com,OTA,reservation,True,2,118.0,59.0,18478004,C-08
124185181,2026-01-20,2026-01-22,2026-01,2026,OTRO,Otros,Direct booking,Directo,reservation,True,2,50.0,25.0,33892070,OTRO-02
124550316,2026-01-20,2026-01-22,2026-01,2026,E,Edificio E — Budget Inn,Airbnb,OTA,reservation,True,2,54.0,27.0,32925234,E-06
124559961,2026-01-20,2026-01-22,2026-01,2026,E,Edificio E — Budget Inn,Booking.com,OTA,reservation,True,2,43.2,21.6,40292662,E-03
124532396,2026-01-20,2026-01-23,2026-01,2026,B,Edificio B — City Center,Booking.com,OTA,reservation,True,3,189.0,63.0,33506666,B-04
124631261,2026-01-20,2026-01-23,2026-01,2026,E,Edificio E — Budget Inn,Booking.com,OTA,reservation,True,3,81.0,27.0,64681765,E-02
124665886,2026-01-20,2026-01-24,2026-01,2026,D,Edificio D — Old Quarter,Booking.com,OTA,reservation,True,4,185.0,46.25,49913539,D-07
124666021,2026-01-20,2026-01-26,2026-01,2026,D,Edificio D — Old Quarter,Direct booking,Directo,modification of booking,False,6,295.0,49.16666666666666,92082734,D-08
124615186,2026-01-21,2026-01-22,2026-01,2026,E,Edificio E — Budget Inn,Booking.com,OTA,reservation,True,1,24.0,24.0,32547443,E-14
124658771,2026-01-21,2026-01-22,2026-01,2026,C,Edificio C — Riverside,Direct booking,Directo,modification of booking,False,1,50.0,50.0,56626166,C-06
124713411,2026-01-21,2026-01-22,2026-01,2026,E,Edificio E — Budget Inn,Booking.com,OTA,reservation,True,1,30.0,30.0,43907664,E-08
124747731,2026-01-21,2026-01-22,2026-01,2026,B,Edificio B — City Center,Website,Directo,reservation,True,1,50.0,50.0,14912808,B-01
124764326,2026-01-21,2026-01-22,2026-01,2026,C,Edificio C — Riverside,Booking.com,OTA,reservation,True,1,43.2,43.2,37304817,C-03
124814286,2026-01-21,2026-01-22,2026-01,2026,B,Edificio B — City Center,Direct booking,Directo,reservation,True,1,60.0,60.0,86046068,B-07
124823296,2026-01-21,2026-01-22,2026-01,2026,E,Edificio E — Budget Inn,Direct booking,Directo,cancellation,False,1,35.0,35.0,18885467,E-11
124824311,2026-01-21,2026-01-22,2026-01,2026,E,Edificio E — Budget Inn,Booking.com,OTA,reservation,True,1,27.0,27.0,20526672,E-04
124831071,2026-01-21,2026-01-22,2026-01,2026,B,Edificio B — City Center,Booking.com,OTA,reservation,True,1,48.0,48.0,40644476,B-06
124854626,2026-01-21,2026-01-22,2026-01,2026,B,Edificio B — City Center,Booking.com,OTA,reservation,True,1,48.0,48.0,35215344,B-03
120965461,2026-01-21,2026-01-23,2026-01,2026,E,Edificio E — Budget Inn,Booking.com,OTA,reservation,True,2,60.0,30.0,51787030,E-09
122955026,2026-01-21,2026-01-23,2026-01,2026,C,Edificio C — Riverside,Direct booking,Directo,cancellation,False,2,140.0,70.0,92141513,C-05
122958166,2026-01-21,2026-01-23,2026-01,2026,C,Edificio C — Riverside,Booking.com,OTA,reservation,True,2,130.0,65.0,12686842,C-07
123961581,2026-01-21,2026-01-23,2026-01,2026,C,Edificio C — Riverside,Booking.com,OTA,reservation,True,2,118.0,59.0,17865317,C-05
124839661,2026-01-21,2026-01-24,2026-01,2026,B,Edificio B — City Center,Booking.com,OTA,reservation,True,3,173.0,57.66666666666666,27211981,B-02
123018731,2026-01-22,2026-01-23,2026-01,2026,C,Edificio C — Riverside,Booking.com,OTA,reservation,True,1,65.0,65.0,62056553,C-08
124028821,2026-01-22,2026-01-23,2026-01,2026,C,Edificio C — Riverside,Booking.com,OTA,reservation,True,1,59.0,59.0,84045789,C-06
124135341,2026-01-22,2026-01-23,2026-01,2026,B,Edificio B — City Center,Booking.com,OTA,cancellation,False,1,95.0,95.0,28607435,B-05
124819406,2026-01-22,2026-01-23,2026-01,2026,D,Edificio D — Old Quarter,Booking.com,OTA,reservation,True,1,54.0,54.0,35650980,D-05
124834016,2026-01-22,2026-01-23,2026-01,2026,E,Edificio E — Budget Inn,Booking.com,OTA,reservation,True,1,27.0,27.0,56831579,E-11
124838466,2026-01-22,2026-01-23,2026-01,2026,A,Edificio A — Urban District,Booking.com,OTA,reservation,True,1,43.2,43.2,82230533,A-02
124859191,2026-01-22,2026-01-23,2026-01,2026,E,Edificio E — Budget Inn,Direct booking,Directo,cancellation,False,1,47.0,47.0,36725672,E-08
124906216,2026-01-22,2026-01-23,2026-01,2026,B,Edificio B — City Center,Direct booking,Directo,modification of booking,False,1,60.0,60.0,61815815,B-07
124921086,2026-01-22,2026-01-23,2026-01,2026,E,Edificio E — Budget Inn,Booking.com,OTA,reservation,True,1,21.6,21.6,16296537,E-13
124937846,2026-01-22,2026-01-23,2026-01,2026,B,Edificio B — City Center,Booking.com,OTA,reservation,True,1,59.0,59.0,42417258,B-01
124958776,2026-01-22,2026-01-23,2026-01,2026,E,Edificio E — Budget Inn,Booking.com,OTA,reservation,True,1,21.6,21.6,72513667,E-14
124965686,2026-01-22,2026-01-23,2026-01,2026,E,Edificio E — Budget Inn,Booking.com,OTA,reservation,True,1,27.0,27.0,91460576,E-07
124180416,2026-01-22,2026-01-24,2026-01,2026,E,Edificio E — Budget Inn,Booking.com,OTA,reservation,True,2,72.0,36.0,79560437,E-03
124934251,2026-01-22,2026-01-24,2026-01,2026,E,Edificio E — Budget Inn,Direct booking,Directo,cancellation,False,2,50.0,25.0,30502032,E-08
124961181,2026-01-22,2026-01-24,2026-01,2026,E,Edificio E — Budget Inn,Direct booking,Directo,reservation,True,2,50.0,25.0,37573990,E-08
124918141,2026-01-22,2026-01-25,2026-01,2026,B,Edificio B — City Center,Booking.com,OTA,reservation,True,3,214.0,71.33333333333333,18307659,B-06
121706471,2026-01-22,2026-01-26,2026-01,2026,E,Edificio E — Budget Inn,Booking.com,OTA,cancellation,False,4,124.0,31.0,55243696,E-06
121710566,2026-01-22,2026-01-26,2026-01,2026,E,Edificio E — Budget Inn,Booking.com,OTA,modification of booking,False,4,178.0,44.5,57068416,E-10
122043296,2026-01-23,2026-01-24,2026-01,2026,E,Edificio E — Budget Inn,Booking.com,OTA,modification of booking,False,1,34.0,34.0,38171005,E-01
124060401,2026-01-23,2026-01-24,2026-01,2026,B,Edificio B — City Center,Booking.com,OTA,reservation,True,1,178.0,178.0,84623972,B-05
124864986,2026-01-23,2026-01-24,2026-01,2026,A,Edificio A — Urban District,Booking.com,OTA,reservation,True,1,53.1,53.1,57574091,A-01
124924651,2026-01-23,2026-01-24,2026-01,2026,C,Edificio C — Riverside,Booking.com,OTA,reservation,True,1,77.0,77.0,14139331,C-05
124925331,2026-01-23,2026-01-24,2026-01,2026,E,Edificio E — Budget Inn,Booking.com,OTA,reservation,True,1,37.8,37.8,54866290,E-09
124936271,2026-01-23,2026-01-24,2026-01,2026,B,Edificio B — City Center,Booking.com,OTA,reservation,True,1,83.0,83.0,47898658,B-07
125095306,2026-01-23,2026-01-24,2026-01,2026,E,Edificio E — Budget Inn,Booking.com,OTA,reservation,True,1,27.0,27.0,82590384,E-13
125095896,2026-01-23,2026-01-24,2026-01,2026,E,Edificio E — Budget Inn,Booking.com,OTA,reservation,True,1,32.4,32.4,72522079,E-02
123883576,2026-01-23,2026-01-25,2026-01,2026,D,Edificio D — Old Quarter,Airbnb,OTA,reservation,True,2,352.0,176.0,18610600,D-02
124397646,2026-01-23,2026-01-25,2026-01,2026,D,Edificio D — Old Quarter,Booking.com,OTA,reservation,True,2,264.0,132.0,22634619,D-04
124448251,2026-01-23,2026-01-25,2026-01,2026,D,Edificio D — Old Quarter,Booking.com,OTA,reservation,True,2,264.0,132.0,81263785,D-03
124827466,2026-01-23,2026-01-25,2026-01,2026,C,Edificio C — Riverside,Booking.com,OTA,reservation,True,2,149.4,74.7,91330039,C-03
124899096,2026-01-23,2026-01-25,2026-01,2026,B,Edificio B — City Center,Booking.com,OTA,reservation,True,2,172.0,86.0,96441570,B-01
124966676,2026-01-23,2026-01-25,2026-01,2026,B,Edificio B — City Center,Booking.com,OTA,reservation,True,2,160.0,80.0,29450067,B-03
124977636,2026-01-23,2026-01-25,2026-01,2026,E,Edificio E — Budget Inn,Booking.com,OTA,modification of booking,False,2,64.8,32.4,72513667,E-14
125099601,2026-01-23,2026-01-25,2026-01,2026,C,Edificio C — Riverside,Booking.com,OTA,reservation,True,2,160.0,80.0,30065731,C-04
121033226,2026-01-23,2026-01-26,2026-01,2026,E,Edificio E — Budget Inn,Booking.com,OTA,reservation,True,3,96.0,32.0,85997415,E-05
124781081,2026-01-23,2026-01-26,2026-01,2026,E,Edificio E — Budget Inn,Booking.com,OTA,reservation,True,3,97.2,32.4,59993720,E-06
124905856,2026-01-23,2026-01-26,2026-01,2026,B,Edificio B — City Center,Direct booking,Directo,modification of booking,False,3,190.0,63.333333333333336,65859296,B-04
124952816,2026-01-23,2026-01-27,2026-01,2026,E,Edificio E — Budget Inn,Booking.com,OTA,reservation,True,4,140.4,35.1,46983625,E-04
124959266,2026-01-23,2026-01-27,2026-01,2026,C,Edificio C — Riverside,Booking.com,OTA,reservation,True,4,224.1,56.025,12680860,C-02
124621241,2026-01-23,2026-02-01,2026-01,2026,A,Edificio A — Urban District,Booking.com,OTA,reservation,True,9,549.0,61.0,80913348,A-02
118669476,2026-01-24,2026-01-25,2026-01,2026,E,Edificio E — Budget Inn,Booking.com,OTA,cancellation,False,1,48.0,48.0,32948552,E-02
119034431,2026-01-24,2026-01-25,2026-01,2026,E,Edificio E — Budget Inn,Booking.com,OTA,reservation,True,1,34.0,34.0,17365041,E-12
125426856,2026-01-28,2026-01-29,2026-01,2026,D,Edificio D — Old Quarter,Booking.com,OTA,reservation,True,1,107.0,107.0,60175758,D-03
125429361,2026-01-28,2026-01-29,2026-01,2026,E,Edificio E — Budget Inn,Booking.com,OTA,reservation,True,1,24.0,24.0,86206148,E-05
125489026,2026-01-28,2026-01-29,2026-01,2026,E,Edificio E — Budget Inn,Booking.com,OTA,reservation,True,1,27.0,27.0,47680580,E-11
125723446,2026-01-28,2026-01-29,2026-01,2026,E,Edificio E — Budget Inn,Direct booking,Directo,reservation,True,1,22.0,22.0,17941003,E-06
125746826,2026-01-28,2026-01-29,2026-01,2026,B,Edificio B — City Center,Booking.com,OTA,reservation,True,1,65.0,65.0,51347769,B-06
125749746,2026-01-28,2026-01-29,2026-01,2026,B,Edificio B — City Center,Booking.com,OTA,reservation,True,1,65.0,65.0,38554705,B-09
125123661,2026-01-28,2026-01-30,2026-01,2026,C,Edificio C — Riverside,Booking.com,OTA,reservation,True,2,118.0,59.0,82036583,C-09
125176331,2026-01-28,2026-01-30,2026-01,2026,OTRO,Otros,Direct booking,Directo,modification of booking,False,2,50.0,25.0,44866060,OTRO-02
125454441,2026-01-28,2026-01-30,2026-01,2026,E,Edificio E — Budget Inn,Booking.com,OTA,reservation,True,2,54.0,27.0,17467307,E-02
123146581,2026-01-28,2026-01-31,2026-01,2026,E,Edificio E — Budget Inn,Airbnb,OTA,reservation,True,3,125.0,41.66666666666666,15516387,E-13
125080796,2026-01-28,2026-01-31,2026-01,2026,C,Edificio C — Riverside,Booking.com,OTA,reservation,True,3,225.0,75.0,29670723,C-05
119619516,2026-01-29,2026-01-30,2026-01,2026,E,Edificio E — Budget Inn,Booking.com,OTA,cancellation,False,1,28.0,28.0,54256694,E-05
124829871,2026-01-29,2026-01-30,2026-01,2026,E,Edificio E — Budget Inn,Booking.com,OTA,reservation,True,1,24.0,24.0,80095785,E-06
125135421,2026-01-29,2026-01-30,2026-01,2026,E,Edificio E — Budget Inn,Airbnb,OTA,reservation,True,1,30.0,30.0,85041491,E-04
125480131,2026-01-29,2026-01-30,2026-01,2026,B,Edificio B — City Center,Website,Directo,reservation,True,1,55.0,55.0,81362129,B-01
125680526,2026-01-29,2026-01-30,2026-01,2026,A,Edificio A — Urban District,Booking.com,OTA,reservation,True,1,43.2,43.2,15672883,A-01
125699296,2026-01-29,2026-01-30,2026-01,2026,C,Edificio C — Riverside,Booking.com,OTA,reservation,True,1,54.0,54.0,74551709,C-08
125779146,2026-01-29,2026-01-30,2026-01,2026,C,Edificio C — Riverside,Booking.com,OTA,reservation,True,1,48.6,48.6,46055772,C-02
125855356,2026-01-29,2026-01-30,2026-01,2026,B,Edificio B — City Center,Direct booking,Directo,modification of booking,False,1,61.0,61.0,31049057,B-09
125863281,2026-01-29,2026-01-30,2026-01,2026,E,Edificio E — Budget Inn,Airbnb,OTA,reservation,True,1,24.0,24.0,27747787,E-05
125867191,2026-01-29,2026-01-30,2026-01,2026,E,Edificio E — Budget Inn,Booking.com,OTA,reservation,True,1,24.0,24.0,54933528,E-14
125899781,2026-01-29,2026-01-30,2026-01,2026,E,Edificio E — Budget Inn,Booking.com,OTA,reservation,True,1,30.0,30.0,38288589,E-11
125909516,2026-01-29,2026-01-30,2026-01,2026,E,Edificio E — Budget Inn,Booking.com,OTA,reservation,True,1,24.0,24.0,50032423,E-03
125051681,2026-01-29,2026-01-31,2026-01,2026,D,Edificio D — Old Quarter,Booking.com,OTA,reservation,True,2,220.8,110.4,55892664,D-04
125711736,2026-01-29,2026-01-31,2026-01,2026,C,Edificio C — Riverside,Booking.com,OTA,reservation,True,2,131.0,65.5,20803558,C-04
125780516,2026-01-29,2026-01-31,2026-01,2026,B,Edificio B — City Center,Booking.com,OTA,reservation,True,2,166.0,83.0,37841698,B-05
122118321,2026-01-29,2026-02-01,2026-01,2026,E,Edificio E — Budget Inn,Booking.com,OTA,cancellation,False,3,137.0,45.66666666666666,30252425,E-10
125358686,2026-01-29,2026-02-01,2026-01,2026,B,Edificio B — City Center,Booking.com,OTA,reservation,True,3,255.0,85.0,40060695,B-04
125531681,2026-01-29,2026-02-01,2026-01,2026,D,Edificio D — Old Quarter,Booking.com,OTA,reservation,True,3,172.0,57.333333333333336,59514644,D-07
125854631,2026-01-29,2026-02-01,2026-01,2026,E,Edificio E — Budget Inn,Booking.com,OTA,reservation,True,3,132.0,44.0,71636929,E-10
125534541,2026-01-29,2026-02-05,2026-01,2026,D,Edificio D — Old Quarter,Booking.com,OTA,reservation,True,7,418.0,59.71428571428572,43247489,D-08
122425426,2026-01-30,2026-01-31,2026-01,2026,E,Edificio E — Budget Inn,Booking.com,OTA,reservation,True,1,34.0,34.0,62195173,E-12
122620116,2026-01-30,2026-01-31,2026-01,2026,E,Edificio E — Budget Inn,Booking.com,OTA,cancellation,False,1,34.0,34.0,65033473,E-06
125284791,2026-01-30,2026-01-31,2026-01,2026,C,Edificio C — Riverside,Booking.com,OTA,reservation,True,1,80.1,80.1,91443708,C-03
125479871,2026-01-30,2026-01-31,2026-01,2026,A,Edificio A — Urban District,Booking.com,OTA,cancellation,False,1,53.1,53.1,52067141,A-01
125819816,2026-01-30,2026-01-31,2026-01,2026,B,Edificio B — City Center,Booking.com,OTA,reservation,True,1,83.0,83.0,20770286,B-08
125862221,2026-01-30,2026-01-31,2026-01,2026,E,Edificio E — Budget Inn,Booking.com,OTA,reservation,True,1,36.0,36.0,72513667,E-05
125955006,2026-01-30,2026-01-31,2026-01,2026,C,Edificio C — Riverside,Booking.com,OTA,reservation,True,1,71.0,71.0,91938444,C-06
125979741,2026-01-30,2026-01-31,2026-01,2026,B,Edificio B — City Center,Direct booking,Directo,modification of booking,False,1,61.0,61.0,36848636,B-09
125980806,2026-01-30,2026-01-31,2026-01,2026,B,Edificio B — City Center,Booking.com,OTA,reservation,True,1,65.0,65.0,80126511,B-06
125985166,2026-01-30,2026-01-31,2026-01,2026,E,Edificio E — Budget Inn,Booking.com,OTA,reservation,True,1,30.0,30.0,63025270,E-14
125996241,2026-01-30,2026-01-31,2026-01,2026,OTRO,Otros,Direct booking,Directo,reservation,True,1,25.0,25.0,47392426,OTRO-01
126003821,2026-01-30,2026-01-31,2026-01,2026,C,Edificio C — Riverside,Booking.com,OTA,reservation,True,1,65.0,65.0,54254532,C-08
126011646,2026-01-30,2026-01-31,2026-01,2026,E,Edificio E — Budget Inn,Booking.com,OTA,reservation,True,1,30.0,30.0,72722089,E-06
126025871,2026-01-30,2026-01-31,2026-01,2026,B,Edificio B — City Center,Booking.com,OTA,reservation,True,1,65.0,65.0,15038607,B-03
126028001,2026-01-30,2026-01-31,2026-01,2026,A,Edificio A — Urban District,Booking.com,OTA,reservation,True,1,48.6,48.6,38252868,A-01
126039821,2026-01-30,2026-01-31,2026-01,2026,B,Edificio B — City Center,Booking.com,OTA,reservation,True,1,59.0,59.0,68716659,B-02
118392256,2026-01-30,2026-02-01,2026-01,2026,B,Edificio B — City Center,Booking.com,OTA,cancellation,False,2,444.0,222.0,26926224,B-07
124991236,2026-01-30,2026-02-01,2026-01,2026,D,Edificio D — Old Quarter,Booking.com,OTA,reservation,True,2,190.0,95.0,67409118,D-05
125095051,2026-01-30,2026-02-01,2026-01,2026,D,Edificio D — Old Quarter,Booking.com,OTA,reservation,True,2,271.2,135.6,46014582,D-01
125844606,2026-01-30,2026-02-01,2026-01,2026,C,Edificio C — Riverside,Booking.com,OTA,reservation,True,2,148.0,74.0,83179620,C-07
123012831,2026-01-30,2026-02-02,2026-01,2026,B,Edificio B — City Center,Booking.com,OTA,cancellation,False,3,793.2,264.40000000000003,74479293,B-05
125204036,2026-01-30,2026-02-02,2026-01,2026,B,Edificio B — City Center,Booking.com,OTA,reservation,True,3,279.0,93.0,34727027,B-01
125857461,2026-01-30,2026-02-02,2026-01,2026,C,Edificio C — Riverside,Booking.com,OTA,reservation,True,3,190.0,63.333333333333336,51839862,C-09
125872761,2026-01-30,2026-02-02,2026-01,2026,E,Edificio E — Budget Inn,Booking.com,OTA,reservation,True,3,132.0,44.0,46983625,E-02
126020406,2026-01-30,2026-02-02,2026-01,2026,E,Edificio E — Budget Inn,Booking.com,OTA,reservation,True,3,90.0,30.0,80000942,E-03
123055406,2026-01-30,2026-02-03,2026-01,2026,E,Edificio E — Budget Inn,Booking.com,OTA,cancellation,False,4,178.0,44.5,19469588,E-08
125315911,2026-01-30,2026-02-03,2026-01,2026,C,Edificio C — Riverside,Booking.com,OTA,reservation,True,4,251.1,62.775,68441020,C-02
119928396,2026-01-30,2026-02-05,2026-01,2026,E,Edificio E — Budget Inn,Booking.com,OTA,cancellation,False,6,180.0,30.0,43831554,E-05
121287246,2026-01-31,2026-02-01,2026-01,2026,E,Edificio E — Budget Inn,Booking.com,OTA,cancellation,False,1,34.0,34.0,15069285,E-12
121287251,2026-01-31,2026-02-01,2026-01,2026,E,Edificio E — Budget Inn,Booking.com,OTA,cancellation,False,1,48.0,48.0,15069285,E-11
122081486,2026-01-31,2026-02-01,2026-01,2026,E,Edificio E — Budget Inn,Booking.com,OTA,reservation,True,1,34.0,34.0,68208510,E-06
123918251,2026-01-31,2026-02-01,2026-01,2026,E,Edificio E — Budget Inn,Booking.com,OTA,reservation,True,1,48.0,48.0,37296817,E-07
124278756,2026-01-31,2026-02-01,2026-01,2026,E,Edificio E — Budget Inn,Booking.com,OTA,reservation,True,1,48.0,48.0,30092324,E-09
124910226,2026-01-31,2026-02-01,2026-01,2026,B,Edificio B — City Center,Booking.com,OTA,reservation,True,1,201.0,201.0,58799898,B-05
125196101,2026-01-31,2026-02-01,2026-01,2026,A,Edificio A — Urban District,Booking.com,OTA,cancellation,False,1,69.3,69.3,31273510,A-01
125242226,2026-01-31,2026-02-01,2026-01,2026,B,Edificio B — City Center,Booking.com,OTA,reservation,True,1,113.0,113.0,10231616,B-02
125310356,2026-01-31,2026-02-01,2026-01,2026,D,Edificio D — Old Quarter,Booking.com,OTA,reservation,True,1,113.0,113.0,55981483,D-03
125366516,2026-01-31,2026-02-01,2026-01,2026,D,Edificio D — Old Quarter,Booking.com,OTA,reservation,True,1,125.0,125.0,57285482,D-02
125427636,2026-01-31,2026-02-01,2026-01,2026,D,Edificio D — Old Quarter,Booking.com,OTA,reservation,True,1,113.0,113.0,80352330,D-04
125513181,2026-01-31,2026-02-01,2026-01,2026,B,Edificio B — City Center,Booking.com,OTA,reservation,True,1,101.0,101.0,59297415,B-06
125513186,2026-01-31,2026-02-01,2026-01,2026,B,Edificio B — City Center,Booking.com,OTA,reservation,True,1,89.0,89.0,59297415,B-09
125513191,2026-01-31,2026-02-01,2026-01,2026,B,Edificio B — City Center,Booking.com,OTA,reservation,True,1,89.0,89.0,59297415,B-03
125516386,2026-01-31,2026-02-01,2026-01,2026,B,Edificio B — City Center,Booking.com,OTA,reservation,True,1,107.0,107.0,54064841,B-08
125527491,2026-01-31,2026-02-01,2026-01,2026,C,Edificio C — Riverside,Booking.com,OTA,reservation,True,1,101.0,101.0,23576375,C-04
125533611,2026-01-31,2026-02-01,2026-01,2026,C,Edificio C — Riverside,Booking.com,OTA,reservation,True,1,63.9,63.9,41432371,C-03
125557791,2026-01-31,2026-02-01,2026-01,2026,C,Edificio C — Riverside,Booking.com,OTA,reservation,True,1,101.0,101.0,18912271,C-01
125679631,2026-01-31,2026-02-01,2026-01,2026,C,Edificio C — Riverside,Booking.com,OTA,reservation,True,1,77.0,77.0,40340251,C-08
125913606,2026-01-31,2026-02-01,2026-01,2026,C,Edificio C — Riverside,Direct booking,Directo,reservation,True,1,72.0,72.0,41328336,C-05
125924036,2026-01-31,2026-02-01,2026-01,2026,E,Edificio E — Budget Inn,Booking.com,OTA,reservation,True,1,42.0,42.0,80839268,E-05
125972236,2026-01-31,2026-02-01,2026-01,2026,C,Edificio C — Riverside,Direct booking,Directo,cancellation,False,1,75.0,75.0,84386804,C-06
126034516,2026-01-31,2026-02-01,2026-01,2026,C,Edificio C — Riverside,Booking.com,OTA,reservation,True,1,77.0,77.0,79226329,C-06
126050121,2026-01-31,2026-02-01,2026-01,2026,E,Edificio E — Budget Inn,Booking.com,OTA,cancellation,False,1,36.0,36.0,45223858,E-01
126050776,2026-01-31,2026-02-01,2026-01,2026,E,Edificio E — Budget Inn,Booking.com,OTA,reservation,True,1,42.0,42.0,29132734,E-13
124977381,2026-01-31,2026-02-02,2026-01,2026,E,Edificio E — Budget Inn,Booking.com,OTA,reservation,True,2,72.0,36.0,52976524,E-14
124643586,2026-01-31,2026-02-06,2026-01,2026,E,Edificio E — Budget Inn,Direct booking,Directo,reservation,True,6,350.0,58.333333333333336,88018003,E-15
125187726,2026-02-01,2026-02-02,2026-02,2026,B,Edificio B — City Center,Booking.com,OTA,reservation,True,1,71.0,71.0,60781362,B-02
125348921,2026-02-01,2026-02-02,2026-02,2026,E,Edificio E — Budget Inn,Booking.com,OTA,reservation,True,1,24.0,24.0,70245104,E-12
125410996,2026-02-01,2026-02-02,2026-02,2026,E,Edificio E — Budget Inn,Airbnb,OTA,reservation,True,1,30.0,30.0,59751097,E-04
125563291,2026-02-01,2026-02-02,2026-02,2026,E,Edificio E — Budget Inn,Booking.com,OTA,reservation,True,1,30.0,30.0,20262043,E-09
125684006,2026-02-01,2026-02-02,2026-02,2026,B,Edificio B — City Center,Booking.com,OTA,reservation,True,1,71.0,71.0,80325333,B-06
125750366,2026-02-01,2026-02-02,2026-02,2026,E,Edificio E — Budget Inn,Booking.com,OTA,reservation,True,1,24.0,24.0,49342243,E-01
125826696,2026-02-01,2026-02-02,2026-02,2026,E,Edificio E — Budget Inn,Booking.com,OTA,reservation,True,1,24.0,24.0,72191192,E-05
126048131,2026-02-01,2026-02-02,2026-02,2026,E,Edificio E — Budget Inn,Booking.com,OTA,reservation,True,1,30.0,30.0,48117188,E-07
126067231,2026-02-01,2026-02-02,2026-02,2026,E,Edificio E — Budget Inn,Airbnb,OTA,reservation,True,1,30.0,30.0,15363882,E-13
126155506,2026-02-01,2026-02-02,2026-02,2026,D,Edificio D — Old Quarter,Direct booking,Directo,reservation,True,1,55.0,55.0,66763146,D-07
126189301,2026-02-01,2026-02-02,2026-02,2026,E,Edificio E — Budget Inn,Booking.com,OTA,cancellation,False,1,30.0,30.0,17062763,E-11
126210576,2026-02-01,2026-02-02,2026-02,2026,E,Edificio E — Budget Inn,Booking.com,OTA,reservation,True,1,30.0,30.0,13011993,E-10
126214086,2026-02-01,2026-02-02,2026-02,2026,E,Edificio E — Budget Inn,Booking.com,OTA,cancellation,False,1,30.0,30.0,63025270,E-11
126221471,2026-02-01,2026-02-02,2026-02,2026,A,Edificio A — Urban District,Booking.com,OTA,cancellation,False,1,37.8,37.8,56384437,A-01
123061526,2026-01-08,2026-01-09,2026-01,2026,B,Edificio B — City Center,Booking.com,OTA,cancellation,False,1,59.0,59.0,64639379,B-07
123077151,2026-01-08,2026-01-09,2026-01,2026,E,Edificio E — Budget Inn,Booking.com,OTA,reservation,True,1,27.0,27.0,65844350,E-04
123096046,2026-01-08,2026-01-09,2026-01,2026,E,Edificio E — Budget Inn,Booking.com,OTA,reservation,True,1,21.6,21.6,70607615,E-01
123130651,2026-01-08,2026-01-09,2026-01,2026,C,Edificio C — Riverside,Booking.com,OTA,reservation,True,1,48.0,48.0,17781230,C-07
123136041,2026-01-08,2026-01-09,2026-01,2026,E,Edificio E — Budget Inn,Booking.com,OTA,reservation,True,1,27.0,27.0,40292662,E-10
123139361,2026-01-08,2026-01-09,2026-01,2026,A,Edificio A — Urban District,Booking.com,OTA,cancellation,False,1,37.8,37.8,35641218,A-02
123142676,2026-01-08,2026-01-09,2026-01,2026,D,Edificio D — Old Quarter,Booking.com,OTA,reservation,True,1,42.0,42.0,74391592,D-07
122127871,2026-01-08,2026-01-10,2026-01,2026,C,Edificio C — Riverside,Airbnb,OTA,reservation,True,2,172.0,86.0,56226901,C-05
122923691,2026-01-08,2026-01-10,2026-01,2026,E,Edificio E — Budget Inn,Booking.com,OTA,reservation,True,2,66.0,33.0,72386284,E-05
123036561,2026-01-08,2026-01-10,2026-01,2026,E,Edificio E — Budget Inn,Booking.com,OTA,modification of booking,False,2,59.4,29.7,27267202,E-14
123079551,2026-01-08,2026-01-10,2026-01,2026,C,Edificio C — Riverside,Booking.com,OTA,reservation,True,2,125.0,62.5,24109569,C-04
122999201,2026-01-08,2026-01-11,2026-01,2026,D,Edificio D — Old Quarter,Booking.com,OTA,modification of booking,False,3,297.0,99.0,42166528,D-06
123053746,2026-01-08,2026-01-11,2026-01,2026,D,Edificio D — Old Quarter,Booking.com,OTA,modification of booking,False,3,226.0,75.33333333333333,64577648,D-08
123086386,2026-01-08,2026-01-11,2026-01,2026,OTRO,Otros,Direct booking,Directo,modification of booking,False,3,0.0,0.0,82507720,OTRO-01
122352341,2026-01-08,2026-01-12,2026-01,2026,D,Edificio D — Old Quarter,Booking.com,OTA,reservation,True,4,554.4,138.6,87839802,D-02
121199261,2026-01-09,2026-01-10,2026-01,2026,E,Edificio E — Budget Inn,Booking.com,OTA,reservation,True,1,48.0,48.0,91037188,E-08
122069796,2026-01-09,2026-01-10,2026-01,2026,E,Edificio E — Budget Inn,Booking.com,OTA,reservation,True,1,48.0,48.0,85478431,E-12
122606821,2026-01-09,2026-01-10,2026-01,2026,C,Edificio C — Riverside,Website,Directo,reservation,True,1,85.0,85.0,90775137,C-08
122653311,2026-01-09,2026-01-10,2026-01,2026,D,Edificio D — Old Quarter,Booking.com,OTA,cancellation,False,1,189.0,189.0,16306130,D-03
123185496,2026-01-09,2026-01-10,2026-01,2026,E,Edificio E — Budget Inn,Booking.com,OTA,reservation,True,1,37.8,37.8,42080236,E-13
123200641,2026-01-09,2026-01-10,2026-01,2026,D,Edificio D — Old Quarter,Booking.com,OTA,reservation,True,1,113.0,113.0,72573578,D-03
123211576,2026-01-09,2026-01-10,2026-01,2026,C,Edificio C — Riverside,Booking.com,OTA,reservation,True,1,71.0,71.0,83005157,C-06
123225051,2026-01-09,2026-01-10,2026-01,2026,E,Edificio E — Budget Inn,Booking.com,OTA,reservation,True,1,43.2,43.2,78776578,E-02
123244041,2026-01-09,2026-01-10,2026-01,2026,E,Edificio E — Budget Inn,Booking.com,OTA,reservation,True,1,43.2,43.2,72522079,E-04
123265626,2026-01-09,2026-01-10,2026-01,2026,D,Edificio D — Old Quarter,Booking.com,OTA,reservation,True,1,65.0,65.0,28184471,D-05
123280821,2026-01-09,2026-01-10,2026-01,2026,C,Edificio C — Riverside,Booking.com,OTA,reservation,True,1,63.9,63.9,16598213,C-02
114168896,2026-01-09,2026-01-11,2026-01,2026,C,Edificio C — Riverside,Booking.com,OTA,cancellation,False,2,466.56,233.28,33706942,C-03
120862091,2026-01-09,2026-01-11,2026-01,2026,E,Edificio E — Budget Inn,Booking.com,OTA,reservation,True,2,68.0,34.0,32604888,E-03
122344751,2026-01-09,2026-01-11,2026-01,2026,B,Edificio B — City Center,Booking.com,OTA,reservation,True,2,390.0,195.0,26231061,B-05
123028296,2026-01-09,2026-01-11,2026-01,2026,B,Edificio B — City Center,Booking.com,OTA,reservation,True,2,142.0,71.0,60895302,B-02
123052266,2026-01-09,2026-01-11,2026-01,2026,B,Edificio B — City Center,Booking.com,OTA,reservation,True,2,154.0,77.0,72303780,B-04
123087931,2026-01-09,2026-01-11,2026-01,2026,B,Edificio B — City Center,Booking.com,OTA,reservation,True,2,154.0,77.0,75598987,B-06
123120631,2026-01-09,2026-01-11,2026-01,2026,E,Edificio E — Budget Inn,Booking.com,OTA,reservation,True,2,75.6,37.8,36788095,E-06
121410666,2026-01-09,2026-01-12,2026-01,2026,E,Edificio E — Budget Inn,Booking.com,OTA,reservation,True,3,137.0,45.66666666666666,71618726,E-09
123016276,2026-01-09,2026-01-12,2026-01,2026,B,Edificio B — City Center,Booking.com,OTA,reservation,True,3,231.0,77.0,91157388,B-07
115074201,2026-01-10,2026-01-11,2026-01,2026,E,Edificio E — Budget Inn,Booking.com,OTA,reservation,True,1,34.0,34.0,54452638,E-05
115453101,2026-01-10,2026-01-11,2026-01,2026,E,Edificio E — Budget Inn,Booking.com,OTA,cancellation,False,1,48.0,48.0,42830800,E-11
115453106,2026-01-10,2026-01-11,2026-01,2026,E,Edificio E — Budget Inn,Booking.com,OTA,cancellation,False,1,48.0,48.0,42830800,E-07
115453111,2026-01-10,2026-01-11,2026-01,2026,E,Edificio E — Budget Inn,Booking.com,OTA,cancellation,False,1,48.0,48.0,42830800,E-10
117876291,2026-01-10,2026-01-11,2026-01,2026,E,Edificio E — Budget Inn,Booking.com,OTA,reservation,True,1,34.0,34.0,11079100,E-14
121357371,2026-01-10,2026-01-11,2026-01,2026,E,Edificio E — Budget Inn,Booking.com,OTA,reservation,True,1,48.0,48.0,58234442,E-10
123042226,2026-01-10,2026-01-11,2026-01,2026,B,Edificio B — City Center,Booking.com,OTA,reservation,True,1,83.0,83.0,90715466,B-01
123045466,2026-01-10,2026-01-11,2026-01,2026,B,Edificio B — City Center,Booking.com,OTA,reservation,True,1,83.0,83.0,21806693,B-08
123095396,2026-01-10,2026-01-11,2026-01,2026,A,Edificio A — Urban District,Booking.com,OTA,reservation,True,1,63.9,63.9,35840716,A-02
123098361,2026-01-10,2026-01-11,2026-01,2026,B,Edificio B — City Center,Booking.com,OTA,reservation,True,1,77.0,77.0,80631980,B-09
123154131,2026-01-10,2026-01-11,2026-01,2026,C,Edificio C — Riverside,Booking.com,OTA,modification of booking,False,1,71.0,71.0,79226329,C-07
123343251,2026-01-10,2026-01-11,2026-01,2026,E,Edificio E — Budget Inn,Booking.com,OTA,reservation,True,1,32.4,32.4,45343973,E-12
123344096,2026-01-10,2026-01-11,2026-01,2026,D,Edificio D — Old Quarter,Airbnb,OTA,reservation,True,1,78.1,78.1,70098763,D-03
123347051,2026-01-10,2026-01-11,2026-01,2026,E,Edificio E — Budget Inn,Booking.com,OTA,reservation,True,1,42.0,42.0,70372177,E-07
123357891,2026-01-10,2026-01-11,2026-01,2026,C,Edificio C — Riverside,Booking.com,OTA,reservation,True,1,65.0,65.0,41848080,C-08
123371021,2026-01-10,2026-01-11,2026-01,2026,E,Edificio E — Budget Inn,Airbnb,OTA,reservation,True,1,36.0,36.0,18719975,E-13
123372926,2026-01-10,2026-01-11,2026-01,2026,C,Edificio C — Riverside,Booking.com,OTA,reservation,True,1,65.0,65.0,83005157,C-05
123374741,2026-01-10,2026-01-11,2026-01,2026,D,Edificio D — Old Quarter,Website,Directo,reservation,True,1,45.0,45.0,53359604,D-07
123394786,2026-01-10,2026-01-11,2026-01,2026,D,Edificio D — Old Quarter,Airbnb,OTA,reservation,True,1,84.7,84.7,26893778,D-04
123401706,2026-01-10,2026-01-11,2026-01,2026,E,Edificio E — Budget Inn,Booking.com,OTA,reservation,True,1,37.8,37.8,58037625,E-08
122883086,2026-01-10,2026-01-12,2026-01,2026,A,Edificio A — Urban District,Booking.com,OTA,reservation,True,2,107.1,53.55,12784934,A-01
123244746,2026-01-10,2026-01-12,2026-01,2026,C,Edificio C — Riverside,Direct booking,Directo,modification of booking,False,2,125.0,62.5,24109569,C-04
123399261,2026-01-10,2026-01-13,2026-01,2026,E,Edificio E — Budget Inn,Booking.com,OTA,reservation,True,3,91.8,30.6,90963428,E-02
122160231,2026-01-11,2026-01-12,2026-01,2026,B,Edificio B — City Center,Booking.com,OTA,reservation,True,1,71.0,71.0,24851559,B-02
123023261,2026-01-11,2026-01-12,2026-01,2026,A,Edificio A — Urban District,Booking.com,OTA,reservation,True,1,37.8,37.8,59947673,A-02
123107611,2026-01-11,2026-01-12,2026-01,2026,E,Edificio E — Budget Inn,Booking.com,OTA,reservation,True,1,24.0,24.0,15327466,E-12
123116221,2026-01-11,2026-01-12,2026-01,2026,E,Edificio E — Budget Inn,Airbnb,OTA,reservation,True,1,30.0,30.0,73795398,E-04
123254901,2026-01-11,2026-01-12,2026-01,2026,B,Edificio B — City Center,Website,Directo,reservation,True,1,50.0,50.0,98529178,B-09
123333371,2026-01-11,2026-01-12,2026-01,2026,C,Edificio C — Riverside,Airbnb,OTA,reservation,True,1,54.0,54.0,55009751,C-05
123456011,2026-01-11,2026-01-12,2026-01,2026,D,Edificio D — Old Quarter,Direct booking,Directo,modification of booking,False,1,77.0,77.0,91229995,D-03
123461521,2026-01-11,2026-01-12,2026-01,2026,E,Edificio E — Budget Inn,Booking.com,OTA,reservation,True,1,27.0,27.0,80822465,E-08
123003411,2026-01-11,2026-01-13,2026-01,2026,B,Edificio B — City Center,Direct booking,Directo,modification of booking,False,2,160.0,80.0,42142717,B-01
123004331,2026-01-11,2026-01-13,2026-01,2026,OTRO,Otros,Direct booking,Directo,reservation,True,2,50.0,25.0,21479294,OTRO-01
123251436,2026-01-11,2026-01-13,2026-01,2026,E,Edificio E — Budget Inn,Booking.com,OTA,reservation,True,2,54.0,27.0,37598098,E-11
123383596,2026-01-11,2026-01-13,2026-01,2026,E,Edificio E — Budget Inn,Booking.com,OTA,reservation,True,2,54.0,27.0,20234032,E-10
123472101,2026-01-11,2026-01-13,2026-01,2026,E,Edificio E — Budget Inn,Booking.com,OTA,reservation,True,2,43.2,21.6,40292662,E-13
122999206,2026-01-11,2026-01-14,2026-01,2026,D,Edificio D — Old Quarter,Booking.com,OTA,modification of booking,False,3,313.2,104.4,42166528,D-06
123474646,2026-01-11,2026-01-14,2026-01,2026,D,Edificio D — Old Quarter,Booking.com,OTA,reservation,True,3,166.0,55.333333333333336,24097004,D-05
123101116,2026-01-11,2026-01-16,2026-01,2026,E,Edificio E — Budget Inn,Direct booking,Directo,modification of booking,False,5,110.0,22.0,68877611,E-01
123142041,2026-01-11,2026-01-16,2026-01,2026,E,Edificio E — Budget Inn,Booking.com,OTA,reservation,True,5,120.0,24.0,25612690,E-03
123086586,2026-01-12,2026-01-13,2026-01,2026,E,Edificio E — Budget Inn,Booking.com,OTA,cancellation,False,1,24.0,24.0,10310107,E-05
123106341,2026-01-12,2026-01-13,2026-01,2026,B,Edificio B — City Center,Booking.com,OTA,reservation,True,1,95.0,95.0,57449843,B-05
123157111,2026-01-12,2026-01-13,2026-01,2026,C,Edificio C — Riverside,Booking.com,OTA,reservation,True,1,48.6,48.6,52948662,C-02
123380181,2026-01-12,2026-01-13,2026-01,2026,E,Edificio E — Budget Inn,Direct booking,Directo,reservation,True,1,35.0,35.0,68231772,E-04
123433716,2026-01-12,2026-01-13,2026-01,2026,E,Edificio E — Budget Inn,Booking.com,OTA,reservation,True,1,27.0,27.0,18468088,E-08
123630561,2026-01-12,2026-01-13,2026-01,2026,E,Edificio E — Budget Inn,Booking.com,OTA,reservation,True,1,27.0,27.0,52961231,E-06
123645731,2026-01-12,2026-01-13,2026-01,2026,B,Edificio B — City Center,Booking.com,OTA,reservation,True,1,65.0,65.0,75188958,B-04
123674946,2026-01-12,2026-01-13,2026-01,2026,A,Edificio A — Urban District,Booking.com,OTA,reservation,True,1,43.2,43.2,87707061,A-02
123631831,2026-01-12,2026-01-14,2026-01,2026,B,Edificio B — City Center,Booking.com,OTA,reservation,True,2,142.0,71.0,33087093,B-07
119357611,2026-01-12,2026-01-15,2026-01,2026,E,Edificio E — Budget Inn,Booking.com,OTA,reservation,True,3,90.0,30.0,77353284,E-09
122999216,2026-01-12,2026-01-15,2026-01,2026,E,Edificio E — Budget Inn,Booking.com,OTA,reservation,True,3,72.0,24.0,75235175,E-07
122318661,2026-01-12,2026-01-16,2026-01,2026,D,Edificio D — Old Quarter,Booking.com,OTA,reservation,True,4,427.2,106.8,19679476,D-02
122318666,2026-01-12,2026-01-16,2026-01,2026,D,Edificio D — Old Quarter,Booking.com,OTA,reservation,True,4,236.0,59.0,19679476,D-08
120979866,2026-01-13,2026-01-14,2026-01,2026,E,Edificio E — Budget Inn,Airbnb,OTA,reservation,True,1,30.0,30.0,82836289,E-06
122523116,2026-01-13,2026-01-14,2026-01,2026,E,Edificio E — Budget Inn,Booking.com,OTA,reservation,True,1,24.0,24.0,59907125,E-12
122853101,2026-01-13,2026-01-14,2026-01,2026,E,Edificio E — Budget Inn,Airbnb,OTA,reservation,True,1,24.0,24.0,23917754,E-13
123595936,2026-01-13,2026-01-14,2026-01,2026,B,Edificio B — City Center,Booking.com,OTA,reservation,True,1,71.0,71.0,37486421,B-08
123631651,2026-01-13,2026-01-14,2026-01,2026,E,Edificio E — Budget Inn,Booking.com,OTA,reservation,True,1,27.0,27.0,76058453,E-02
123698106,2026-01-13,2026-01-14,2026-01,2026,E,Edificio E — Budget Inn,Airbnb,OTA,reservation,True,1,30.0,30.0,62220549,E-04
123739381,2026-01-13,2026-01-14,2026-01,2026,B,Edificio B — City Center,Direct booking,Directo,cancellation,False,1,65.0,65.0,73653855,B-06
123751421,2026-01-13,2026-01-14,2026-01,2026,E,Edificio E — Budget Inn,Direct booking,Directo,cancellation,False,1,30.0,30.0,54951691,E-08
123759101,2026-01-13,2026-01-14,2026-01,2026,E,Edificio E — Budget Inn,Direct booking,Directo,modification of booking,False,1,30.0,30.0,71483879,E-10
123761246,2026-01-13,2026-01-14,2026-01,2026,A,Edificio A — Urban District,Booking.com,OTA,reservation,True,1,37.8,37.8,75798322,A-01
123765616,2026-01-13,2026-01-14,2026-01,2026,E,Edificio E — Budget Inn,Booking.com,OTA,reservation,True,1,27.0,27.0,50569181,E-08
123768441,2026-01-13,2026-01-14,2026-01,2026,C,Edificio C — Riverside,Booking.com,OTA,reservation,True,1,48.0,48.0,36628236,C-03
127373231,2026-02-10,2026-02-11,2026-02,2026,D,Edificio D — Old Quarter,Booking.com,OTA,reservation,True,1,65.0,65.0,55980425,D-02
127382756,2026-02-10,2026-02-11,2026-02,2026,A,Edificio A — Urban District,Booking.com,OTA,reservation,True,1,43.2,43.2,43010983,A-02
127409913,2026-02-10,2026-02-11,2026-02,2026,E,Edificio E — Budget Inn,Airbnb,OTA,reservation,True,1,24.0,24.0,44783222,E-13
127436715,2026-02-10,2026-02-11,2026-02,2026,C,Edificio C — Riverside,Website,Directo,reservation,True,1,40.0,40.0,78766617,C-01
127446371,2026-02-10,2026-02-11,2026-02,2026,B,Edificio B — City Center,Booking.com,OTA,reservation,True,1,54.0,54.0,58712625,B-08
127454859,2026-02-10,2026-02-11,2026-02,2026,B,Edificio B — City Center,Booking.com,OTA,reservation,True,1,48.0,48.0,37872018,B-03
127456815,2026-02-10,2026-02-11,2026-02,2026,E,Edificio E — Budget Inn,Booking.com,OTA,reservation,True,1,24.0,24.0,90426850,E-14
127458555,2026-02-10,2026-02-11,2026-02,2026,B,Edificio B — City Center,Booking.com,OTA,reservation,True,1,59.0,59.0,22112535,B-07
127468063,2026-02-10,2026-02-11,2026-02,2026,E,Edificio E — Budget Inn,Booking.com,OTA,reservation,True,1,30.0,30.0,39257176,E-09
120950191,2026-02-10,2026-02-12,2026-02,2026,E,Edificio E — Budget Inn,Booking.com,OTA,modification of booking,False,2,56.0,28.0,38156827,E-05
127203971,2026-02-10,2026-02-12,2026-02,2026,E,Edificio E — Budget Inn,Booking.com,OTA,reservation,True,2,48.0,24.0,40225437,E-02
127336721,2026-02-10,2026-02-12,2026-02,2026,B,Edificio B — City Center,Direct booking,Directo,cancellation,False,2,140.0,70.0,19390951,B-07
127457919,2026-02-10,2026-02-12,2026-02,2026,D,Edificio D — Old Quarter,Booking.com,OTA,reservation,True,2,130.0,65.0,32440049,D-01
127129891,2026-02-10,2026-02-13,2026-02,2026,A,Edificio A — Urban District,Booking.com,OTA,reservation,True,3,113.4,37.8,45836301,A-01
126970076,2026-02-10,2026-02-20,2026-02,2026,D,Edificio D — Old Quarter,Booking.com,OTA,reservation,True,10,682.8,68.28,76543966,D-07
124283151,2026-02-10,2026-02-24,2026-02,2026,E,Edificio E — Budget Inn,Booking.com,OTA,cancellation,False,14,416.0,29.714285714285715,10162536,E-06
126103961,2026-02-11,2026-02-12,2026-02,2026,C,Edificio C — Riverside,Booking.com,OTA,reservation,True,1,77.0,77.0,68449257,C-08
126679646,2026-02-11,2026-02-12,2026-02,2026,B,Edificio B — City Center,Booking.com,OTA,reservation,True,1,59.0,59.0,54867413,B-02
126963826,2026-02-11,2026-02-12,2026-02,2026,E,Edificio E — Budget Inn,Booking.com,OTA,reservation,True,1,24.0,24.0,84909455,E-14
127044546,2026-02-11,2026-02-12,2026-02,2026,B,Edificio B — City Center,Booking.com,OTA,reservation,True,1,66.0,66.0,56326544,B-04
127245086,2026-02-11,2026-02-12,2026-02,2026,E,Edificio E — Budget Inn,Airbnb,OTA,modification of booking,False,1,24.0,24.0,67587112,E-01
127268676,2026-02-11,2026-02-12,2026-02,2026,B,Edificio B — City Center,Booking.com,OTA,reservation,True,1,71.0,71.0,41957648,B-09
127297681,2026-02-11,2026-02-12,2026-02,2026,B,Edificio B — City Center,Booking.com,OTA,reservation,True,1,59.0,59.0,47649032,B-03
127408939,2026-02-11,2026-02-12,2026-02,2026,E,Edificio E — Budget Inn,Booking.com,OTA,reservation,True,1,24.0,24.0,30353950,E-03
127409713,2026-02-11,2026-02-12,2026-02,2026,A,Edificio A — Urban District,Booking.com,OTA,reservation,True,1,43.2,43.2,68632238,A-02
127441503,2026-02-11,2026-02-12,2026-02,2026,E,Edificio E — Budget Inn,Booking.com,OTA,reservation,True,1,30.0,30.0,80095785,E-09
127493343,2026-02-11,2026-02-12,2026-02,2026,E,Edificio E — Budget Inn,Booking.com,OTA,reservation,True,1,30.0,30.0,79582989,E-04
127501119,2026-02-11,2026-02-12,2026-02,2026,D,Edificio D — Old Quarter,Booking.com,OTA,reservation,True,1,48.0,48.0,81043317,D-05
127516671,2026-02-11,2026-02-12,2026-02,2026,E,Edificio E — Budget Inn,Booking.com,OTA,reservation,True,1,30.0,30.0,57997099,E-10
127521251,2026-02-11,2026-02-12,2026-02,2026,C,Edificio C — Riverside,Direct booking,Directo,reservation,True,1,75.0,75.0,14237267,C-05
127525819,2026-02-11,2026-02-12,2026-02,2026,OTRO,Otros,Direct booking,Directo,reservation,True,1,25.0,25.0,69338833,OTRO-02
127536875,2026-02-11,2026-02-12,2026-02,2026,B,Edificio B — City Center,Website,Directo,reservation,True,1,50.0,50.0,33025042,B-07
127557623,2026-02-11,2026-02-12,2026-02,2026,C,Edificio C — Riverside,Booking.com,OTA,reservation,True,1,48.0,48.0,49914974,C-09
126160341,2026-02-11,2026-02-13,2026-02,2026,E,Edificio E — Budget Inn,Airbnb,OTA,reservation,True,2,48.0,24.0,71964613,E-13
127047906,2026-02-11,2026-02-13,2026-02,2026,D,Edificio D — Old Quarter,Booking.com,OTA,reservation,True,2,115.2,57.6,54874987,D-08
127203821,2026-02-11,2026-02-13,2026-02,2026,B,Edificio B — City Center,Booking.com,OTA,reservation,True,2,130.0,65.0,26560627,B-08
127216971,2026-02-11,2026-02-13,2026-02,2026,OTRO,Otros,Direct booking,Directo,modification of booking,False,2,50.0,25.0,78611121,OTRO-01
127388856,2026-02-11,2026-02-13,2026-02,2026,E,Edificio E — Budget Inn,Booking.com,OTA,reservation,True,2,60.0,30.0,73907051,E-07
127432767,2026-02-11,2026-02-13,2026-02,2026,C,Edificio C — Riverside,Booking.com,OTA,reservation,True,2,102.0,51.0,77807373,C-04
126519326,2026-02-12,2026-02-13,2026-02,2026,E,Edificio E — Budget Inn,Booking.com,OTA,reservation,True,1,24.0,24.0,31434927,E-02
126942446,2026-02-12,2026-02-13,2026-02,2026,E,Edificio E — Budget Inn,Booking.com,OTA,reservation,True,1,24.0,24.0,80095785,E-03
127040631,2026-02-12,2026-02-13,2026-02,2026,D,Edificio D — Old Quarter,Booking.com,OTA,reservation,True,1,107.0,107.0,15229645,D-02
127344541,2026-02-12,2026-02-13,2026-02,2026,D,Edificio D — Old Quarter,Booking.com,OTA,reservation,True,1,125.0,125.0,47648810,D-03
127432559,2026-02-12,2026-02-13,2026-02,2026,E,Edificio E — Budget Inn,Airbnb,OTA,reservation,True,1,30.0,30.0,58288334,E-04
127441991,2026-02-12,2026-02-13,2026-02,2026,A,Edificio A — Urban District,Booking.com,OTA,reservation,True,1,37.8,37.8,72413439,A-02
127446887,2026-02-12,2026-02-13,2026-02,2026,B,Edificio B — City Center,Website,Directo,reservation,True,1,45.0,45.0,87062548,B-03
127473747,2026-02-12,2026-02-13,2026-02,2026,B,Edificio B — City Center,Booking.com,OTA,reservation,True,1,48.0,48.0,17298709,B-02
127487611,2026-02-12,2026-02-13,2026-02,2026,E,Edificio E — Budget Inn,Booking.com,OTA,reservation,True,1,30.0,30.0,41245486,E-10
127546083,2026-02-12,2026-02-13,2026-02,2026,C,Edificio C — Riverside,Booking.com,OTA,reservation,True,1,48.0,48.0,57275669,C-05
127618282,2026-02-12,2026-02-13,2026-02,2026,E,Edificio E — Budget Inn,Airbnb,OTA,reservation,True,1,24.0,24.0,56076338,E-05
127646612,2026-02-12,2026-02-13,2026-02,2026,C,Edificio C — Riverside,Booking.com,OTA,reservation,True,1,43.2,43.2,22592261,C-03
127655487,2026-02-12,2026-02-13,2026-02,2026,D,Edificio D — Old Quarter,Direct booking,Directo,modification of booking,False,1,85.0,85.0,16697508,D-01
127663967,2026-02-12,2026-02-13,2026-02,2026,C,Edificio C — Riverside,Booking.com,OTA,reservation,True,1,48.0,48.0,82929492,C-07
127675502,2026-02-12,2026-02-13,2026-02,2026,E,Edificio E — Budget Inn,Direct booking,Directo,cancellation,False,1,25.0,25.0,37213898,E-01
126932421,2026-02-12,2026-02-14,2026-02,2026,C,Edificio C — Riverside,Booking.com,OTA,reservation,True,2,177.0,88.5,29670723,C-08
127101121,2026-02-12,2026-02-14,2026-02,2026,B,Edificio B — City Center,Booking.com,OTA,reservation,True,2,136.0,68.0,53255384,B-04
127206701,2026-02-12,2026-02-14,2026-02,2026,E,Edificio E — Budget Inn,Booking.com,OTA,reservation,True,2,84.0,42.0,83899233,E-09
127296696,2026-02-12,2026-02-14,2026-02,2026,C,Edificio C — Riverside,Booking.com,OTA,cancellation,False,2,119.0,59.5,83169871,C-09
127379426,2026-02-12,2026-02-14,2026-02,2026,D,Edificio D — Old Quarter,Booking.com,OTA,reservation,True,2,156.0,78.0,78390117,D-05
127669602,2026-02-12,2026-02-14,2026-02,2026,C,Edificio C — Riverside,Airbnb,OTA,reservation,True,2,119.0,59.5,24488327,C-09
127604122,2026-02-12,2026-02-16,2026-02,2026,E,Edificio E — Budget Inn,Booking.com,OTA,reservation,True,4,126.0,31.5,14529144,E-14
120974736,2026-02-13,2026-02-14,2026-02,2026,E,Edificio E — Budget Inn,Booking.com,OTA,cancellation,False,1,34.0,34.0,75134779,E-12
123934041,2026-02-13,2026-02-14,2026-02,2026,E,Edificio E — Budget Inn,Booking.com,OTA,reservation,True,1,48.0,48.0,19140778,E-02
124471761,2026-02-13,2026-02-14,2026-02,2026,E,Edificio E — Budget Inn,Booking.com,OTA,reservation,True,1,48.0,48.0,62867664,E-10
125021321,2026-02-13,2026-02-14,2026-02,2026,E,Edificio E — Budget Inn,Booking.com,OTA,reservation,True,1,34.0,34.0,95538026,E-13
126916421,2026-02-13,2026-02-14,2026-02,2026,E,Edificio E — Budget Inn,Direct booking,Directo,modification of booking,False,1,35.0,35.0,26703549,E-05
127072006,2026-02-13,2026-02-14,2026-02,2026,C,Edificio C — Riverside,Booking.com,OTA,reservation,True,1,69.3,69.3,55468382,C-03
127240801,2026-02-13,2026-02-14,2026-02,2026,B,Edificio B — City Center,Website,Directo,reservation,True,1,75.0,75.0,90775137,B-07
127482707,2026-02-13,2026-02-14,2026-02,2026,B,Edificio B — City Center,Booking.com,OTA,reservation,True,1,77.0,77.0,37581104,B-03
127636707,2026-02-13,2026-02-14,2026-02,2026,C,Edificio C — Riverside,Booking.com,OTA,reservation,True,1,71.0,71.0,80405939,C-06
127717752,2026-02-13,2026-02-14,2026-02,2026,C,Edificio C — Riverside,Booking.com,OTA,reservation,True,1,71.0,71.0,12619839,C-04
127735317,2026-02-13,2026-02-14,2026-02,2026,D,Edificio D — Old Quarter,Direct booking,Directo,reservation,True,1,130.0,130.0,14627308,D-01
127744002,2026-02-13,2026-02-14,2026-02,2026,C,Edificio C — Riverside,Website,Directo,reservation,True,1,60.0,60.0,31779197,C-01
127756427,2026-02-13,2026-02-14,2026-02,2026,E,Edificio E — Budget Inn,Booking.com,OTA,reservation,True,1,36.0,36.0,23204495,E-01
127759612,2026-02-13,2026-02-14,2026-02,2026,E,Edificio E — Budget Inn,Booking.com,OTA,reservation,True,1,36.0,36.0,39807541,E-03
122902226,2026-02-13,2026-02-15,2026-02,2026,B,Edificio B — City Center,Booking.com,OTA,modification of booking,False,2,297.6,148.8,69518034,B-02
124646546,2026-02-13,2026-02-15,2026-02,2026,E,Edificio E — Budget Inn,Booking.com,OTA,reservation,True,2,68.0,34.0,33797043,E-12
125802631,2026-02-13,2026-02-15,2026-02,2026,E,Edificio E — Budget Inn,Booking.com,OTA,reservation,True,2,96.0,48.0,31947835,E-07
126467606,2026-02-13,2026-02-15,2026-02,2026,A,Edificio A — Urban District,Booking.com,OTA,reservation,True,2,171.0,85.5,14212151,A-02
126960346,2026-02-13,2026-02-15,2026-02,2026,D,Edificio D — Old Quarter,Booking.com,OTA,reservation,True,2,160.0,80.0,74696105,D-08
126966626,2026-02-13,2026-02-15,2026-02,2026,B,Edificio B — City Center,Booking.com,OTA,reservation,True,2,172.0,86.0,24732161,B-09
127111486,2026-02-13,2026-02-15,2026-02,2026,OTRO,Otros,Booking.com,OTA,cancellation,False,2,184.0,92.0,68354037,OTRO-01
127171851,2026-02-13,2026-02-15,2026-02,2026,B,Edificio B — City Center,Booking.com,OTA,reservation,True,2,349.0,174.5,83200564,B-05
127240716,2026-02-13,2026-02-15,2026-02,2026,C,Edificio C — Riverside,Booking.com,OTA,reservation,True,2,190.0,95.0,77339286,C-07
127675727,2026-02-13,2026-02-15,2026-02,2026,D,Edificio D — Old Quarter,Booking.com,OTA,reservation,True,2,315.0,157.5,56459050,D-04
127801992,2026-02-13,2026-02-15,2026-02,2026,OTRO,Otros,Direct booking,Directo,reservation,True,2,50.0,25.0,86636846,OTRO-02
125578536,2026-02-13,2026-02-16,2026-02,2026,A,Edificio A — Urban District,Booking.com,OTA,reservation,True,3,256.5,85.5,18741175,A-01
127239501,2026-02-13,2026-02-16,2026-02,2026,B,Edificio B — City Center,Booking.com,OTA,modification of booking,False,3,309.0,103.0,13876885,B-08
127769067,2026-02-13,2026-02-16,2026-02,2026,B,Edificio B — City Center,Booking.com,OTA,reservation,True,3,288.0,96.0,30410005,B-06
120672471,2026-02-14,2026-02-15,2026-02,2026,E,Edificio E — Budget Inn,Booking.com,OTA,cancellation,False,1,34.0,34.0,19898878,E-01
124327046,2026-02-14,2026-02-15,2026-02,2026,E,Edificio E — Budget Inn,Booking.com,OTA,cancellation,False,1,48.0,48.0,46317280,E-07
125538446,2026-02-14,2026-02-15,2026-02,2026,E,Edificio E — Budget Inn,Booking.com,OTA,reservation,True,1,48.0,48.0,50908182,E-11
125542521,2026-02-14,2026-02-15,2026-02,2026,E,Edificio E — Budget Inn,Booking.com,OTA,cancellation,False,1,48.0,48.0,35126689,E-09
127037441,2026-02-14,2026-02-15,2026-02,2026,E,Edificio E — Budget Inn,Booking.com,OTA,cancellation,False,1,54.0,54.0,51509673,E-10
127066306,2026-02-14,2026-02-15,2026-02,2026,E,Edificio E — Budget Inn,Direct booking,Directo,modification of booking,False,1,55.0,55.0,86370344,E-04
127130686,2026-02-14,2026-02-15,2026-02,2026,C,Edificio C — Riverside,Booking.com,OTA,reservation,True,1,74.7,74.7,53948620,C-03
127210551,2026-02-14,2026-02-15,2026-02,2026,C,Edificio C — Riverside,Booking.com,OTA,reservation,True,1,89.0,89.0,60432653,C-08
127220446,2026-02-14,2026-02-15,2026-02,2026,C,Edificio C — Riverside,Booking.com,OTA,reservation,True,1,89.0,89.0,27341798,C-05
127241276,2026-02-14,2026-02-15,2026-02,2026,C,Edificio C — Riverside,Booking.com,OTA,reservation,True,1,89.0,89.0,30954699,C-01
127243206,2026-02-14,2026-02-15,2026-02,2026,C,Edificio C — Riverside,Booking.com,OTA,reservation,True,1,113.0,113.0,18795899,C-04
121962486,2026-01-03,2026-01-04,2026-01,2026,B,Edificio B — City Center,Booking.com,OTA,reservation,True,1,130.0,130.0,33327901,B-01
121974866,2026-01-03,2026-01-04,2026-01,2026,OTRO,Otros,Direct booking,Directo,modification of booking,False,1,25.0,25.0,80457380,OTRO-01
122254826,2026-01-03,2026-01-04,2026-01,2026,B,Edificio B — City Center,Booking.com,OTA,reservation,True,1,125.0,125.0,14313457,B-09
122255801,2026-01-03,2026-01-04,2026-01,2026,B,Edificio B — City Center,Booking.com,OTA,reservation,True,1,113.0,113.0,14332945,B-06
122284036,2026-01-03,2026-01-04,2026-01,2026,D,Edificio D — Old Quarter,Airbnb,OTA,reservation,True,1,143.0,143.0,79903937,D-03
122332506,2026-01-03,2026-01-04,2026-01,2026,D,Edificio D — Old Quarter,Booking.com,OTA,reservation,True,1,154.0,154.0,79284339,D-04
122399866,2026-01-03,2026-01-04,2026-01,2026,B,Edificio B — City Center,Booking.com,OTA,reservation,True,1,118.0,118.0,58751536,B-07
122409436,2026-01-03,2026-01-04,2026-01,2026,C,Edificio C — Riverside,Airbnb,OTA,reservation,True,1,113.0,113.0,60381930,C-05
122429111,2026-01-03,2026-01-04,2026-01,2026,E,Edificio E — Budget Inn,Booking.com,OTA,reservation,True,1,54.0,54.0,40854285,E-05
122443796,2026-01-03,2026-01-04,2026-01,2026,E,Edificio E — Budget Inn,Booking.com,OTA,reservation,True,1,58.5,58.5,36755999,E-10
122471706,2026-01-03,2026-01-04,2026-01,2026,E,Edificio E — Budget Inn,Booking.com,OTA,reservation,True,1,37.8,37.8,61112701,E-12
122483681,2026-01-03,2026-01-04,2026-01,2026,D,Edificio D — Old Quarter,Booking.com,OTA,reservation,True,1,89.0,89.0,86416401,D-08
122494736,2026-01-03,2026-01-04,2026-01,2026,E,Edificio E — Budget Inn,Booking.com,OTA,reservation,True,1,37.8,37.8,61608298,E-14
122501676,2026-01-03,2026-01-04,2026-01,2026,E,Edificio E — Budget Inn,Booking.com,OTA,reservation,True,1,48.6,48.6,55204678,E-08
117142146,2026-01-03,2026-01-05,2026-01,2026,E,Edificio E — Budget Inn,Booking.com,OTA,cancellation,False,2,89.0,44.5,30513364,E-09
120203231,2026-01-03,2026-01-05,2026-01,2026,E,Edificio E — Budget Inn,Booking.com,OTA,reservation,True,2,89.0,44.5,81763450,E-11
121874291,2026-01-03,2026-01-05,2026-01,2026,B,Edificio B — City Center,Booking.com,OTA,reservation,True,2,213.6,106.8,35914611,B-02
122388031,2026-01-03,2026-01-05,2026-01,2026,B,Edificio B — City Center,Booking.com,OTA,reservation,True,2,184.0,92.0,38744106,B-08
117432541,2026-01-03,2026-01-06,2026-01,2026,E,Edificio E — Budget Inn,Booking.com,OTA,cancellation,False,3,130.0,43.333333333333336,90428174,E-10
122300901,2026-01-03,2026-01-06,2026-01,2026,C,Edificio C — Riverside,Booking.com,OTA,reservation,True,3,267.0,89.0,23249396,C-07
122333141,2026-01-03,2026-01-06,2026-01,2026,D,Edificio D — Old Quarter,Booking.com,OTA,reservation,True,3,362.4,120.8,23947505,D-02
122416551,2026-01-03,2026-01-06,2026-01,2026,C,Edificio C — Riverside,Booking.com,OTA,reservation,True,3,231.0,77.0,79529659,C-04
120560941,2026-01-03,2026-01-08,2026-01,2026,A,Edificio A — Urban District,Booking.com,OTA,reservation,True,5,320.4,64.08,75622349,A-01
119417781,2026-01-03,2026-01-09,2026-01,2026,E,Edificio E — Budget Inn,Booking.com,OTA,cancellation,False,6,174.0,29.0,90387690,E-12
120309926,2026-01-04,2026-01-05,2026-01,2026,E,Edificio E — Budget Inn,Booking.com,OTA,reservation,True,1,36.0,36.0,79422353,E-08
121964446,2026-01-04,2026-01-05,2026-01,2026,E,Edificio E — Budget Inn,Booking.com,OTA,cancellation,False,1,36.0,36.0,66657710,E-07
122167541,2026-01-04,2026-01-05,2026-01,2026,B,Edificio B — City Center,Website,Directo,reservation,True,1,55.0,55.0,82761963,B-04
122462281,2026-01-04,2026-01-05,2026-01,2026,E,Edificio E — Budget Inn,Airbnb,OTA,reservation,True,1,24.0,24.0,39668040,E-05
122476966,2026-01-04,2026-01-05,2026-01,2026,E,Edificio E — Budget Inn,Booking.com,OTA,reservation,True,1,21.6,21.6,15824292,E-14
122501976,2026-01-04,2026-01-05,2026-01,2026,B,Edificio B — City Center,Booking.com,OTA,reservation,True,1,83.0,83.0,42028584,B-05
122551711,2026-01-04,2026-01-05,2026-01,2026,D,Edificio D — Old Quarter,Booking.com,OTA,reservation,True,1,101.0,101.0,32834243,D-03
122569366,2026-01-04,2026-01-05,2026-01,2026,B,Edificio B — City Center,Booking.com,OTA,reservation,True,1,65.0,65.0,76179838,B-01
122571236,2026-01-04,2026-01-05,2026-01,2026,B,Edificio B — City Center,Booking.com,OTA,reservation,True,1,59.0,59.0,66917850,B-06
122571871,2026-01-04,2026-01-05,2026-01,2026,E,Edificio E — Budget Inn,Direct booking,Directo,modification of booking,False,1,22.0,22.0,37071270,E-01
122580316,2026-01-04,2026-01-05,2026-01,2026,B,Edificio B — City Center,Booking.com,OTA,reservation,True,1,65.0,65.0,33087093,B-07
122591736,2026-01-04,2026-01-05,2026-01,2026,D,Edificio D — Old Quarter,Booking.com,OTA,reservation,True,1,54.0,54.0,59256174,D-05
122592741,2026-01-04,2026-01-05,2026-01,2026,C,Edificio C — Riverside,Airbnb,OTA,reservation,True,1,59.0,59.0,83539655,C-05
122599741,2026-01-04,2026-01-05,2026-01,2026,E,Edificio E — Budget Inn,Booking.com,OTA,cancellation,False,1,21.6,21.6,10277383,E-12
122600101,2026-01-04,2026-01-05,2026-01,2026,D,Edificio D — Old Quarter,Booking.com,OTA,reservation,True,1,48.0,48.0,32313061,D-07
122628356,2026-01-04,2026-01-05,2026-01,2026,E,Edificio E — Budget Inn,Booking.com,OTA,reservation,True,1,21.6,21.6,70607615,E-06
122630436,2026-01-04,2026-01-05,2026-01,2026,C,Edificio C — Riverside,Booking.com,OTA,reservation,True,1,59.0,59.0,44390897,C-08
120385646,2026-01-04,2026-01-06,2026-01,2026,E,Edificio E — Budget Inn,Booking.com,OTA,reservation,True,2,82.0,41.0,15320288,E-10
122166696,2026-01-04,2026-01-06,2026-01,2026,A,Edificio A — Urban District,Booking.com,OTA,reservation,True,2,103.68,51.84,87878701,A-02
122481046,2026-01-04,2026-01-06,2026-01,2026,E,Edificio E — Budget Inn,Booking.com,OTA,reservation,True,2,43.2,21.6,27267202,E-03
122498286,2026-01-04,2026-01-06,2026-01,2026,D,Edificio D — Old Quarter,Booking.com,OTA,reservation,True,2,108.0,54.0,14748909,D-08
122521541,2026-01-04,2026-01-07,2026-01,2026,B,Edificio B — City Center,Booking.com,OTA,reservation,True,3,189.0,63.0,26673138,B-09
122638831,2026-01-05,2026-01-06,2026-01,2026,E,Edificio E — Budget Inn,Booking.com,OTA,reservation,True,1,27.0,27.0,68169409,E-09
122638836,2026-01-05,2026-01-06,2026-01,2026,E,Edificio E — Budget Inn,Booking.com,OTA,reservation,True,1,27.0,27.0,68169409,E-08
122643601,2026-01-05,2026-01-06,2026-01,2026,E,Edificio E — Budget Inn,Booking.com,OTA,reservation,True,1,27.0,27.0,29159409,E-07
122646611,2026-01-05,2026-01-06,2026-01,2026,C,Edificio C — Riverside,Booking.com,OTA,reservation,True,1,53.1,53.1,55245648,C-02
122658151,2026-01-05,2026-01-06,2026-01,2026,E,Edificio E — Budget Inn,Booking.com,OTA,reservation,True,1,27.0,27.0,19036042,E-11
122679856,2026-01-05,2026-01-06,2026-01,2026,D,Edificio D — Old Quarter,Direct booking,Directo,modification of booking,False,1,55.0,55.0,47006508,D-07
122692501,2026-01-05,2026-01-06,2026-01,2026,E,Edificio E — Budget Inn,Booking.com,OTA,reservation,True,1,32.4,32.4,63025270,E-02
122712176,2026-01-05,2026-01-06,2026-01,2026,E,Edificio E — Budget Inn,Booking.com,OTA,reservation,True,1,32.4,32.4,60974700,E-04
122738041,2026-01-05,2026-01-06,2026-01,2026,E,Edificio E — Budget Inn,Airbnb,OTA,reservation,True,1,24.0,24.0,39668040,E-05
122745526,2026-01-05,2026-01-06,2026-01,2026,C,Edificio C — Riverside,Airbnb,OTA,reservation,True,1,66.0,66.0,48442153,C-05
122535321,2026-01-05,2026-01-07,2026-01,2026,B,Edificio B — City Center,Booking.com,OTA,reservation,True,2,118.0,59.0,35982392,B-02
122083931,2026-01-05,2026-01-08,2026-01,2026,B,Edificio B — City Center,Booking.com,OTA,reservation,True,3,285.0,95.0,48023100,B-01
122151366,2026-01-05,2026-01-09,2026-01,2026,B,Edificio B — City Center,Booking.com,OTA,reservation,True,4,284.0,71.0,62938256,B-06
122405286,2026-01-06,2026-01-07,2026-01,2026,B,Edificio B — City Center,Booking.com,OTA,reservation,True,1,65.0,65.0,11338178,B-04
122418796,2026-01-06,2026-01-07,2026-01,2026,B,Edificio B — City Center,Booking.com,OTA,reservation,True,1,107.0,107.0,86647455,B-05
122648681,2026-01-06,2026-01-07,2026-01,2026,D,Edificio D — Old Quarter,Booking.com,OTA,reservation,True,1,77.0,77.0,74922433,D-02
122835296,2026-01-06,2026-01-07,2026-01,2026,A,Edificio A — Urban District,Website,Directo,reservation,True,1,40.0,40.0,60963086,A-02
122855821,2026-01-06,2026-01-07,2026-01,2026,E,Edificio E — Budget Inn,Booking.com,OTA,reservation,True,1,21.6,21.6,70607615,E-06
122863436,2026-01-06,2026-01-07,2026-01,2026,E,Edificio E — Budget Inn,Booking.com,OTA,reservation,True,1,27.0,27.0,74633903,E-11
122865121,2026-01-06,2026-01-07,2026-01,2026,D,Edificio D — Old Quarter,Booking.com,OTA,reservation,True,1,48.0,48.0,25804470,D-07
122875911,2026-01-06,2026-01-07,2026-01,2026,C,Edificio C — Riverside,Airbnb,OTA,reservation,True,1,66.0,66.0,60933865,C-05
122881381,2026-01-06,2026-01-07,2026-01,2026,E,Edificio E — Budget Inn,Booking.com,OTA,reservation,True,1,27.0,27.0,39336697,E-08
120938191,2026-01-06,2026-01-08,2026-01,2026,E,Edificio E — Budget Inn,Booking.com,OTA,reservation,True,2,60.0,30.0,43826930,E-09
122760716,2026-01-06,2026-01-08,2026-01,2026,E,Edificio E — Budget Inn,Booking.com,OTA,reservation,True,2,43.2,21.6,27267202,E-07
117213926,2026-01-06,2026-01-09,2026-01,2026,E,Edificio E — Budget Inn,Booking.com,OTA,cancellation,False,3,84.0,28.0,88429229,E-01
122833416,2026-01-06,2026-01-09,2026-01,2026,E,Edificio E — Budget Inn,Booking.com,OTA,cancellation,False,3,80.1,26.7,84451665,E-02
122844401,2026-01-06,2026-01-09,2026-01,2026,E,Edificio E — Budget Inn,Booking.com,OTA,reservation,True,3,64.8,21.6,63862494,E-13
120754591,2026-01-06,2026-01-29,2026-01,2026,E,Edificio E — Budget Inn,Booking.com,OTA,cancellation,False,23,680.0,29.565217391304348,59596503,E-01
117980486,2026-01-06,2026-01-31,2026-01,2026,E,Edificio E — Budget Inn,Booking.com,OTA,cancellation,False,25,742.0,29.68,58537028,E-13
122484741,2026-01-07,2026-01-08,2026-01,2026,B,Edificio B — City Center,Booking.com,OTA,reservation,True,1,65.0,65.0,40704187,B-04
122723436,2026-01-07,2026-01-08,2026-01,2026,B,Edificio B — City Center,Booking.com,OTA,reservation,True,1,95.0,95.0,37880890,B-05
122750371,2026-01-07,2026-01-08,2026-01,2026,OTRO,Otros,Direct booking,Directo,cancellation,False,1,25.0,25.0,50716879,OTRO-01
122867461,2026-01-07,2026-01-08,2026-01,2026,E,Edificio E — Budget Inn,Airbnb,OTA,cancellation,False,1,24.0,24.0,32305810,E-05
122880786,2026-01-07,2026-01-08,2026-01,2026,E,Edificio E — Budget Inn,Booking.com,OTA,reservation,True,1,27.0,27.0,81053502,E-11
122893176,2026-01-07,2026-01-08,2026-01,2026,E,Edificio E — Budget Inn,Booking.com,OTA,reservation,True,1,21.6,21.6,44518379,E-01
122895701,2026-01-07,2026-01-08,2026-01,2026,C,Edificio C — Riverside,Direct booking,Directo,cancellation,False,1,45.0,45.0,59173888,C-06
122895981,2026-01-07,2026-01-08,2026-01,2026,OTRO,Otros,Direct booking,Directo,cancellation,False,1,25.0,25.0,70224389,OTRO-02
122909496,2026-01-07,2026-01-08,2026-01,2026,A,Edificio A — Urban District,Booking.com,OTA,reservation,True,1,43.2,43.2,53980634,A-02
122923681,2026-01-07,2026-01-08,2026-01,2026,D,Edificio D — Old Quarter,Booking.com,OTA,reservation,True,1,54.0,54.0,90506642,D-05
122924616,2026-01-07,2026-01-08,2026-01,2026,E,Edificio E — Budget Inn,Booking.com,OTA,reservation,True,1,21.6,21.6,51270658,E-14
122953916,2026-01-07,2026-01-08,2026-01,2026,C,Edificio C — Riverside,Booking.com,OTA,reservation,True,1,54.0,54.0,17781230,C-07
122969731,2026-01-07,2026-01-08,2026-01,2026,E,Edificio E — Budget Inn,Booking.com,OTA,reservation,True,1,21.6,21.6,70607615,E-12
122973876,2026-01-07,2026-01-08,2026-01,2026,E,Edificio E — Budget Inn,Booking.com,OTA,reservation,True,1,27.0,27.0,11429002,E-02
123002736,2026-01-07,2026-01-08,2026-01,2026,E,Edificio E — Budget Inn,Booking.com,OTA,reservation,True,1,21.6,21.6,17089401,E-05
123007306,2026-01-07,2026-01-08,2026-01,2026,C,Edificio C — Riverside,Airbnb,OTA,modification of booking,False,1,48.0,48.0,72055964,C-05
123021441,2026-01-07,2026-01-08,2026-01,2026,B,Edificio B — City Center,Booking.com,OTA,reservation,True,1,48.0,48.0,15420544,B-02
122449391,2026-01-07,2026-01-09,2026-01,2026,C,Edificio C — Riverside,Booking.com,OTA,reservation,True,2,106.2,53.1,52948662,C-02
122847251,2026-01-07,2026-01-09,2026-01,2026,E,Edificio E — Budget Inn,Booking.com,OTA,reservation,True,2,43.2,21.6,75770033,E-03
122945601,2026-01-07,2026-01-09,2026-01,2026,E,Edificio E — Budget Inn,Direct booking,Directo,modification of booking,False,2,42.0,21.0,20854090,E-06
122360361,2026-01-08,2026-01-09,2026-01,2026,E,Edificio E — Budget Inn,Booking.com,OTA,cancellation,False,1,30.0,30.0,22231779,E-04
122789381,2026-01-08,2026-01-09,2026-01,2026,E,Edificio E — Budget Inn,Booking.com,OTA,modification of booking,False,1,24.0,24.0,80141070,E-07
122839271,2026-01-08,2026-01-09,2026-01,2026,A,Edificio A — Urban District,Booking.com,OTA,reservation,True,1,43.2,43.2,66314160,A-01
122926381,2026-01-08,2026-01-09,2026-01,2026,E,Edificio E — Budget Inn,Booking.com,OTA,reservation,True,1,21.6,21.6,88408686,E-12
123020281,2026-01-08,2026-01-09,2026-01,2026,E,Edificio E — Budget Inn,Booking.com,OTA,reservation,True,1,26.1,26.1,63563292,E-02
127700777,2026-02-14,2026-02-15,2026-02,2026,E,Edificio E — Budget Inn,Booking.com,OTA,modification of booking,False,1,48.0,48.0,24829092,E-08
127866392,2026-02-14,2026-02-15,2026-02,2026,E,Edificio E — Budget Inn,Booking.com,OTA,reservation,True,1,42.0,42.0,95065226,E-01
127888407,2026-02-14,2026-02-15,2026-02,2026,D,Edificio D — Old Quarter,Website,Directo,reservation,True,1,90.0,90.0,38705719,D-01
127903622,2026-02-14,2026-02-15,2026-02,2026,E,Edificio E — Budget Inn,Booking.com,OTA,reservation,True,1,42.0,42.0,63797656,E-13
119951321,2026-02-14,2026-02-16,2026-02,2026,D,Edificio D — Old Quarter,Booking.com,OTA,reservation,True,2,510.0,255.0,17898338,D-02
121845246,2026-02-14,2026-02-16,2026-02,2026,B,Edificio B — City Center,Booking.com,OTA,reservation,True,2,213.0,106.5,71780802,B-04
126984581,2026-02-14,2026-02-16,2026-02,2026,E,Edificio E — Budget Inn,Booking.com,OTA,reservation,True,2,72.0,36.0,91599573,E-02
127044346,2026-02-14,2026-02-16,2026-02,2026,C,Edificio C — Riverside,Booking.com,OTA,reservation,True,2,184.0,92.0,75123848,C-06
127090251,2026-02-14,2026-02-16,2026-02,2026,B,Edificio B — City Center,Booking.com,OTA,reservation,True,2,178.0,89.0,77529362,B-07
127218166,2026-02-14,2026-02-16,2026-02,2026,C,Edificio C — Riverside,Booking.com,OTA,reservation,True,2,127.8,63.9,15287576,C-02
127317611,2026-02-14,2026-02-16,2026-02,2026,C,Edificio C — Riverside,Booking.com,OTA,reservation,True,2,142.0,71.0,59906745,C-09
127468147,2026-02-14,2026-02-16,2026-02,2026,E,Edificio E — Budget Inn,Airbnb,OTA,reservation,True,2,66.0,33.0,41931559,E-05
123597026,2026-02-14,2026-02-17,2026-02,2026,D,Edificio D — Old Quarter,Booking.com,OTA,cancellation,False,3,362.4,120.8,43860261,D-08
124513896,2026-02-14,2026-02-17,2026-02,2026,D,Edificio D — Old Quarter,Booking.com,OTA,reservation,True,3,758.4,252.8,54675805,D-03
125335721,2026-02-14,2026-02-17,2026-02,2026,D,Edificio D — Old Quarter,Booking.com,OTA,reservation,True,3,338.0,112.66666666666669,54675805,D-05
124593391,2026-02-14,2026-02-20,2026-02,2026,B,Edificio B — City Center,Booking.com,OTA,reservation,True,6,593.0,98.83333333333331,53990370,B-03
124938086,2026-02-15,2026-02-16,2026-02,2026,B,Edificio B — City Center,Booking.com,OTA,reservation,True,1,59.0,59.0,62500851,B-02
127432383,2026-02-15,2026-02-16,2026-02,2026,E,Edificio E — Budget Inn,Direct booking,Directo,reservation,True,1,25.0,25.0,85748137,E-13
127537995,2026-02-15,2026-02-16,2026-02,2026,E,Edificio E — Budget Inn,Airbnb,OTA,reservation,True,1,30.0,30.0,28393300,E-04
127653152,2026-02-15,2026-02-16,2026-02,2026,A,Edificio A — Urban District,Booking.com,OTA,reservation,True,1,43.2,43.2,64377154,A-02
127724222,2026-02-15,2026-02-16,2026-02,2026,E,Edificio E — Budget Inn,Booking.com,OTA,reservation,True,1,24.0,24.0,35629705,E-06
127899012,2026-02-15,2026-02-16,2026-02,2026,C,Edificio C — Riverside,Booking.com,OTA,reservation,True,1,54.0,54.0,25520417,C-04
127906702,2026-02-15,2026-02-16,2026-02,2026,E,Edificio E — Budget Inn,Booking.com,OTA,reservation,True,1,30.0,30.0,21395498,E-07
127963872,2026-02-15,2026-02-16,2026-02,2026,C,Edificio C — Riverside,Website,Directo,reservation,True,1,50.0,50.0,78766617,C-05
127971297,2026-02-15,2026-02-16,2026-02,2026,E,Edificio E — Budget Inn,Booking.com,OTA,reservation,True,1,30.0,30.0,62090999,E-11
127978837,2026-02-15,2026-02-16,2026-02,2026,E,Edificio E — Budget Inn,Booking.com,OTA,reservation,True,1,24.0,24.0,62129561,E-12
128018272,2026-02-15,2026-02-16,2026-02,2026,B,Edificio B — City Center,Booking.com,OTA,reservation,True,1,54.0,54.0,18607823,B-09
128022122,2026-02-15,2026-02-16,2026-02,2026,B,Edificio B — City Center,Booking.com,OTA,reservation,True,1,86.0,86.0,47239256,B-05
128029572,2026-02-15,2026-02-16,2026-02,2026,D,Edificio D — Old Quarter,Booking.com,OTA,reservation,True,1,48.0,48.0,35587603,D-08
119596866,2026-02-15,2026-02-17,2026-02,2026,D,Edificio D — Old Quarter,Booking.com,OTA,cancellation,False,2,368.4,184.2,70054930,D-04
126157401,2026-02-15,2026-02-17,2026-02,2026,C,Edificio C — Riverside,Booking.com,OTA,reservation,True,2,160.2,80.1,36905216,C-03
127350191,2026-02-15,2026-02-17,2026-02,2026,E,Edificio E — Budget Inn,Booking.com,OTA,reservation,True,2,60.0,30.0,15773122,E-08
127405571,2026-02-15,2026-02-17,2026-02,2026,C,Edificio C — Riverside,Website,Directo,reservation,True,2,160.0,80.0,83343491,C-08
127425363,2026-02-15,2026-02-17,2026-02,2026,E,Edificio E — Budget Inn,Booking.com,OTA,reservation,True,2,48.0,24.0,61702403,E-03
127425367,2026-02-15,2026-02-17,2026-02,2026,E,Edificio E — Budget Inn,Booking.com,OTA,reservation,True,2,48.0,24.0,61702403,E-01
127773472,2026-02-15,2026-02-22,2026-02,2026,E,Edificio E — Budget Inn,Booking.com,OTA,reservation,True,7,280.0,40.0,88187429,E-10
127773477,2026-02-15,2026-02-22,2026-02,2026,E,Edificio E — Budget Inn,Booking.com,OTA,reservation,True,7,280.0,40.0,88187429,E-09
127214606,2026-02-16,2026-02-17,2026-02,2026,B,Edificio B — City Center,Booking.com,OTA,reservation,True,1,71.0,71.0,25457419,B-04
127282526,2026-02-16,2026-02-17,2026-02,2026,B,Edificio B — City Center,Booking.com,OTA,reservation,True,1,166.0,166.0,18301436,B-05
127714582,2026-02-16,2026-02-17,2026-02,2026,B,Edificio B — City Center,Booking.com,OTA,reservation,True,1,95.0,95.0,86124432,B-07
127724912,2026-02-16,2026-02-17,2026-02,2026,E,Edificio E — Budget Inn,Booking.com,OTA,modification of booking,False,1,24.0,24.0,35629705,E-06
127833037,2026-02-16,2026-02-17,2026-02,2026,E,Edificio E — Budget Inn,Booking.com,OTA,reservation,True,1,30.0,30.0,39242445,E-11
127880767,2026-02-16,2026-02-17,2026-02,2026,E,Edificio E — Budget Inn,Booking.com,OTA,reservation,True,1,30.0,30.0,19790704,E-02
127971892,2026-02-16,2026-02-17,2026-02,2026,B,Edificio B — City Center,Airbnb,OTA,reservation,True,1,71.0,71.0,63303123,B-09
127986982,2026-02-16,2026-02-17,2026-02,2026,E,Edificio E — Budget Inn,Booking.com,OTA,reservation,True,1,24.0,24.0,85244585,E-14
128008262,2026-02-16,2026-02-17,2026-02,2026,D,Edificio D — Old Quarter,Airbnb,OTA,reservation,True,1,78.1,78.1,43678831,D-01
128058882,2026-02-16,2026-02-17,2026-02,2026,A,Edificio A — Urban District,Booking.com,OTA,cancellation,False,1,56.7,56.7,29366883,A-02
128118532,2026-02-16,2026-02-17,2026-02,2026,OTRO,Otros,Direct booking,Directo,modification of booking,False,1,25.0,25.0,41460849,OTRO-01
128127822,2026-02-16,2026-02-17,2026-02,2026,B,Edificio B — City Center,Booking.com,OTA,reservation,True,1,89.0,89.0,20307742,B-06
128146342,2026-02-16,2026-02-17,2026-02,2026,D,Edificio D — Old Quarter,Booking.com,OTA,reservation,True,1,65.0,65.0,22251466,D-04
127426919,2026-02-16,2026-02-18,2026-02,2026,E,Edificio E — Budget Inn,Booking.com,OTA,modification of booking,False,2,48.0,24.0,38701328,E-12
127443279,2026-02-16,2026-02-18,2026-02,2026,E,Edificio E — Budget Inn,Airbnb,OTA,reservation,True,2,60.0,30.0,51610157,E-04
127920252,2026-02-16,2026-02-18,2026-02,2026,B,Edificio B — City Center,Airbnb,OTA,reservation,True,2,136.0,68.0,13093937,B-08
128018687,2026-02-16,2026-02-18,2026-02,2026,A,Edificio A — Urban District,Booking.com,OTA,reservation,True,2,81.0,40.5,37788725,A-01
126809056,2026-02-16,2026-02-19,2026-02,2026,E,Edificio E — Budget Inn,Airbnb,OTA,reservation,True,3,90.0,30.0,60383925,E-13
127640467,2026-02-16,2026-02-19,2026-02,2026,C,Edificio C — Riverside,Booking.com,OTA,reservation,True,3,195.0,65.0,34905193,C-05
127776082,2026-02-16,2026-02-19,2026-02,2026,E,Edificio E — Budget Inn,Booking.com,OTA,reservation,True,3,72.0,24.0,79560437,E-05
124321441,2026-02-16,2026-02-20,2026-02,2026,B,Edificio B — City Center,Booking.com,OTA,reservation,True,4,284.0,71.0,70053061,B-02
127586687,2026-02-16,2026-02-20,2026-02,2026,E,Edificio E — Budget Inn,Booking.com,OTA,reservation,True,4,120.0,30.0,37178454,E-07
128131487,2026-02-16,2026-02-20,2026-02,2026,C,Edificio C — Riverside,Airbnb,OTA,reservation,True,4,243.0,60.75,57936500,C-04
127447751,2026-02-17,2026-02-18,2026-02,2026,B,Edificio B — City Center,Booking.com,OTA,reservation,True,1,166.0,166.0,41120901,B-05
127906127,2026-02-17,2026-02-18,2026-02,2026,E,Edificio E — Budget Inn,Booking.com,OTA,reservation,True,1,24.0,24.0,17113532,E-14
127906137,2026-02-17,2026-02-18,2026-02,2026,E,Edificio E — Budget Inn,Booking.com,OTA,reservation,True,1,24.0,24.0,17113532,E-01
128111142,2026-02-17,2026-02-18,2026-02,2026,E,Edificio E — Budget Inn,Booking.com,OTA,reservation,True,1,30.0,30.0,11131116,E-08
128218817,2026-02-17,2026-02-18,2026-02,2026,C,Edificio C — Riverside,Airbnb,OTA,reservation,True,1,48.0,48.0,75856329,C-01
128224847,2026-02-17,2026-02-18,2026-02,2026,E,Edificio E — Budget Inn,Booking.com,OTA,reservation,True,1,30.0,30.0,13437923,E-11
128225037,2026-02-17,2026-02-18,2026-02,2026,C,Edificio C — Riverside,Booking.com,OTA,reservation,True,1,43.2,43.2,28710696,C-03
128237202,2026-02-17,2026-02-18,2026-02,2026,A,Edificio A — Urban District,Booking.com,OTA,reservation,True,1,37.8,37.8,36137814,A-02
128245162,2026-02-17,2026-02-18,2026-02,2026,E,Edificio E — Budget Inn,Booking.com,OTA,modification of booking,False,1,30.0,30.0,39442580,E-06
128248167,2026-02-17,2026-02-18,2026-02,2026,B,Edificio B — City Center,Booking.com,OTA,reservation,True,1,54.0,54.0,65007394,B-09
128269422,2026-02-17,2026-02-18,2026-02,2026,C,Edificio C — Riverside,Airbnb,OTA,reservation,True,1,63.0,63.0,46950695,C-07
128275012,2026-02-17,2026-02-18,2026-02,2026,E,Edificio E — Budget Inn,Blocked channel,Bloqueado,cancellation,False,1,0.0,0.0,UNKNOWN,E-06
128290162,2026-02-17,2026-02-18,2026-02,2026,C,Edificio C — Riverside,Booking.com,OTA,reservation,True,1,43.2,43.2,46492739,C-02
128290972,2026-02-17,2026-02-18,2026-02,2026,D,Edificio D — Old Quarter,Booking.com,OTA,reservation,True,1,65.0,65.0,35457984,D-04
128136002,2026-02-17,2026-02-19,2026-02,2026,D,Edificio D — Old Quarter,Booking.com,OTA,reservation,True,2,108.0,54.0,18049780,D-08
128144802,2026-02-17,2026-02-19,2026-02,2026,D,Edificio D — Old Quarter,Booking.com,OTA,reservation,True,2,154.0,77.0,40862804,D-02
128212892,2026-02-17,2026-02-19,2026-02,2026,C,Edificio C — Riverside,Airbnb,OTA,modification of booking,False,2,96.0,48.0,30041445,C-08
128223297,2026-02-17,2026-02-20,2026-02,2026,D,Edificio D — Old Quarter,Booking.com,OTA,reservation,True,3,258.0,86.0,58900268,D-03
127827277,2026-02-17,2026-02-22,2026-02,2026,E,Edificio E — Budget Inn,Booking.com,OTA,reservation,True,5,174.0,34.8,25815992,E-03
127936197,2026-02-18,2026-02-19,2026-02,2026,B,Edificio B — City Center,Airbnb,OTA,reservation,True,1,77.0,77.0,25755661,B-06
128036407,2026-02-18,2026-02-19,2026-02,2026,A,Edificio A — Urban District,Booking.com,OTA,reservation,True,1,43.2,43.2,89379005,A-01
128040712,2026-02-18,2026-02-19,2026-02,2026,B,Edificio B — City Center,Booking.com,OTA,reservation,True,1,107.0,107.0,80687766,B-09
128279727,2026-02-18,2026-02-19,2026-02,2026,D,Edificio D — Old Quarter,Booking.com,OTA,reservation,True,1,71.0,71.0,76297316,D-04
128291597,2026-02-18,2026-02-19,2026-02,2026,C,Edificio C — Riverside,Website,Directo,reservation,True,1,40.0,40.0,50356517,C-06
128298697,2026-02-18,2026-02-19,2026-02,2026,C,Edificio C — Riverside,Airbnb,OTA,reservation,True,1,48.0,48.0,80119174,C-01
128351532,2026-02-18,2026-02-19,2026-02,2026,C,Edificio C — Riverside,Booking.com,OTA,reservation,True,1,43.2,43.2,67317028,C-02
128361117,2026-02-18,2026-02-19,2026-02,2026,C,Edificio C — Riverside,Booking.com,OTA,reservation,True,1,56.7,56.7,38277041,C-03
128364247,2026-02-18,2026-02-19,2026-02,2026,A,Edificio A — Urban District,Booking.com,OTA,reservation,True,1,37.8,37.8,13258854,A-02
128369947,2026-02-18,2026-02-19,2026-02,2026,E,Edificio E — Budget Inn,Booking.com,OTA,reservation,True,1,24.0,24.0,76302528,E-06
128370162,2026-02-18,2026-02-19,2026-02,2026,C,Edificio C — Riverside,Website,Directo,reservation,True,1,40.0,40.0,30476640,C-07
128380052,2026-02-18,2026-02-19,2026-02,2026,E,Edificio E — Budget Inn,Booking.com,OTA,reservation,True,1,30.0,30.0,62875360,E-11
128389422,2026-02-18,2026-02-19,2026-02,2026,E,Edificio E — Budget Inn,Airbnb,OTA,reservation,True,1,24.0,24.0,37178454,E-12
128406212,2026-02-18,2026-02-19,2026-02,2026,E,Edificio E — Budget Inn,Booking.com,OTA,reservation,True,1,30.0,30.0,87294205,E-08
128415797,2026-02-18,2026-02-19,2026-02,2026,B,Edificio B — City Center,Booking.com,OTA,reservation,True,1,54.0,54.0,91982914,B-04
128249172,2026-02-18,2026-02-20,2026-02,2026,B,Edificio B — City Center,Airbnb,OTA,reservation,True,2,196.0,98.0,43806236,B-05
128348567,2026-02-18,2026-02-20,2026-02,2026,E,Edificio E — Budget Inn,Direct booking,Directo,reservation,True,2,50.0,25.0,55146763,E-01
128352752,2026-02-18,2026-02-20,2026-02,2026,B,Edificio B — City Center,Booking.com,OTA,reservation,True,2,124.0,62.0,63774630,B-07
128346222,2026-02-18,2026-02-21,2026-02,2026,D,Edificio D — Old Quarter,Direct booking,Directo,reservation,True,3,170.0,56.66666666666666,46420303,D-05
127667222,2026-02-19,2026-02-20,2026-02,2026,E,Edificio E — Budget Inn,Booking.com,OTA,reservation,True,1,24.0,24.0,49059850,E-05
127790382,2026-02-19,2026-02-20,2026-02,2026,E,Edificio E — Budget Inn,Booking.com,OTA,reservation,True,1,24.0,24.0,80095785,E-12
126230441,2026-02-01,2026-02-02,2026-02,2026,A,Edificio A — Urban District,Booking.com,OTA,reservation,True,1,37.8,37.8,38554705,A-01
126246816,2026-02-01,2026-02-02,2026-02,2026,C,Edificio C — Riverside,Website,Directo,reservation,True,1,40.0,40.0,78766617,C-08
126247236,2026-02-01,2026-02-02,2026-02,2026,B,Edificio B — City Center,Booking.com,OTA,reservation,True,1,59.0,59.0,52547071,B-08
126256731,2026-02-01,2026-02-02,2026-02,2026,E,Edificio E — Budget Inn,Booking.com,OTA,reservation,True,1,30.0,30.0,89485591,E-11
126261151,2026-02-01,2026-02-02,2026-02,2026,B,Edificio B — City Center,Airbnb,OTA,reservation,True,1,71.0,71.0,21648863,B-05
126290261,2026-02-01,2026-02-02,2026-02,2026,B,Edificio B — City Center,Booking.com,OTA,reservation,True,1,48.0,48.0,65444103,B-04
125542086,2026-02-01,2026-02-03,2026-02,2026,C,Edificio C — Riverside,Booking.com,OTA,cancellation,False,2,108.0,54.0,26507662,C-09
125544321,2026-02-01,2026-02-03,2026-02,2026,C,Edificio C — Riverside,Booking.com,OTA,reservation,True,2,118.0,59.0,37619450,C-01
125678946,2026-02-01,2026-02-06,2026-02,2026,E,Edificio E — Budget Inn,Booking.com,OTA,reservation,True,5,120.0,24.0,58842609,E-06
125485606,2026-02-01,2026-02-07,2026-02,2026,C,Edificio C — Riverside,Booking.com,OTA,reservation,True,6,328.5,54.75,27639064,C-03
125541451,2026-02-01,2026-02-07,2026-02,2026,C,Edificio C — Riverside,Booking.com,OTA,reservation,True,6,390.0,65.0,16003892,C-07
126061246,2026-02-02,2026-02-03,2026-02,2026,B,Edificio B — City Center,Booking.com,OTA,reservation,True,1,95.0,95.0,19321150,B-05
126061251,2026-02-02,2026-02-03,2026-02,2026,B,Edificio B — City Center,Booking.com,OTA,reservation,True,1,59.0,59.0,19321150,B-02
126229911,2026-02-02,2026-02-03,2026-02,2026,A,Edificio A — Urban District,Booking.com,OTA,reservation,True,1,43.2,43.2,56384437,A-01
126256466,2026-02-02,2026-02-03,2026-02,2026,E,Edificio E — Budget Inn,Airbnb,OTA,reservation,True,1,24.0,24.0,33158789,E-13
126302776,2026-02-02,2026-02-03,2026-02,2026,B,Edificio B — City Center,Booking.com,OTA,reservation,True,1,54.0,54.0,65444103,B-04
126332501,2026-02-02,2026-02-03,2026-02,2026,E,Edificio E — Budget Inn,Booking.com,OTA,reservation,True,1,30.0,30.0,46983625,E-08
126349956,2026-02-02,2026-02-03,2026-02,2026,B,Edificio B — City Center,Booking.com,OTA,reservation,True,1,54.0,54.0,52547071,B-03
126353346,2026-02-02,2026-02-03,2026-02,2026,E,Edificio E — Budget Inn,Airbnb,OTA,reservation,True,1,30.0,30.0,33764381,E-04
126380136,2026-02-02,2026-02-03,2026-02,2026,A,Edificio A — Urban District,Booking.com,OTA,reservation,True,1,37.8,37.8,82884482,A-02
126387156,2026-02-02,2026-02-03,2026-02,2026,E,Edificio E — Budget Inn,Direct booking,Directo,reservation,True,1,25.0,25.0,30396720,E-14
126387586,2026-02-02,2026-02-03,2026-02,2026,E,Edificio E — Budget Inn,Direct booking,Directo,reservation,True,1,25.0,25.0,30396720,E-03
126406726,2026-02-02,2026-02-03,2026-02,2026,B,Edificio B — City Center,Booking.com,OTA,reservation,True,1,59.0,59.0,60802355,B-09
126416356,2026-02-02,2026-02-03,2026-02,2026,C,Edificio C — Riverside,Booking.com,OTA,cancellation,False,1,54.0,54.0,12534486,C-06
126051416,2026-02-02,2026-02-04,2026-02,2026,B,Edificio B — City Center,Booking.com,OTA,reservation,True,2,130.0,65.0,28757778,B-08
125929281,2026-02-02,2026-02-05,2026-02,2026,E,Edificio E — Budget Inn,Airbnb,OTA,reservation,True,3,72.0,24.0,26416893,E-05
125864611,2026-02-02,2026-02-06,2026-02,2026,D,Edificio D — Old Quarter,Direct booking,Directo,modification of booking,False,4,242.0,60.5,46420303,D-05
126399776,2026-02-02,2026-02-06,2026-02,2026,D,Edificio D — Old Quarter,Direct booking,Directo,modification of booking,False,4,420.0,105.0,11813577,D-04
121221061,2026-02-02,2026-02-08,2026-02,2026,E,Edificio E — Budget Inn,Booking.com,OTA,reservation,True,6,180.0,30.0,32436676,E-01
125504021,2026-02-02,2026-03-28,2026-02,2026,B,Edificio B — City Center,Direct booking,Directo,cancellation,False,54,4860.0,90.0,41671500,B-01
125575761,2026-02-02,2026-03-28,2026-02,2026,B,Edificio B — City Center,Direct booking,Directo,modification of booking,False,54,4860.0,90.0,52315974,B-01
126336346,2026-02-03,2026-02-04,2026-02,2026,C,Edificio C — Riverside,Booking.com,OTA,reservation,True,1,54.0,54.0,71083966,C-09
126380516,2026-02-03,2026-02-04,2026-02,2026,C,Edificio C — Riverside,Booking.com,OTA,reservation,True,1,59.0,59.0,34125442,C-05
126457206,2026-02-03,2026-02-04,2026-02,2026,E,Edificio E — Budget Inn,Airbnb,OTA,reservation,True,1,30.0,30.0,17992041,E-04
126461091,2026-02-03,2026-02-04,2026-02,2026,B,Edificio B — City Center,Booking.com,OTA,reservation,True,1,83.0,83.0,17564065,B-05
126471941,2026-02-03,2026-02-04,2026-02,2026,E,Edificio E — Budget Inn,Booking.com,OTA,reservation,True,1,24.0,24.0,38573477,E-14
126497626,2026-02-03,2026-02-04,2026-02,2026,E,Edificio E — Budget Inn,Airbnb,OTA,reservation,True,1,24.0,24.0,23395857,E-13
126506301,2026-02-03,2026-02-04,2026-02,2026,C,Edificio C — Riverside,Booking.com,OTA,reservation,True,1,54.0,54.0,24109569,C-04
126518631,2026-02-03,2026-02-04,2026-02,2026,A,Edificio A — Urban District,Booking.com,OTA,reservation,True,1,37.8,37.8,23216759,A-01
126531136,2026-02-03,2026-02-04,2026-02,2026,E,Edificio E — Budget Inn,Booking.com,OTA,reservation,True,1,30.0,30.0,50032423,E-09
126540901,2026-02-03,2026-02-04,2026-02,2026,B,Edificio B — City Center,Booking.com,OTA,reservation,True,1,59.0,59.0,40318583,B-07
126548356,2026-02-03,2026-02-04,2026-02,2026,B,Edificio B — City Center,Booking.com,OTA,cancellation,False,1,54.0,54.0,33149370,B-04
120950046,2026-02-03,2026-02-05,2026-02,2026,E,Edificio E — Budget Inn,Booking.com,OTA,modification of booking,False,2,56.0,28.0,38156827,E-17
123739886,2026-02-03,2026-02-05,2026-02,2026,C,Edificio C — Riverside,Booking.com,OTA,reservation,True,2,127.8,63.9,63559052,C-02
123746466,2026-02-03,2026-02-05,2026-02,2026,OTRO,Otros,Direct booking,Directo,reservation,True,2,50.0,25.0,70471288,OTRO-02
125967201,2026-02-03,2026-02-05,2026-02,2026,B,Edificio B — City Center,Booking.com,OTA,reservation,True,2,118.0,59.0,48600471,B-09
126500836,2026-02-03,2026-02-05,2026-02,2026,E,Edificio E — Budget Inn,Direct booking,Directo,reservation,True,2,50.0,25.0,37896538,E-03
126518536,2026-02-03,2026-02-05,2026-02,2026,B,Edificio B — City Center,Booking.com,OTA,reservation,True,2,96.0,48.0,90643989,B-02
125765241,2026-02-03,2026-02-06,2026-02,2026,E,Edificio E — Budget Inn,Booking.com,OTA,modification of booking,False,3,90.0,30.0,46877047,E-18
126207711,2026-02-03,2026-02-06,2026-02,2026,B,Edificio B — City Center,Booking.com,OTA,reservation,True,3,177.0,59.0,57232729,B-03
126062151,2026-02-04,2026-02-05,2026-02,2026,D,Edificio D — Old Quarter,Booking.com,OTA,reservation,True,1,113.0,113.0,19321150,D-03
126359281,2026-02-04,2026-02-05,2026-02,2026,A,Edificio A — Urban District,Direct booking,Directo,cancellation,False,1,40.0,40.0,49922215,A-01
126575466,2026-02-04,2026-02-05,2026-02,2026,E,Edificio E — Budget Inn,Booking.com,OTA,reservation,True,1,30.0,30.0,46983625,E-10
126595536,2026-02-04,2026-02-05,2026-02,2026,B,Edificio B — City Center,Booking.com,OTA,reservation,True,1,59.0,59.0,79934871,B-08
126633686,2026-02-04,2026-02-05,2026-02,2026,B,Edificio B — City Center,Booking.com,OTA,reservation,True,1,54.0,54.0,23216759,B-06
126637026,2026-02-04,2026-02-05,2026-02,2026,C,Edificio C — Riverside,Booking.com,OTA,reservation,True,1,54.0,54.0,24109569,C-05
126644426,2026-02-04,2026-02-05,2026-02,2026,E,Edificio E — Budget Inn,Booking.com,OTA,reservation,True,1,24.0,24.0,40292662,E-14
126685436,2026-02-04,2026-02-05,2026-02,2026,E,Edificio E — Budget Inn,Airbnb,OTA,reservation,True,1,24.0,24.0,23395857,E-12
126691391,2026-02-04,2026-02-05,2026-02,2026,D,Edificio D — Old Quarter,Booking.com,OTA,reservation,True,1,65.0,65.0,58265546,D-01
126701191,2026-02-04,2026-02-05,2026-02,2026,E,Edificio E — Budget Inn,Booking.com,OTA,reservation,True,1,30.0,30.0,29605631,E-08
126701386,2026-02-04,2026-02-05,2026-02,2026,C,Edificio C — Riverside,Booking.com,OTA,reservation,True,1,48.0,48.0,87124212,C-01
126703406,2026-02-04,2026-02-05,2026-02,2026,C,Edificio C — Riverside,Booking.com,OTA,reservation,True,1,48.0,48.0,62281371,C-08
126703931,2026-02-04,2026-02-05,2026-02,2026,E,Edificio E — Budget Inn,Direct booking,Directo,modification of booking,False,1,0.0,0.0,53329926,E-11
126704181,2026-02-04,2026-02-05,2026-02,2026,E,Edificio E — Budget Inn,Booking.com,OTA,reservation,True,1,30.0,30.0,10368935,E-02
126712686,2026-02-04,2026-02-05,2026-02,2026,C,Edificio C — Riverside,Booking.com,OTA,reservation,True,1,48.0,48.0,58868176,C-06
125544066,2026-02-04,2026-02-06,2026-02,2026,E,Edificio E — Budget Inn,Airbnb,OTA,reservation,True,2,48.0,24.0,47931633,E-13
126025391,2026-02-04,2026-02-06,2026-02,2026,B,Edificio B — City Center,Booking.com,OTA,reservation,True,2,118.0,59.0,72970478,B-04
126499961,2026-02-04,2026-02-06,2026-02,2026,A,Edificio A — Urban District,Booking.com,OTA,reservation,True,2,75.6,37.8,41842886,A-01
126631816,2026-02-04,2026-02-06,2026-02,2026,B,Edificio B — City Center,Direct booking,Directo,reservation,True,2,130.0,65.0,42459098,B-07
126655421,2026-02-04,2026-02-06,2026-02,2026,B,Edificio B — City Center,Direct booking,Directo,reservation,True,2,160.0,80.0,19481169,B-05
126656881,2026-02-04,2026-02-06,2026-02,2026,OTRO,Otros,Direct booking,Directo,reservation,True,2,50.0,25.0,83945633,OTRO-01
126500106,2026-02-04,2026-02-07,2026-02,2026,C,Edificio C — Riverside,Booking.com,OTA,reservation,True,3,207.0,69.0,36508579,C-04
126599581,2026-02-04,2026-02-07,2026-02,2026,A,Edificio A — Urban District,Booking.com,OTA,reservation,True,3,144.9,48.3,42459098,A-02
124960761,2026-02-04,2026-02-08,2026-02,2026,D,Edificio D — Old Quarter,Booking.com,OTA,reservation,True,4,746.0,186.5,21375148,D-02
125432996,2026-02-05,2026-02-06,2026-02,2026,E,Edificio E — Budget Inn,Booking.com,OTA,reservation,True,1,24.0,24.0,26521391,E-05
126008911,2026-02-05,2026-02-06,2026-02,2026,E,Edificio E — Budget Inn,Booking.com,OTA,reservation,True,1,24.0,24.0,80095785,E-12
126097661,2026-02-05,2026-02-06,2026-02,2026,B,Edificio B — City Center,Booking.com,OTA,reservation,True,1,59.0,59.0,61032455,B-06
126672201,2026-02-05,2026-02-06,2026-02,2026,B,Edificio B — City Center,Booking.com,OTA,reservation,True,1,48.0,48.0,76336547,B-02
126685166,2026-02-05,2026-02-06,2026-02,2026,E,Edificio E — Budget Inn,Booking.com,OTA,reservation,True,1,30.0,30.0,43907664,E-09
126756721,2026-02-05,2026-02-06,2026-02,2026,B,Edificio B — City Center,Direct booking,Directo,modification of booking,False,1,59.0,59.0,81641656,B-08
126759016,2026-02-05,2026-02-06,2026-02,2026,D,Edificio D — Old Quarter,Direct booking,Directo,cancellation,False,1,65.0,65.0,21223798,D-01
126765846,2026-02-05,2026-02-06,2026-02,2026,C,Edificio C — Riverside,Direct booking,Directo,modification of booking,False,1,54.0,54.0,46500668,C-05
126767306,2026-02-05,2026-02-06,2026-02,2026,C,Edificio C — Riverside,Direct booking,Directo,reservation,True,1,54.0,54.0,33791957,C-08
126788956,2026-02-05,2026-02-06,2026-02,2026,E,Edificio E — Budget Inn,Direct booking,Directo,modification of booking,False,1,25.0,25.0,49925198,E-14
126829986,2026-02-05,2026-02-06,2026-02,2026,C,Edificio C — Riverside,Booking.com,OTA,reservation,True,1,48.0,48.0,68964602,C-01
126836166,2026-02-05,2026-02-06,2026-02,2026,B,Edificio B — City Center,Booking.com,OTA,reservation,True,1,54.0,54.0,15697503,B-09
126837876,2026-02-05,2026-02-06,2026-02,2026,E,Edificio E — Budget Inn,Booking.com,OTA,reservation,True,1,24.0,24.0,27771929,E-03
126838626,2026-02-05,2026-02-06,2026-02,2026,D,Edificio D — Old Quarter,Website,Directo,reservation,True,1,50.0,50.0,25768652,D-08
122430311,2026-02-05,2026-02-07,2026-02,2026,E,Edificio E — Budget Inn,Booking.com,OTA,reservation,True,2,89.0,44.5,26955103,E-04
124476681,2026-02-05,2026-02-07,2026-02,2026,E,Edificio E — Budget Inn,Booking.com,OTA,cancellation,False,2,62.0,31.0,28797650,E-05
126259986,2026-02-05,2026-02-07,2026-02,2026,C,Edificio C — Riverside,Direct booking,Directo,modification of booking,False,2,150.0,75.0,22121070,C-06
122312226,2026-02-06,2026-02-07,2026-02,2026,E,Edificio E — Budget Inn,Booking.com,OTA,cancellation,False,1,48.0,48.0,59826225,E-11
123338341,2026-02-06,2026-02-07,2026-02,2026,E,Edificio E — Budget Inn,Booking.com,OTA,reservation,True,1,34.0,34.0,80165811,E-06
123415236,2026-02-06,2026-02-07,2026-02,2026,E,Edificio E — Budget Inn,Booking.com,OTA,reservation,True,1,48.0,48.0,55612602,E-09
124288901,2026-02-06,2026-02-07,2026-02,2026,E,Edificio E — Budget Inn,Booking.com,OTA,cancellation,False,1,48.0,48.0,84752532,E-02
124465446,2026-02-06,2026-02-07,2026-02,2026,E,Edificio E — Budget Inn,Booking.com,OTA,reservation,True,1,34.0,34.0,36475371,E-14
124943361,2026-02-06,2026-02-07,2026-02,2026,E,Edificio E — Budget Inn,Booking.com,OTA,reservation,True,1,34.0,34.0,19545633,E-05
125166636,2026-02-06,2026-02-07,2026-02,2026,C,Edificio C — Riverside,Booking.com,OTA,reservation,True,1,119.0,119.0,54021965,C-08
125920126,2026-02-06,2026-02-07,2026-02,2026,B,Edificio B — City Center,Booking.com,OTA,reservation,True,1,107.0,107.0,64294830,B-02
126872661,2026-02-06,2026-02-07,2026-02,2026,E,Edificio E — Budget Inn,Booking.com,OTA,reservation,True,1,48.0,48.0,85060301,E-02
126895806,2026-02-06,2026-02-07,2026-02,2026,E,Edificio E — Budget Inn,Direct booking,Directo,reservation,True,1,35.0,35.0,43023076,E-13
126895911,2026-02-06,2026-02-07,2026-02,2026,E,Edificio E — Budget Inn,Direct booking,Directo,reservation,True,1,35.0,35.0,43023076,E-03
126903031,2026-02-06,2026-02-07,2026-02,2026,E,Edificio E — Budget Inn,Booking.com,OTA,reservation,True,1,48.0,48.0,69910163,E-11
126942356,2026-02-06,2026-02-07,2026-02,2026,E,Edificio E — Budget Inn,Booking.com,OTA,reservation,True,1,42.0,42.0,71985142,E-10
118778621,2026-02-06,2026-02-08,2026-02,2026,B,Edificio B — City Center,Booking.com,OTA,reservation,True,2,1132.8,566.4,84929803,B-05
121798166,2026-02-06,2026-02-08,2026-02,2026,E,Edificio E — Budget Inn,Booking.com,OTA,reservation,True,2,68.0,34.0,90868813,E-12
122093211,2026-02-06,2026-02-08,2026-02,2026,D,Edificio D — Old Quarter,Booking.com,OTA,cancellation,False,2,554.4,277.2,47452484,D-08
122756796,2026-02-06,2026-02-08,2026-02,2026,E,Edificio E — Budget Inn,Booking.com,OTA,reservation,True,2,96.0,48.0,81266689,E-07
122876226,2026-02-06,2026-02-08,2026-02,2026,E,Edificio E — Budget Inn,Booking.com,OTA,reservation,True,2,96.0,48.0,59826225,E-08
123728616,2026-02-06,2026-02-08,2026-02,2026,E,Edificio E — Budget Inn,Booking.com,OTA,cancellation,False,2,68.0,34.0,33740724,E-14
124467566,2026-02-06,2026-02-08,2026-02,2026,A,Edificio A — Urban District,Booking.com,OTA,reservation,True,2,202.5,101.25,68053998,A-01
124652951,2026-02-06,2026-02-08,2026-02,2026,D,Edificio D — Old Quarter,Booking.com,OTA,reservation,True,2,566.4,283.2,23197138,D-01
124771016,2026-02-06,2026-02-08,2026-02,2026,E,Edificio E — Budget Inn,Booking.com,OTA,cancellation,False,2,68.0,34.0,50369036,E-03
124852636,2026-02-06,2026-02-08,2026-02,2026,D,Edificio D — Old Quarter,Booking.com,OTA,reservation,True,2,178.0,89.0,57614627,D-05
124871856,2026-02-06,2026-02-08,2026-02,2026,D,Edificio D — Old Quarter,Booking.com,OTA,reservation,True,2,172.0,86.0,33179430,D-07
124912046,2026-02-06,2026-02-08,2026-02,2026,C,Edificio C — Riverside,Website,Directo,reservation,True,2,160.0,80.0,84463262,C-09
124969551,2026-02-06,2026-02-08,2026-02,2026,C,Edificio C — Riverside,Booking.com,OTA,reservation,True,2,214.0,107.0,11725190,C-05
124985251,2026-02-06,2026-02-08,2026-02,2026,C,Edificio C — Riverside,Booking.com,OTA,reservation,True,2,171.0,85.5,60307005,C-02
125100541,2026-02-06,2026-02-08,2026-02,2026,B,Edificio B — City Center,Booking.com,OTA,reservation,True,2,260.0,130.0,79854786,B-09
125111051,2026-02-06,2026-02-08,2026-02,2026,B,Edificio B — City Center,Booking.com,OTA,reservation,True,2,308.0,154.0,56241595,B-03
125111056,2026-02-06,2026-02-08,2026-02,2026,B,Edificio B — City Center,Booking.com,OTA,reservation,True,2,284.0,142.0,56241595,B-06
125130531,2026-02-06,2026-02-08,2026-02,2026,C,Edificio C — Riverside,Booking.com,OTA,reservation,True,2,214.0,107.0,88607709,C-01
125172666,2026-02-06,2026-02-08,2026-02,2026,B,Edificio B — City Center,Booking.com,OTA,reservation,True,2,284.0,142.0,47748687,B-08
125231651,2026-02-06,2026-02-08,2026-02,2026,D,Edificio D — Old Quarter,Booking.com,OTA,reservation,True,2,461.0,230.5,60587838,D-04
125374301,2026-02-06,2026-02-08,2026-02,2026,D,Edificio D — Old Quarter,Booking.com,OTA,reservation,True,2,485.0,242.5,65870924,D-03
125483631,2026-02-06,2026-02-08,2026-02,2026,OTRO,Otros,Direct booking,Directo,reservation,True,2,50.0,25.0,91027648,OTRO-01
125595476,2026-02-06,2026-02-08,2026-02,2026,B,Edificio B — City Center,Website,Directo,reservation,True,2,250.0,125.0,47470214,B-07
117670511,2026-02-06,2026-02-09,2026-02,2026,E,Edificio E — Budget Inn,Booking.com,OTA,cancellation,False,3,96.0,32.0,40143845,E-12
124873876,2026-02-06,2026-02-09,2026-02,2026,B,Edificio B — City Center,Booking.com,OTA,reservation,True,3,307.0,102.33333333333331,46448693,B-04
124876161,2026-02-06,2026-02-09,2026-02,2026,D,Edificio D — Old Quarter,Booking.com,OTA,reservation,True,3,285.0,95.0,56181873,D-08
117716741,2026-02-07,2026-02-08,2026-02,2026,E,Edificio E — Budget Inn,Booking.com,OTA,reservation,True,1,48.0,48.0,81959155,E-02
118788871,2026-02-07,2026-02-08,2026-02,2026,E,Edificio E — Budget Inn,Booking.com,OTA,modification of booking,False,1,48.0,48.0,37620575,E-10
118873596,2026-02-07,2026-02-08,2026-02,2026,E,Edificio E — Budget Inn,Booking.com,OTA,reservation,True,1,48.0,48.0,65504359,E-11
121952436,2026-02-07,2026-02-08,2026-02,2026,E,Edificio E — Budget Inn,Booking.com,OTA,cancellation,False,1,48.0,48.0,89924189,E-09
122052396,2026-02-07,2026-02-08,2026-02,2026,E,Edificio E — Budget Inn,Booking.com,OTA,reservation,True,1,34.0,34.0,19220441,E-05
122135771,2026-02-07,2026-02-08,2026-02,2026,E,Edificio E — Budget Inn,Booking.com,OTA,modification of booking,False,1,34.0,34.0,55543526,E-17
124380466,2026-02-07,2026-02-08,2026-02,2026,E,Edificio E — Budget Inn,Booking.com,OTA,reservation,True,1,48.0,48.0,42966817,E-04
124841851,2026-02-07,2026-02-08,2026-02,2026,C,Edificio C — Riverside,Booking.com,OTA,reservation,True,1,141.6,141.6,16098492,C-07
124878781,2026-02-07,2026-02-08,2026-02,2026,C,Edificio C — Riverside,Booking.com,OTA,cancellation,False,1,102.6,102.6,52820887,C-03
125137086,2026-02-07,2026-02-08,2026-02,2026,C,Edificio C — Riverside,Booking.com,OTA,reservation,True,1,156.0,156.0,53053604,C-06
126147721,2026-02-07,2026-02-08,2026-02,2026,E,Edificio E — Budget Inn,Booking.com,OTA,reservation,True,1,95.0,95.0,32442254,E-09
127047736,2026-02-07,2026-02-08,2026-02,2026,E,Edificio E — Budget Inn,Direct booking,Directo,reservation,True,1,75.0,75.0,48475746,E-13
124722351,2026-02-07,2026-02-09,2026-02,2026,A,Edificio A — Urban District,Booking.com,OTA,cancellation,False,2,204.12,102.06,81185785,A-02
124875141,2026-02-07,2026-02-09,2026-02,2026,C,Edificio C — Riverside,Booking.com,OTA,reservation,True,2,172.0,86.0,65025139,C-08
125060426,2026-02-07,2026-02-09,2026-02,2026,B,Edificio B — City Center,Booking.com,OTA,reservation,True,2,166.0,83.0,13039609,B-02
125081351,2026-02-07,2026-02-09,2026-02,2026,E,Edificio E — Budget Inn,Booking.com,OTA,reservation,True,2,62.0,31.0,13115813,E-03
125081361,2026-02-07,2026-02-09,2026-02,2026,E,Edificio E — Budget Inn,Booking.com,OTA,reservation,True,2,62.0,31.0,13115813,E-06
125081366,2026-02-07,2026-02-09,2026-02,2026,E,Edificio E — Budget Inn,Booking.com,OTA,reservation,True,2,62.0,31.0,13115813,E-14
125134506,2026-02-07,2026-02-09,2026-02,2026,C,Edificio C — Riverside,Booking.com,OTA,reservation,True,2,207.0,103.5,81185785,C-04
124972911,2026-02-07,2026-02-10,2026-02,2026,A,Edificio A — Urban District,Booking.com,OTA,modification of booking,False,3,276.0,92.0,66100918,A-02
125806936,2026-02-08,2026-02-09,2026-02,2026,E,Edificio E — Budget Inn,Booking.com,OTA,reservation,True,1,24.0,24.0,44974459,E-02
126514216,2026-02-08,2026-02-09,2026-02,2026,D,Edificio D — Old Quarter,Website,Directo,reservation,True,1,45.0,45.0,22793772,D-05
126851731,2026-02-08,2026-02-09,2026-02,2026,E,Edificio E — Budget Inn,Booking.com,OTA,reservation,True,1,24.0,24.0,35629705,E-12
126910631,2026-02-08,2026-02-09,2026-02,2026,B,Edificio B — City Center,Booking.com,OTA,reservation,True,1,77.0,77.0,55491133,B-05
126995936,2026-02-08,2026-02-09,2026-02,2026,B,Edificio B — City Center,Booking.com,OTA,reservation,True,1,59.0,59.0,86403282,B-07
127049716,2026-02-08,2026-02-09,2026-02,2026,E,Edificio E — Budget Inn,Booking.com,OTA,reservation,True,1,24.0,24.0,80503809,E-13
127090321,2026-02-08,2026-02-09,2026-02,2026,C,Edificio C — Riverside,Booking.com,OTA,reservation,True,1,72.0,72.0,73023866,C-07
127090326,2026-02-08,2026-02-09,2026-02,2026,C,Edificio C — Riverside,Booking.com,OTA,reservation,True,1,43.2,43.2,73023866,C-02
127090651,2026-02-08,2026-02-09,2026-02,2026,D,Edificio D — Old Quarter,Booking.com,OTA,reservation,True,1,113.0,113.0,52999220,D-02
127121371,2026-02-08,2026-02-09,2026-02,2026,E,Edificio E — Budget Inn,Booking.com,OTA,reservation,True,1,30.0,30.0,71303331,E-11
127125971,2026-02-08,2026-02-09,2026-02,2026,B,Edificio B — City Center,Booking.com,OTA,reservation,True,1,60.0,60.0,77296193,B-09
127127131,2026-02-08,2026-02-09,2026-02,2026,E,Edificio E — Budget Inn,Direct booking,Directo,cancellation,False,1,35.0,35.0,32573946,E-04
127127781,2026-02-08,2026-02-09,2026-02,2026,E,Edificio E — Budget Inn,Booking.com,OTA,reservation,True,1,24.0,24.0,54933528,E-05
127131091,2026-02-08,2026-02-09,2026-02,2026,B,Edificio B — City Center,Direct booking,Directo,reservation,True,1,59.0,59.0,22665572,B-06
127133446,2026-02-08,2026-02-09,2026-02,2026,E,Edificio E — Budget Inn,Booking.com,OTA,reservation,True,1,30.0,30.0,42602255,E-08
127140396,2026-02-08,2026-02-09,2026-02,2026,B,Edificio B — City Center,Booking.com,OTA,reservation,True,1,59.0,59.0,40448157,B-08
127143266,2026-02-08,2026-02-09,2026-02,2026,E,Edificio E — Budget Inn,Booking.com,OTA,reservation,True,1,24.0,24.0,79582989,E-01
127151511,2026-02-08,2026-02-09,2026-02,2026,D,Edificio D — Old Quarter,Website,Directo,reservation,True,1,55.0,55.0,33025042,D-04
127175661,2026-02-08,2026-02-09,2026-02,2026,E,Edificio E — Budget Inn,Direct booking,Directo,reservation,True,1,35.0,35.0,31962530,E-10
127209531,2026-02-08,2026-02-09,2026-02,2026,OTRO,Otros,Direct booking,Directo,reservation,True,1,25.0,25.0,22277582,OTRO-02
126704006,2026-02-08,2026-02-10,2026-02,2026,A,Edificio A — Urban District,Booking.com,OTA,reservation,True,2,81.0,40.5,70963975,A-01
126977871,2026-02-08,2026-02-10,2026-02,2026,B,Edificio B — City Center,Booking.com,OTA,reservation,True,2,107.0,53.5,19390951,B-03
127107736,2026-02-08,2026-02-10,2026-02,2026,E,Edificio E — Budget Inn,Booking.com,OTA,reservation,True,2,60.0,30.0,41752534,E-07
127172096,2026-02-08,2026-02-10,2026-02,2026,E,Edificio E — Budget Inn,Direct booking,Directo,cancellation,False,2,69.0,34.5,31962530,E-10
126828116,2026-02-08,2026-02-12,2026-02,2026,C,Edificio C — Riverside,Booking.com,OTA,reservation,True,4,210.0,52.5,49478368,C-03
124518811,2026-02-09,2026-02-10,2026-02,2026,C,Edificio C — Riverside,Direct booking,Directo,modification of booking,False,1,93.5,93.5,77629074,C-01
127205726,2026-02-09,2026-02-10,2026-02,2026,D,Edificio D — Old Quarter,Direct booking,Directo,modification of booking,False,1,105.0,105.0,34729139,D-02
127240956,2026-02-09,2026-02-10,2026-02,2026,B,Edificio B — City Center,Direct booking,Directo,modification of booking,False,1,59.0,59.0,11596305,B-08
127276021,2026-02-09,2026-02-10,2026-02,2026,E,Edificio E — Budget Inn,Direct booking,Directo,reservation,True,1,25.0,25.0,48422790,E-01
127290091,2026-02-09,2026-02-10,2026-02,2026,E,Edificio E — Budget Inn,Direct booking,Directo,modification of booking,False,1,30.0,30.0,72425604,E-10
127303271,2026-02-09,2026-02-10,2026-02,2026,B,Edificio B — City Center,Booking.com,OTA,reservation,True,1,60.0,60.0,66274688,B-04
127305421,2026-02-09,2026-02-10,2026-02,2026,E,Edificio E — Budget Inn,Booking.com,OTA,reservation,True,1,24.0,24.0,37022101,E-02
127309816,2026-02-09,2026-02-10,2026-02,2026,D,Edificio D — Old Quarter,Booking.com,OTA,reservation,True,1,42.0,42.0,80813202,D-07
127314786,2026-02-09,2026-02-10,2026-02,2026,D,Edificio D — Old Quarter,Booking.com,OTA,reservation,True,1,48.0,48.0,48875051,D-08
127152241,2026-02-09,2026-02-11,2026-02,2026,B,Edificio B — City Center,Booking.com,OTA,reservation,True,2,108.0,54.0,66171318,B-02
127243916,2026-02-09,2026-02-11,2026-02,2026,D,Edificio D — Old Quarter,Booking.com,OTA,reservation,True,2,118.0,59.0,51085140,D-05
123752001,2026-02-09,2026-02-12,2026-02,2026,D,Edificio D — Old Quarter,Direct booking,Directo,modification of booking,False,3,540.0,180.0,19679476,D-03
123752181,2026-02-09,2026-02-12,2026-02,2026,D,Edificio D — Old Quarter,Direct booking,Directo,reservation,True,3,540.0,180.0,19679476,D-04
127106016,2026-02-09,2026-02-12,2026-02,2026,B,Edificio B — City Center,Booking.com,OTA,reservation,True,3,177.0,59.0,11292654,B-06
125709366,2026-02-09,2026-02-13,2026-02,2026,E,Edificio E — Budget Inn,Booking.com,OTA,reservation,True,4,96.0,24.0,25860475,E-12
126719531,2026-02-09,2026-02-13,2026-02,2026,B,Edificio B — City Center,Booking.com,OTA,reservation,True,4,362.0,90.5,38802984,B-05
127280171,2026-02-09,2026-02-13,2026-02,2026,E,Edificio E — Budget Inn,Booking.com,OTA,reservation,True,4,120.0,30.0,46330121,E-11
127192061,2026-02-09,2026-02-14,2026-02,2026,C,Edificio C — Riverside,Booking.com,OTA,reservation,True,5,236.7,47.34,87750141,C-02
127276411,2026-02-09,2026-02-14,2026-02,2026,E,Edificio E — Budget Inn,Direct booking,Directo,cancellation,False,5,175.0,35.0,90858700,E-08
127337836,2026-02-09,2026-02-14,2026-02,2026,E,Edificio E — Budget Inn,Direct booking,Directo,modification of booking,False,5,175.0,35.0,28846484,E-08
126799781,2026-02-09,2026-02-15,2026-02,2026,E,Edificio E — Budget Inn,Airbnb,OTA,reservation,True,6,192.0,32.0,38971155,E-06
126995446,2026-02-10,2026-02-11,2026-02,2026,E,Edificio E — Budget Inn,Booking.com,OTA,cancellation,False,1,24.0,24.0,32135532,E-02
127067261,2026-02-10,2026-02-11,2026-02,2026,E,Edificio E — Budget Inn,Booking.com,OTA,modification of booking,False,1,24.0,24.0,36338320,E-01
127158376,2026-02-10,2026-02-11,2026-02,2026,D,Edificio D — Old Quarter,Website,Directo,reservation,True,1,40.0,40.0,41246751,D-08
127310541,2026-02-10,2026-02-11,2026-02,2026,B,Edificio B — City Center,Booking.com,OTA,reservation,True,1,59.0,59.0,52648458,B-04
127829352,2026-02-19,2026-02-20,2026-02,2026,B,Edificio B — City Center,Booking.com,OTA,cancellation,False,1,9.0,9.0,24103313,B-06
128048107,2026-02-19,2026-02-20,2026-02,2026,E,Edificio E — Budget Inn,Airbnb,OTA,reservation,True,1,24.0,24.0,64164161,E-13
128366177,2026-02-19,2026-02-20,2026-02,2026,A,Edificio A — Urban District,Booking.com,OTA,reservation,True,1,37.8,37.8,65476890,A-01
128395372,2026-02-19,2026-02-20,2026-02,2026,E,Edificio E — Budget Inn,Booking.com,OTA,reservation,True,1,30.0,30.0,20433512,E-08
128396222,2026-02-19,2026-02-20,2026-02,2026,E,Edificio E — Budget Inn,Booking.com,OTA,cancellation,False,1,30.0,30.0,86282204,E-11
128399657,2026-02-19,2026-02-20,2026-02,2026,B,Edificio B — City Center,Booking.com,OTA,reservation,True,1,65.0,65.0,21448477,B-08
128400032,2026-02-19,2026-02-20,2026-02,2026,B,Edificio B — City Center,Booking.com,OTA,reservation,True,1,59.0,59.0,50447428,B-09
128406292,2026-02-19,2026-02-20,2026-02,2026,E,Edificio E — Budget Inn,Booking.com,OTA,reservation,True,1,30.0,30.0,84893768,E-02
128422987,2026-02-19,2026-02-20,2026-02,2026,D,Edificio D — Old Quarter,Direct booking,Directo,reservation,True,1,65.0,65.0,42559484,D-02
128451337,2026-02-19,2026-02-20,2026-02,2026,A,Edificio A — Urban District,Booking.com,OTA,reservation,True,1,37.8,37.8,40136841,A-02
128455232,2026-02-19,2026-02-20,2026-02,2026,E,Edificio E — Budget Inn,Booking.com,OTA,reservation,True,1,30.0,30.0,40620675,E-04
128464532,2026-02-19,2026-02-20,2026-02,2026,C,Edificio C — Riverside,Direct booking,Directo,reservation,True,1,65.0,65.0,18458016,C-03
125113001,2026-02-19,2026-02-21,2026-02,2026,E,Edificio E — Budget Inn,Booking.com,OTA,reservation,True,2,62.0,31.0,79560437,E-14
127465907,2026-02-19,2026-02-21,2026-02,2026,B,Edificio B — City Center,Booking.com,OTA,reservation,True,2,208.0,104.0,81784865,B-04
128351707,2026-02-19,2026-02-21,2026-02,2026,B,Edificio B — City Center,Booking.com,OTA,reservation,True,2,172.0,86.0,11281571,B-06
128441267,2026-02-19,2026-02-21,2026-02,2026,D,Edificio D — Old Quarter,Booking.com,OTA,reservation,True,2,166.0,83.0,33147371,D-04
128073412,2026-02-19,2026-02-22,2026-02,2026,E,Edificio E — Budget Inn,Booking.com,OTA,reservation,True,3,114.0,38.0,69140065,E-06
128438652,2026-02-19,2026-02-23,2026-02,2026,C,Edificio C — Riverside,Booking.com,OTA,modification of booking,False,4,235.8,58.95,39371491,C-07
125740246,2026-02-19,2026-02-27,2026-02,2026,E,Edificio E — Budget Inn,Booking.com,OTA,cancellation,False,8,236.0,29.5,13124661,E-03
123202316,2026-02-20,2026-02-21,2026-02,2026,E,Edificio E — Budget Inn,Booking.com,OTA,reservation,True,1,34.0,34.0,54989137,E-12
126894141,2026-02-20,2026-02-21,2026-02,2026,B,Edificio B — City Center,Booking.com,OTA,reservation,True,1,154.0,154.0,86913587,B-03
126958701,2026-02-20,2026-02-21,2026-02,2026,A,Edificio A — Urban District,Booking.com,OTA,reservation,True,1,58.5,58.5,22097014,A-01
127378706,2026-02-20,2026-02-21,2026-02,2026,A,Edificio A — Urban District,Booking.com,OTA,reservation,True,1,63.9,63.9,60756804,A-02
128111247,2026-02-20,2026-02-21,2026-02,2026,D,Edificio D — Old Quarter,Website,Directo,reservation,True,1,140.0,140.0,71835867,D-01
128223077,2026-02-20,2026-02-21,2026-02,2026,B,Edificio B — City Center,Airbnb,OTA,reservation,True,1,152.0,152.0,66343501,B-07
128392147,2026-02-20,2026-02-21,2026-02,2026,C,Edificio C — Riverside,Airbnb,OTA,reservation,True,1,107.0,107.0,13569582,C-08
128421372,2026-02-20,2026-02-21,2026-02,2026,B,Edificio B — City Center,Booking.com,OTA,reservation,True,1,89.0,89.0,69258473,B-08
128443437,2026-02-20,2026-02-21,2026-02,2026,E,Edificio E — Budget Inn,Booking.com,OTA,reservation,True,1,48.0,48.0,37178454,E-08
128476292,2026-02-20,2026-02-21,2026-02,2026,C,Edificio C — Riverside,Booking.com,OTA,reservation,True,1,63.9,63.9,87665542,C-02
128554627,2026-02-20,2026-02-21,2026-02,2026,E,Edificio E — Budget Inn,Airbnb,OTA,reservation,True,1,53.0,53.0,35064049,E-04
128579467,2026-02-20,2026-02-21,2026-02,2026,E,Edificio E — Budget Inn,Booking.com,OTA,reservation,True,1,48.0,48.0,22058623,E-11
128582287,2026-02-20,2026-02-21,2026-02,2026,E,Edificio E — Budget Inn,Booking.com,OTA,reservation,True,1,48.0,48.0,45296852,E-07
128591772,2026-02-20,2026-02-21,2026-02,2026,E,Edificio E — Budget Inn,Booking.com,OTA,reservation,True,1,36.0,36.0,84366159,E-01
128612472,2026-02-20,2026-02-21,2026-02,2026,C,Edificio C — Riverside,Booking.com,OTA,reservation,True,1,95.0,95.0,89492914,C-09
128626132,2026-02-20,2026-02-21,2026-02,2026,D,Edificio D — Old Quarter,Booking.com,OTA,reservation,True,1,59.0,59.0,60148702,D-07
128628557,2026-02-20,2026-02-21,2026-02,2026,C,Edificio C — Riverside,Airbnb,OTA,reservation,True,1,101.0,101.0,12526262,C-05
128661277,2026-02-20,2026-02-21,2026-02,2026,D,Edificio D — Old Quarter,Airbnb,OTA,reservation,True,1,130.9,130.9,49789603,D-03
123663216,2026-02-20,2026-02-22,2026-02,2026,D,Edificio D — Old Quarter,Booking.com,OTA,cancellation,False,2,708.0,354.0,14859799,D-04
123663221,2026-02-20,2026-02-22,2026-02,2026,D,Edificio D — Old Quarter,Booking.com,OTA,cancellation,False,2,708.0,354.0,14859799,D-02
126533221,2026-02-20,2026-02-22,2026-02,2026,B,Edificio B — City Center,Booking.com,OTA,reservation,True,2,272.0,136.0,64686635,B-02
127237481,2026-02-20,2026-02-22,2026-02,2026,B,Edificio B — City Center,Booking.com,OTA,reservation,True,2,461.0,230.5,17933735,B-05
128190402,2026-02-20,2026-02-22,2026-02,2026,B,Edificio B — City Center,Booking.com,OTA,reservation,True,2,190.0,95.0,11227706,B-09
128319952,2026-02-20,2026-02-22,2026-02,2026,D,Edificio D — Old Quarter,Booking.com,OTA,reservation,True,2,220.0,110.0,80036652,D-08
128499492,2026-02-20,2026-02-22,2026-02,2026,C,Edificio C — Riverside,Website,Directo,modification of booking,False,2,135.0,67.5,60642547,C-06
128529312,2026-02-20,2026-02-22,2026-02,2026,C,Edificio C — Riverside,Airbnb,OTA,reservation,True,2,154.0,77.0,54283692,C-03
128614992,2026-02-20,2026-02-22,2026-02,2026,OTRO,Otros,Direct booking,Directo,reservation,True,2,50.0,25.0,25982294,OTRO-01
128548542,2026-02-20,2026-02-23,2026-02,2026,C,Edificio C — Riverside,Direct booking,Directo,reservation,True,3,198.0,66.0,85963588,C-04
128238077,2026-02-20,2026-02-25,2026-02,2026,E,Edificio E — Budget Inn,Booking.com,OTA,reservation,True,5,156.0,31.2,16029766,E-13
122620136,2026-02-21,2026-02-22,2026-02,2026,E,Edificio E — Budget Inn,Booking.com,OTA,reservation,True,1,34.0,34.0,17650875,E-01
123805846,2026-02-21,2026-02-22,2026-02,2026,E,Edificio E — Budget Inn,Booking.com,OTA,cancellation,False,1,34.0,34.0,47420659,E-13
127963512,2026-02-21,2026-02-22,2026-02,2026,B,Edificio B — City Center,Booking.com,OTA,reservation,True,1,107.0,107.0,60385943,B-04
128081102,2026-02-21,2026-02-22,2026-02,2026,B,Edificio B — City Center,Airbnb,OTA,reservation,True,1,116.0,116.0,47025153,B-06
128271432,2026-02-21,2026-02-22,2026-02,2026,D,Edificio D — Old Quarter,Booking.com,OTA,reservation,True,1,77.0,77.0,71573358,D-05
128356982,2026-02-21,2026-02-22,2026-02,2026,B,Edificio B — City Center,Booking.com,OTA,reservation,True,1,89.0,89.0,90729690,B-08
128366032,2026-02-21,2026-02-22,2026-02,2026,B,Edificio B — City Center,Booking.com,OTA,reservation,True,1,119.0,119.0,66173724,B-03
128412602,2026-02-21,2026-02-22,2026-02,2026,C,Edificio C — Riverside,Airbnb,OTA,reservation,True,1,113.0,113.0,78531425,C-05
128511257,2026-02-21,2026-02-22,2026-02,2026,C,Edificio C — Riverside,Booking.com,OTA,reservation,True,1,57.6,57.6,50027801,C-02
128557497,2026-02-21,2026-02-22,2026-02,2026,D,Edificio D — Old Quarter,Booking.com,OTA,modification of booking,False,1,137.0,137.0,52059325,D-02
128684652,2026-02-21,2026-02-22,2026-02,2026,E,Edificio E — Budget Inn,Airbnb,OTA,reservation,True,1,42.0,42.0,66651020,E-05
128692072,2026-02-21,2026-02-22,2026-02,2026,E,Edificio E — Budget Inn,Booking.com,OTA,reservation,True,1,54.0,54.0,50813934,E-08
128701682,2026-02-21,2026-02-22,2026-02,2026,E,Edificio E — Budget Inn,Booking.com,OTA,reservation,True,1,36.0,36.0,70607615,E-14
128713647,2026-02-21,2026-02-22,2026-02,2026,E,Edificio E — Budget Inn,Airbnb,OTA,reservation,True,1,53.0,53.0,50617545,E-04
128716792,2026-02-21,2026-02-22,2026-02,2026,D,Edificio D — Old Quarter,Direct booking,Directo,modification of booking,False,1,90.0,90.0,82912045,D-04
128722377,2026-02-21,2026-02-22,2026-02,2026,E,Edificio E — Budget Inn,Airbnb,OTA,reservation,True,1,36.0,36.0,58288334,E-12
128728902,2026-02-21,2026-02-22,2026-02,2026,C,Edificio C — Riverside,Airbnb,OTA,reservation,True,1,86.0,86.0,30231611,C-09
128737612,2026-02-21,2026-02-22,2026-02,2026,E,Edificio E — Budget Inn,Booking.com,OTA,reservation,True,1,48.0,48.0,67925761,E-07
128746012,2026-02-21,2026-02-22,2026-02,2026,D,Edificio D — Old Quarter,Booking.com,OTA,reservation,True,1,83.0,83.0,59053888,D-01
128749112,2026-02-21,2026-02-22,2026-02,2026,D,Edificio D — Old Quarter,Booking.com,OTA,reservation,True,1,98.0,98.0,77867895,D-03
122250766,2026-02-21,2026-02-23,2026-02,2026,E,Edificio E — Budget Inn,Booking.com,OTA,reservation,True,2,89.0,44.5,90471099,E-11
126623051,2026-02-21,2026-02-23,2026-02,2026,A,Edificio A — Urban District,Booking.com,OTA,reservation,True,2,159.3,79.65,86672158,A-02
128248522,2026-02-21,2026-02-23,2026-02,2026,A,Edificio A — Urban District,Booking.com,OTA,reservation,True,2,112.5,56.25,70650858,A-01
128346112,2026-02-21,2026-02-23,2026-02,2026,C,Edificio C — Riverside,Direct booking,Directo,reservation,True,2,130.0,65.0,46420303,C-08
128433012,2026-02-21,2026-02-23,2026-02,2026,B,Edificio B — City Center,Booking.com,OTA,reservation,True,2,154.0,77.0,49202136,B-07
128478932,2026-02-21,2026-02-23,2026-02,2026,C,Edificio C — Riverside,Airbnb,OTA,reservation,True,2,137.0,68.5,73007524,C-01
128521557,2026-02-21,2026-02-23,2026-02,2026,OTRO,Otros,Direct booking,Directo,reservation,True,2,50.0,25.0,49614310,OTRO-02
128684307,2026-02-21,2026-02-24,2026-02,2026,D,Edificio D — Old Quarter,Booking.com,OTA,reservation,True,3,167.0,55.66666666666666,77732259,D-07
123802021,2026-02-21,2026-02-25,2026-02,2026,E,Edificio E — Budget Inn,Booking.com,OTA,cancellation,False,4,118.0,29.5,47420659,E-14
128722052,2026-02-22,2026-02-23,2026-02,2026,E,Edificio E — Budget Inn,Booking.com,OTA,modification of booking,False,1,24.0,24.0,70607615,E-14
128798962,2026-02-22,2026-02-23,2026-02,2026,E,Edificio E — Budget Inn,Booking.com,OTA,reservation,True,1,24.0,24.0,77351618,E-12
128816602,2026-02-22,2026-02-23,2026-02,2026,B,Edificio B — City Center,Booking.com,OTA,reservation,True,1,69.0,69.0,49318560,B-02
128830682,2026-02-22,2026-02-23,2026-02,2026,E,Edificio E — Budget Inn,Airbnb,OTA,reservation,True,1,24.0,24.0,69795890,E-05
128844077,2026-02-22,2026-02-23,2026-02,2026,E,Edificio E — Budget Inn,Booking.com,OTA,reservation,True,1,30.0,30.0,11790635,E-02
128861352,2026-02-22,2026-02-23,2026-02,2026,E,Edificio E — Budget Inn,Booking.com,OTA,reservation,True,1,24.0,24.0,50032423,E-01
128865642,2026-02-22,2026-02-23,2026-02,2026,E,Edificio E — Budget Inn,Booking.com,OTA,reservation,True,1,30.0,30.0,86667771,E-08
128881422,2026-02-22,2026-02-23,2026-02,2026,C,Edificio C — Riverside,Booking.com,OTA,reservation,True,1,48.0,48.0,51148762,C-06
128884852,2026-02-22,2026-02-23,2026-02,2026,E,Edificio E — Budget Inn,Booking.com,OTA,reservation,True,1,30.0,30.0,49106902,E-07
128726532,2026-02-22,2026-02-25,2026-02,2026,E,Edificio E — Budget Inn,Airbnb,OTA,reservation,True,3,72.0,24.0,80362989,E-06
128539837,2026-02-22,2026-02-27,2026-02,2026,B,Edificio B — City Center,Direct booking,Directo,modification of booking,False,5,390.0,78.0,82918263,B-05
128540167,2026-02-22,2026-02-27,2026-02,2026,OTRO,Otros,Direct booking,Directo,reservation,True,5,125.0,25.0,59044112,OTRO-01
128615537,2026-02-22,2026-02-27,2026-02,2026,E,Edificio E — Budget Inn,Direct booking,Directo,reservation,True,5,150.0,30.0,73676345,E-10
128615657,2026-02-22,2026-02-27,2026-02,2026,E,Edificio E — Budget Inn,Direct booking,Directo,reservation,True,5,150.0,30.0,73676345,E-09
128679427,2026-02-22,2026-03-03,2026-02,2026,E,Edificio E — Budget Inn,Booking.com,OTA,modification of booking,False,9,288.0,32.0,43050448,E-15
123494461,2026-02-23,2026-02-24,2026-02,2026,E,Edificio E — Budget Inn,Booking.com,OTA,reservation,True,1,28.0,28.0,39774459,E-05
128790612,2026-02-23,2026-02-24,2026-02,2026,B,Edificio B — City Center,Booking.com,OTA,cancellation,False,1,59.0,59.0,50520238,B-04
128907302,2026-02-23,2026-02-24,2026-02,2026,C,Edificio C — Riverside,Direct booking,Directo,modification of booking,False,1,60.0,60.0,41068018,C-04
128953537,2026-02-23,2026-02-24,2026-02,2026,D,Edificio D — Old Quarter,Booking.com,OTA,reservation,True,1,48.0,48.0,63716055,D-08
128959382,2026-02-23,2026-02-24,2026-02,2026,E,Edificio E — Budget Inn,Booking.com,OTA,modification of booking,False,1,30.0,30.0,11790635,E-02
128963472,2026-02-23,2026-02-24,2026-02,2026,D,Edificio D — Old Quarter,Airbnb,OTA,reservation,True,1,71.5,71.5,11736389,D-03
128985002,2026-02-23,2026-02-24,2026-02,2026,E,Edificio E — Budget Inn,Booking.com,OTA,reservation,True,1,24.0,24.0,77351618,E-01
129044292,2026-02-23,2026-02-24,2026-02,2026,A,Edificio A — Urban District,Booking.com,OTA,reservation,True,1,37.8,37.8,85698988,A-02
121198171,2026-02-28,2026-03-01,2026-02,2026,E,Edificio E — Budget Inn,Booking.com,OTA,modification of booking,False,1,48.0,48.0,79793514,E-16
121198176,2026-02-28,2026-03-01,2026-02,2026,E,Edificio E — Budget Inn,Booking.com,OTA,modification of booking,False,1,48.0,48.0,79793514,E-18
121602231,2026-02-28,2026-03-01,2026-02,2026,E,Edificio E — Budget Inn,Booking.com,OTA,cancellation,False,1,48.0,48.0,43461823,E-02
121733496,2026-02-28,2026-03-01,2026-02,2026,E,Edificio E — Budget Inn,Booking.com,OTA,reservation,True,1,34.0,34.0,84850353,E-14
128755262,2026-02-28,2026-03-01,2026-02,2026,C,Edificio C — Riverside,Booking.com,OTA,reservation,True,1,65.0,65.0,31851996,C-05
129090022,2026-02-28,2026-03-01,2026-02,2026,B,Edificio B — City Center,Airbnb,OTA,reservation,True,1,107.0,107.0,58764093,B-06
129139412,2026-02-28,2026-03-01,2026-02,2026,D,Edificio D — Old Quarter,Airbnb,OTA,reservation,True,1,129.8,129.8,45082010,D-04
129175492,2026-02-28,2026-03-01,2026-02,2026,B,Edificio B — City Center,Booking.com,OTA,reservation,True,1,122.0,122.0,98413349,B-09
129254172,2026-02-28,2026-03-01,2026-02,2026,D,Edificio D — Old Quarter,Airbnb,OTA,reservation,True,1,146.3,146.3,25926285,D-03
129258372,2026-02-28,2026-03-01,2026-02,2026,E,Edificio E — Budget Inn,Direct booking,Directo,cancellation,False,1,54.0,54.0,74957485,E-03
129284877,2026-02-28,2026-03-01,2026-02,2026,A,Edificio A — Urban District,Booking.com,OTA,reservation,True,1,77.4,77.4,90266880,A-01
129405295,2026-02-28,2026-03-01,2026-02,2026,C,Edificio C — Riverside,Booking.com,OTA,reservation,True,1,112.5,112.5,28932090,C-03
129579820,2026-02-28,2026-03-01,2026-02,2026,B,Edificio B — City Center,Booking.com,OTA,reservation,True,1,107.0,107.0,21806693,B-08
129633700,2026-02-28,2026-03-01,2026-02,2026,C,Edificio C — Riverside,Booking.com,OTA,reservation,True,1,83.0,83.0,78993833,C-07
129650190,2026-02-28,2026-03-01,2026-02,2026,C,Edificio C — Riverside,Booking.com,OTA,reservation,True,1,77.0,77.0,81691628,C-09
129681255,2026-02-28,2026-03-01,2026-02,2026,C,Edificio C — Riverside,Booking.com,OTA,reservation,True,1,83.0,83.0,44138319,C-06
129686315,2026-02-28,2026-03-01,2026-02,2026,E,Edificio E — Budget Inn,Booking.com,OTA,reservation,True,1,36.0,36.0,74724835,E-12
119162681,2026-02-28,2026-03-02,2026-02,2026,A,Edificio A — Urban District,Booking.com,OTA,cancellation,False,2,122.04,61.02,30447264,A-02
128967712,2026-02-28,2026-03-02,2026-02,2026,E,Edificio E — Budget Inn,Booking.com,OTA,reservation,True,2,113.0,56.5,71985142,E-02
129280272,2026-02-28,2026-03-02,2026-02,2026,B,Edificio B — City Center,Booking.com,OTA,reservation,True,2,172.0,86.0,19744010,B-03
119995871,2026-02-28,2026-03-03,2026-02,2026,E,Edificio E — Budget Inn,Booking.com,OTA,cancellation,False,3,90.0,30.0,44314072,E-06
119995876,2026-02-28,2026-03-03,2026-02,2026,E,Edificio E — Budget Inn,Booking.com,OTA,cancellation,False,3,130.0,43.333333333333336,44314072,E-04
123313596,2026-02-28,2026-03-03,2026-02,2026,E,Edificio E — Budget Inn,Booking.com,OTA,reservation,True,3,130.0,43.333333333333336,15323471,E-07
124870596,2026-02-28,2026-03-03,2026-02,2026,E,Edificio E — Budget Inn,Booking.com,OTA,reservation,True,3,130.0,43.333333333333336,23223051,E-04
126819091,2026-02-28,2026-03-03,2026-02,2026,D,Edificio D — Old Quarter,Booking.com,OTA,reservation,True,3,332.0,110.66666666666669,30012019,D-05
128909247,2026-02-28,2026-03-03,2026-02,2026,A,Edificio A — Urban District,Booking.com,OTA,reservation,True,3,199.8,66.60000000000001,11845763,A-02
129402265,2026-02-28,2026-03-03,2026-02,2026,C,Edificio C — Riverside,Direct booking,Directo,reservation,True,3,220.0,73.33333333333333,84247939,C-04
129194927,2026-02-28,2026-03-06,2026-02,2026,D,Edificio D — Old Quarter,Booking.com,OTA,reservation,True,6,841.0,140.16666666666666,86779199,D-01
123231476,2026-02-28,2026-03-07,2026-02,2026,E,Edificio E — Budget Inn,Booking.com,OTA,cancellation,False,7,208.0,29.714285714285715,86779683,E-03
124475296,2026-02-28,2026-03-10,2026-02,2026,E,Edificio E — Budget Inn,Booking.com,OTA,cancellation,False,10,298.0,29.8,24754267,E-03
128850892,2026-03-01,2026-03-02,2026-03,2026,B,Edificio B — City Center,Booking.com,OTA,reservation,True,1,65.0,65.0,72458683,B-09
129184857,2026-03-01,2026-03-02,2026-03,2026,C,Edificio C — Riverside,Airbnb,OTA,reservation,True,1,65.0,65.0,53160707,C-07
129644305,2026-03-01,2026-03-02,2026-03,2026,E,Edificio E — Budget Inn,Booking.com,OTA,reservation,True,1,32.0,32.0,24711879,E-08
129673945,2026-03-01,2026-03-02,2026-03,2026,C,Edificio C — Riverside,Booking.com,OTA,reservation,True,1,43.2,43.2,52014567,C-02
129693560,2026-03-01,2026-03-02,2026-03,2026,E,Edificio E — Budget Inn,Airbnb,OTA,reservation,True,1,26.0,26.0,68734224,E-12
129701965,2026-03-01,2026-03-02,2026-03,2026,E,Edificio E — Budget Inn,Booking.com,OTA,reservation,True,1,26.0,26.0,67831060,E-14
129705930,2026-03-01,2026-03-02,2026-03,2026,C,Edificio C — Riverside,Booking.com,OTA,reservation,True,1,54.0,54.0,85991577,C-06
129713485,2026-03-01,2026-03-02,2026-03,2026,E,Edificio E — Budget Inn,Booking.com,OTA,reservation,True,1,32.0,32.0,72739291,E-11
129726930,2026-03-01,2026-03-02,2026-03,2026,E,Edificio E — Budget Inn,Booking.com,OTA,reservation,True,1,32.0,32.0,44407249,E-10
129777555,2026-03-01,2026-03-02,2026-03,2026,B,Edificio B — City Center,Booking.com,OTA,reservation,True,1,65.0,65.0,93879979,B-05
121558081,2026-03-01,2026-03-03,2026-03,2026,E,Edificio E — Budget Inn,Booking.com,OTA,cancellation,False,2,82.0,41.0,43937863,E-08
124098011,2026-03-01,2026-03-03,2026-03,2026,B,Edificio B — City Center,Booking.com,OTA,reservation,True,2,210.0,105.0,10506405,B-02
125063471,2026-03-01,2026-03-03,2026-03,2026,E,Edificio E — Budget Inn,Booking.com,OTA,modification of booking,False,2,56.0,28.0,81672072,E-06
128813327,2026-03-01,2026-03-03,2026-03,2026,B,Edificio B — City Center,Booking.com,OTA,reservation,True,2,161.0,80.5,28429154,B-08
129559895,2026-03-01,2026-03-03,2026-03,2026,B,Edificio B — City Center,Booking.com,OTA,reservation,True,2,142.0,71.0,11063997,B-06
129607960,2026-03-01,2026-03-03,2026-03,2026,C,Edificio C — Riverside,Booking.com,OTA,reservation,True,2,112.5,56.25,44266563,C-03
129704820,2026-03-01,2026-03-03,2026-03,2026,C,Edificio C — Riverside,Booking.com,OTA,reservation,True,2,131.0,65.5,39035481,C-05
129773150,2026-03-01,2026-03-03,2026-03,2026,D,Edificio D — Old Quarter,Booking.com,OTA,reservation,True,2,120.0,60.0,15829280,D-07
129534840,2026-03-01,2026-03-05,2026-03,2026,E,Edificio E — Budget Inn,Booking.com,OTA,reservation,True,4,162.0,40.5,45745660,E-09
124916326,2026-03-01,2026-03-06,2026-03,2026,E,Edificio E — Budget Inn,Booking.com,OTA,reservation,True,5,140.0,28.0,88752151,E-13
128137337,2026-03-01,2026-03-10,2026-03,2026,A,Edificio A — Urban District,Booking.com,OTA,reservation,True,9,596.7,66.30000000000001,45502403,A-01
123879736,2026-03-02,2026-03-03,2026-03,2026,E,Edificio E — Budget Inn,Booking.com,OTA,cancellation,False,1,28.0,28.0,36416989,E-12
124094761,2026-03-02,2026-03-03,2026-03,2026,E,Edificio E — Budget Inn,Booking.com,OTA,reservation,True,1,28.0,28.0,64311453,E-01
126546196,2026-03-02,2026-03-03,2026-03,2026,B,Edificio B — City Center,Booking.com,OTA,reservation,True,1,225.0,225.0,31031088,B-05
128394012,2026-03-02,2026-03-03,2026-03,2026,E,Edificio E — Budget Inn,Booking.com,OTA,reservation,True,1,42.0,42.0,52961241,E-08
128778427,2026-03-02,2026-03-03,2026-03,2026,E,Edificio E — Budget Inn,Booking.com,OTA,reservation,True,1,30.0,30.0,54396411,E-14
128881752,2026-03-02,2026-03-03,2026-03,2026,E,Edificio E — Budget Inn,Booking.com,OTA,reservation,True,1,30.0,30.0,44773818,E-12
129528475,2026-03-02,2026-03-03,2026-03,2026,C,Edificio C — Riverside,Booking.com,OTA,reservation,True,1,71.0,71.0,65591089,C-09
129795785,2026-03-02,2026-03-03,2026-03,2026,B,Edificio B — City Center,Booking.com,OTA,reservation,True,1,77.0,77.0,72235211,B-09
129840275,2026-03-02,2026-03-03,2026-03,2026,E,Edificio E — Budget Inn,Booking.com,OTA,modification of booking,False,1,34.0,34.0,54328770,E-18
129841405,2026-03-02,2026-03-03,2026-03,2026,C,Edificio C — Riverside,Booking.com,OTA,reservation,True,1,71.0,71.0,47864180,C-01
129842205,2026-03-02,2026-03-03,2026-03,2026,B,Edificio B — City Center,Booking.com,OTA,reservation,True,1,77.0,77.0,77254216,B-03
129873810,2026-03-02,2026-03-03,2026-03,2026,E,Edificio E — Budget Inn,Booking.com,OTA,reservation,True,1,34.0,34.0,12834713,E-02
129888345,2026-03-02,2026-03-03,2026-03,2026,C,Edificio C — Riverside,Booking.com,OTA,reservation,True,1,65.0,65.0,55461328,C-07
129928245,2026-03-02,2026-03-03,2026-03,2026,E,Edificio E — Budget Inn,Booking.com,OTA,reservation,True,1,34.0,34.0,23313047,E-11
129284252,2026-03-02,2026-03-04,2026-03,2026,B,Edificio B — City Center,Website,Directo,reservation,True,2,170.0,85.0,84974785,B-07
129614105,2026-03-02,2026-03-04,2026-03,2026,D,Edificio D — Old Quarter,Booking.com,OTA,reservation,True,2,136.0,68.0,26690333,D-08
129878950,2026-03-02,2026-03-04,2026-03,2026,E,Edificio E — Budget Inn,Direct booking,Directo,modification of booking,False,2,70.0,35.0,46029824,E-10
125260726,2026-03-02,2026-03-05,2026-03,2026,E,Edificio E — Budget Inn,Booking.com,OTA,reservation,True,3,84.0,28.0,77896807,E-05
125679621,2026-03-02,2026-03-05,2026-03,2026,E,Edificio E — Budget Inn,Booking.com,OTA,cancellation,False,3,84.0,28.0,52532422,E-14
127894032,2026-03-02,2026-03-05,2026-03,2026,B,Edificio B — City Center,Booking.com,OTA,reservation,True,3,265.0,88.33333333333333,64233703,B-04
128465312,2026-03-02,2026-03-05,2026-03,2026,C,Edificio C — Riverside,Website,Directo,reservation,True,3,216.0,72.0,38069816,C-06
129653600,2026-03-02,2026-03-05,2026-03,2026,OTRO,Otros,Direct booking,Directo,reservation,True,3,75.0,25.0,80102708,OTRO-01
127658082,2026-03-02,2026-03-06,2026-03,2026,D,Edificio D — Old Quarter,Direct booking,Directo,modification of booking,False,4,650.0,162.5,19679476,D-02
127658962,2026-03-02,2026-03-06,2026-03,2026,D,Edificio D — Old Quarter,Direct booking,Directo,modification of booking,False,4,650.0,162.5,19679476,D-04
129188717,2026-03-02,2026-03-06,2026-03,2026,C,Edificio C — Riverside,Booking.com,OTA,cancellation,False,4,288.0,72.0,34744828,C-02
129737365,2026-03-02,2026-03-06,2026-03,2026,D,Edificio D — Old Quarter,Booking.com,OTA,reservation,True,4,416.0,104.0,28879741,D-03
126747366,2026-03-03,2026-03-04,2026-03,2026,B,Edificio B — City Center,Booking.com,OTA,reservation,True,1,101.0,101.0,49211730,B-09
128118452,2026-03-03,2026-03-04,2026-03,2026,C,Edificio C — Riverside,Booking.com,OTA,reservation,True,1,72.0,72.0,68460133,C-03
128157622,2026-03-03,2026-03-04,2026-03,2026,OTRO,Otros,Direct booking,Directo,reservation,True,1,25.0,25.0,76078016,OTRO-02
128593507,2026-03-03,2026-03-04,2026-03,2026,B,Edificio B — City Center,Booking.com,OTA,reservation,True,1,95.0,95.0,16773190,B-02
128783692,2026-03-03,2026-03-04,2026-03,2026,A,Edificio A — Urban District,Booking.com,OTA,modification of booking,False,1,63.9,63.9,15381935,A-02
129019022,2026-03-03,2026-03-04,2026-03,2026,B,Edificio B — City Center,Booking.com,OTA,reservation,True,1,85.0,85.0,20327589,B-03
129512110,2026-03-03,2026-03-04,2026-03,2026,C,Edificio C — Riverside,Booking.com,OTA,reservation,True,1,85.0,85.0,52917975,C-01
129512115,2026-03-03,2026-03-04,2026-03,2026,C,Edificio C — Riverside,Booking.com,OTA,reservation,True,1,85.0,85.0,61298290,C-05
129699560,2026-03-03,2026-03-04,2026-03,2026,C,Edificio C — Riverside,Booking.com,OTA,reservation,True,1,71.0,71.0,55461328,C-09
129858995,2026-03-03,2026-03-04,2026-03,2026,C,Edificio C — Riverside,Booking.com,OTA,reservation,True,1,71.0,71.0,59374123,C-04
129880235,2026-03-03,2026-03-04,2026-03,2026,E,Edificio E — Budget Inn,Booking.com,OTA,reservation,True,1,29.0,29.0,64311453,E-14
129917135,2026-03-03,2026-03-04,2026-03,2026,D,Edificio D — Old Quarter,Booking.com,OTA,reservation,True,1,65.0,65.0,38895516,D-05
129976525,2026-03-03,2026-03-04,2026-03,2026,E,Edificio E — Budget Inn,Booking.com,OTA,reservation,True,1,34.0,34.0,49011846,E-08
130008690,2026-03-03,2026-03-04,2026-03,2026,E,Edificio E — Budget Inn,Booking.com,OTA,reservation,True,1,34.0,34.0,12175532,E-07
130037360,2026-03-03,2026-03-04,2026-03,2026,C,Edificio C — Riverside,Booking.com,OTA,reservation,True,1,69.3,69.3,39282553,C-02
130044990,2026-03-03,2026-03-04,2026-03,2026,E,Edificio E — Budget Inn,Booking.com,OTA,reservation,True,1,30.0,30.0,39807541,E-02
124961186,2026-03-03,2026-03-05,2026-03,2026,E,Edificio E — Budget Inn,Booking.com,OTA,reservation,True,2,56.0,28.0,28523046,E-06
125082956,2026-03-03,2026-03-05,2026-03,2026,E,Edificio E — Budget Inn,Booking.com,OTA,reservation,True,2,56.0,28.0,82439461,E-01
127943092,2026-03-03,2026-03-05,2026-03,2026,B,Edificio B — City Center,Booking.com,OTA,reservation,True,2,170.0,85.0,72540773,B-06
128187442,2026-03-03,2026-03-05,2026-03,2026,B,Edificio B — City Center,Booking.com,OTA,reservation,True,2,180.0,90.0,57004188,B-08
128219887,2026-03-03,2026-03-05,2026-03,2026,D,Edificio D — Old Quarter,Booking.com,OTA,reservation,True,2,140.0,70.0,49805332,D-07
128374352,2026-03-03,2026-03-05,2026-03,2026,B,Edificio B — City Center,Booking.com,OTA,reservation,True,2,334.0,167.0,55153249,B-05
128499167,2026-03-03,2026-03-05,2026-03,2026,C,Edificio C — Riverside,Booking.com,OTA,reservation,True,2,170.0,85.0,19654373,C-07
129048272,2026-02-23,2026-02-24,2026-02,2026,E,Edificio E — Budget Inn,Booking.com,OTA,reservation,True,1,30.0,30.0,79301372,E-08
123807026,2026-02-23,2026-02-25,2026-02,2026,E,Edificio E — Budget Inn,Booking.com,OTA,cancellation,False,2,56.0,28.0,47420659,E-12
128921052,2026-02-23,2026-02-25,2026-02,2026,B,Edificio B — City Center,Booking.com,OTA,reservation,True,2,102.0,51.0,14448639,B-02
128930107,2026-02-23,2026-02-25,2026-02,2026,C,Edificio C — Riverside,Airbnb,OTA,reservation,True,2,102.0,51.0,37875084,C-01
127961642,2026-02-23,2026-02-26,2026-02,2026,A,Edificio A — Urban District,Booking.com,OTA,reservation,True,3,145.8,48.6,34986810,A-01
128941277,2026-02-23,2026-02-26,2026-02,2026,B,Edificio B — City Center,Booking.com,OTA,reservation,True,3,172.0,57.333333333333336,64533883,B-03
128988532,2026-02-23,2026-02-26,2026-02,2026,C,Edificio C — Riverside,Booking.com,OTA,reservation,True,3,140.4,46.8,90349351,C-02
128997632,2026-02-23,2026-02-26,2026-02,2026,E,Edificio E — Budget Inn,Booking.com,OTA,reservation,True,3,72.0,24.0,85730807,E-14
128998667,2026-02-23,2026-02-26,2026-02,2026,E,Edificio E — Budget Inn,Booking.com,OTA,reservation,True,3,72.0,24.0,70773590,E-03
129028632,2026-02-23,2026-02-26,2026-02,2026,E,Edificio E — Budget Inn,Booking.com,OTA,reservation,True,3,90.0,30.0,75205141,E-04
128411532,2026-02-23,2026-02-27,2026-02,2026,E,Edificio E — Budget Inn,Airbnb,OTA,reservation,True,4,102.0,25.5,28108344,E-12
128725227,2026-02-23,2026-02-27,2026-02,2026,B,Edificio B — City Center,Booking.com,OTA,reservation,True,4,260.0,65.0,81733694,B-08
128973932,2026-02-23,2026-02-27,2026-02,2026,D,Edificio D — Old Quarter,Booking.com,OTA,reservation,True,4,410.0,102.5,83004767,D-02
124939666,2026-02-23,2026-03-06,2026-02,2026,C,Edificio C — Riverside,Direct booking,Directo,modification of booking,False,11,660.0,60.0,62510405,C-08
128439852,2026-02-24,2026-02-25,2026-02,2026,C,Edificio C — Riverside,Airbnb,OTA,reservation,True,1,54.0,54.0,72222922,C-05
128730042,2026-02-24,2026-02-25,2026-02,2026,A,Edificio A — Urban District,Booking.com,OTA,reservation,True,1,43.2,43.2,37507384,A-02
128930212,2026-02-24,2026-02-25,2026-02,2026,B,Edificio B — City Center,Website,Directo,reservation,True,1,50.0,50.0,81362129,B-06
129028757,2026-02-24,2026-02-25,2026-02,2026,B,Edificio B — City Center,Booking.com,OTA,reservation,True,1,59.0,59.0,32510867,B-09
129061677,2026-02-24,2026-02-25,2026-02,2026,C,Edificio C — Riverside,Direct booking,Directo,reservation,True,1,60.0,60.0,91779882,C-04
129101772,2026-02-24,2026-02-25,2026-02,2026,E,Edificio E — Budget Inn,Booking.com,OTA,reservation,True,1,24.0,24.0,67831060,E-01
129107137,2026-02-24,2026-02-25,2026-02,2026,D,Edificio D — Old Quarter,Booking.com,OTA,reservation,True,1,80.0,80.0,16202163,D-03
129128282,2026-02-24,2026-02-25,2026-02,2026,B,Edificio B — City Center,Booking.com,OTA,reservation,True,1,59.0,59.0,70531294,B-07
129149487,2026-02-24,2026-02-25,2026-02,2026,C,Edificio C — Riverside,Booking.com,OTA,reservation,True,1,48.0,48.0,58638127,C-09
129275652,2026-02-24,2026-02-25,2026-02,2026,OTRO,Otros,Direct booking,Directo,reservation,True,1,25.0,25.0,15622013,OTRO-02
128087637,2026-02-24,2026-02-26,2026-02,2026,C,Edificio C — Riverside,Direct booking,Directo,reservation,True,2,140.0,70.0,60509365,C-07
128686432,2026-02-24,2026-02-26,2026-02,2026,C,Edificio C — Riverside,Booking.com,OTA,reservation,True,2,97.2,48.6,16155003,C-03
129063687,2026-02-24,2026-02-26,2026-02,2026,E,Edificio E — Budget Inn,Booking.com,OTA,reservation,True,2,48.0,24.0,43826930,E-05
128966907,2026-02-24,2026-02-27,2026-02,2026,B,Edificio B — City Center,Booking.com,OTA,reservation,True,3,177.0,59.0,72131797,B-04
129115032,2026-02-24,2026-03-02,2026-02,2026,D,Edificio D — Old Quarter,Booking.com,OTA,reservation,True,6,399.0,66.5,57941558,D-08
127755902,2026-02-25,2026-02-26,2026-02,2026,C,Edificio C — Riverside,Direct booking,Directo,reservation,True,1,85.0,85.0,77629074,C-05
129106327,2026-02-25,2026-02-26,2026-02,2026,E,Edificio E — Budget Inn,Booking.com,OTA,reservation,True,1,24.0,24.0,41604180,E-06
129146007,2026-02-25,2026-02-26,2026-02,2026,E,Edificio E — Budget Inn,Booking.com,OTA,cancellation,False,1,30.0,30.0,50173864,E-08
129197657,2026-02-25,2026-02-26,2026-02,2026,E,Edificio E — Budget Inn,Booking.com,OTA,reservation,True,1,24.0,24.0,67027661,E-01
129221702,2026-02-25,2026-02-26,2026-02,2026,C,Edificio C — Riverside,Booking.com,OTA,reservation,True,1,48.0,48.0,58638127,C-09
129271342,2026-02-25,2026-02-26,2026-02,2026,E,Edificio E — Budget Inn,Booking.com,OTA,reservation,True,1,30.0,30.0,54866290,E-07
129291717,2026-02-25,2026-02-26,2026-02,2026,E,Edificio E — Budget Inn,Booking.com,OTA,reservation,True,1,30.0,30.0,31747273,E-11
129292592,2026-02-25,2026-02-26,2026-02,2026,E,Edificio E — Budget Inn,Booking.com,OTA,reservation,True,1,30.0,30.0,65991416,E-02
129301507,2026-02-25,2026-02-26,2026-02,2026,C,Edificio C — Riverside,Airbnb,OTA,reservation,True,1,48.0,48.0,71060500,C-01
129306797,2026-02-25,2026-02-26,2026-02,2026,B,Edificio B — City Center,Website,Directo,reservation,True,1,40.0,40.0,78766617,B-09
129307337,2026-02-25,2026-02-26,2026-02,2026,A,Edificio A — Urban District,Booking.com,OTA,cancellation,False,1,37.8,37.8,18870207,A-02
129312967,2026-02-25,2026-02-26,2026-02,2026,B,Edificio B — City Center,Airbnb,OTA,reservation,True,1,59.0,59.0,72238017,B-07
129315912,2026-02-25,2026-02-26,2026-02,2026,B,Edificio B — City Center,Booking.com,OTA,reservation,True,1,48.0,48.0,70531294,B-02
129160307,2026-02-25,2026-02-28,2026-02,2026,C,Edificio C — Riverside,Direct booking,Directo,reservation,True,3,180.0,60.0,52489174,C-04
121008096,2026-02-25,2026-03-02,2026-02,2026,E,Edificio E — Budget Inn,Booking.com,OTA,cancellation,False,5,152.0,30.4,26351048,E-01
129167157,2026-02-25,2026-03-02,2026-02,2026,OTRO,Otros,Direct booking,Directo,modification of booking,False,5,0.0,0.0,61914861,OTRO-02
123465401,2026-02-26,2026-02-27,2026-02,2026,E,Edificio E — Budget Inn,Booking.com,OTA,reservation,True,1,28.0,28.0,59624727,E-13
128380862,2026-02-26,2026-02-27,2026-02,2026,B,Edificio B — City Center,Booking.com,OTA,reservation,True,1,65.0,65.0,62784394,B-07
128421752,2026-02-26,2026-02-27,2026-02,2026,A,Edificio A — Urban District,Booking.com,OTA,reservation,True,1,48.6,48.6,62117871,A-01
128635242,2026-02-26,2026-02-27,2026-02,2026,E,Edificio E — Budget Inn,Booking.com,OTA,reservation,True,1,24.0,24.0,80095785,E-05
128983712,2026-02-26,2026-02-27,2026-02,2026,B,Edificio B — City Center,Website,Directo,reservation,True,1,50.0,50.0,41898133,B-09
129025017,2026-02-26,2026-02-27,2026-02,2026,C,Edificio C — Riverside,Booking.com,OTA,reservation,True,1,54.0,54.0,58346369,C-06
129287747,2026-02-26,2026-02-27,2026-02,2026,C,Edificio C — Riverside,Booking.com,OTA,reservation,True,1,54.0,54.0,79283620,C-07
129324377,2026-02-26,2026-02-27,2026-02,2026,E,Edificio E — Budget Inn,Booking.com,OTA,reservation,True,1,24.0,24.0,60063891,E-14
129334807,2026-02-26,2026-02-27,2026-02,2026,A,Edificio A — Urban District,Booking.com,OTA,modification of booking,False,1,37.8,37.8,39190836,A-02
129384875,2026-02-26,2026-02-27,2026-02,2026,E,Edificio E — Budget Inn,Direct booking,Directo,reservation,True,1,35.0,35.0,21291380,E-04
129403190,2026-02-26,2026-02-27,2026-02,2026,E,Edificio E — Budget Inn,Booking.com,OTA,reservation,True,1,24.0,24.0,85730807,E-01
129410530,2026-02-26,2026-02-27,2026-02,2026,E,Edificio E — Budget Inn,Booking.com,OTA,reservation,True,1,30.0,30.0,44407249,E-08
129429950,2026-02-26,2026-02-27,2026-02,2026,C,Edificio C — Riverside,Airbnb,OTA,reservation,True,1,59.0,59.0,92167508,C-05
129437235,2026-02-26,2026-02-27,2026-02,2026,E,Edificio E — Budget Inn,Booking.com,OTA,reservation,True,1,24.0,24.0,48069764,E-06
128411857,2026-02-26,2026-02-28,2026-02,2026,C,Edificio C — Riverside,Booking.com,OTA,reservation,True,2,187.2,93.6,66259586,C-03
129289812,2026-02-26,2026-02-28,2026-02,2026,D,Edificio D — Old Quarter,Booking.com,OTA,reservation,True,2,125.0,62.5,65167411,D-05
129342617,2026-02-26,2026-02-28,2026-02,2026,B,Edificio B — City Center,Booking.com,OTA,reservation,True,2,184.0,92.0,11616066,B-03
124088636,2026-02-26,2026-03-01,2026-02,2026,D,Edificio D — Old Quarter,Booking.com,OTA,cancellation,False,3,920.4,306.8,90116794,D-02
129280057,2026-02-26,2026-03-01,2026-02,2026,C,Edificio C — Riverside,Booking.com,OTA,reservation,True,3,214.2,71.39999999999999,86915731,C-02
129315852,2026-02-26,2026-03-04,2026-02,2026,E,Edificio E — Budget Inn,Booking.com,OTA,reservation,True,6,216.0,36.0,67027661,E-03
124468801,2026-02-27,2026-02-28,2026-02,2026,E,Edificio E — Budget Inn,Booking.com,OTA,reservation,True,1,34.0,34.0,34746394,E-06
124519996,2026-02-27,2026-02-28,2026-02,2026,E,Edificio E — Budget Inn,Booking.com,OTA,cancellation,False,1,34.0,34.0,47886295,E-01
125135116,2026-02-27,2026-02-28,2026-02,2026,E,Edificio E — Budget Inn,Booking.com,OTA,reservation,True,1,48.0,48.0,86237301,E-08
128988297,2026-02-27,2026-02-28,2026-02,2026,E,Edificio E — Budget Inn,Booking.com,OTA,modification of booking,False,1,48.0,48.0,47125952,E-17
128996487,2026-02-27,2026-02-28,2026-02,2026,C,Edificio C — Riverside,Booking.com,OTA,reservation,True,1,95.0,95.0,13836994,C-07
129173512,2026-02-27,2026-02-28,2026-02,2026,C,Edificio C — Riverside,Airbnb,OTA,reservation,True,1,115.0,115.0,68503102,C-05
129231122,2026-02-27,2026-02-28,2026-02,2026,B,Edificio B — City Center,Booking.com,OTA,reservation,True,1,118.0,118.0,10928923,B-08
129412680,2026-02-27,2026-02-28,2026-02,2026,C,Edificio C — Riverside,Booking.com,OTA,reservation,True,1,89.0,89.0,85057778,C-06
129414045,2026-02-27,2026-02-28,2026-02,2026,C,Edificio C — Riverside,Booking.com,OTA,reservation,True,1,89.0,89.0,87308042,C-09
129434960,2026-02-27,2026-02-28,2026-02,2026,D,Edificio D — Old Quarter,Airbnb,OTA,reservation,True,1,150.7,150.7,88111806,D-03
129503320,2026-02-27,2026-02-28,2026-02,2026,A,Edificio A — Urban District,Booking.com,OTA,reservation,True,1,58.5,58.5,51893105,A-01
129509420,2026-02-27,2026-02-28,2026-02,2026,E,Edificio E — Budget Inn,Booking.com,OTA,reservation,True,1,36.0,36.0,49034407,E-13
129510315,2026-02-27,2026-02-28,2026-02,2026,E,Edificio E — Budget Inn,Booking.com,OTA,reservation,True,1,36.0,36.0,63352955,E-14
129510675,2026-02-27,2026-02-28,2026-02,2026,E,Edificio E — Budget Inn,Direct booking,Directo,modification of booking,False,1,48.0,48.0,65100641,E-04
129521195,2026-02-27,2026-02-28,2026-02,2026,D,Edificio D — Old Quarter,Airbnb,OTA,reservation,True,1,137.5,137.5,17343533,D-04
129525075,2026-02-27,2026-02-28,2026-02,2026,B,Edificio B — City Center,Booking.com,OTA,reservation,True,1,83.0,83.0,50819846,B-09
129527725,2026-02-27,2026-02-28,2026-02,2026,B,Edificio B — City Center,Booking.com,OTA,reservation,True,1,83.0,83.0,79141487,B-06
129562665,2026-02-27,2026-02-28,2026-02,2026,A,Edificio A — Urban District,Booking.com,OTA,reservation,True,1,58.5,58.5,24474874,A-02
129566095,2026-02-27,2026-02-28,2026-02,2026,D,Edificio D — Old Quarter,Website,Directo,reservation,True,1,80.0,80.0,33025042,D-01
120018096,2026-02-27,2026-03-01,2026-02,2026,A,Edificio A — Urban District,Booking.com,OTA,cancellation,False,2,155.52,77.76,17711543,A-02
122609626,2026-02-27,2026-03-01,2026-02,2026,B,Edificio B — City Center,Booking.com,OTA,cancellation,False,2,297.6,148.8,77996903,B-02
128213667,2026-02-27,2026-03-01,2026-02,2026,A,Edificio A — Urban District,Direct booking,Directo,cancellation,False,2,174.67,87.335,63126470,A-02
128804722,2026-02-27,2026-03-01,2026-02,2026,B,Edificio B — City Center,Airbnb,OTA,reservation,True,2,324.0,162.0,69844495,B-05
128809022,2026-02-27,2026-03-01,2026-02,2026,B,Edificio B — City Center,Booking.com,OTA,reservation,True,2,208.0,104.0,72458683,B-02
128942542,2026-02-27,2026-03-01,2026-02,2026,D,Edificio D — Old Quarter,Booking.com,OTA,reservation,True,2,160.0,80.0,21789422,D-07
129409210,2026-02-27,2026-03-01,2026-02,2026,D,Edificio D — Old Quarter,Booking.com,OTA,modification of booking,False,2,285.0,142.5,84450139,D-02
119634101,2026-02-27,2026-03-02,2026-02,2026,E,Edificio E — Budget Inn,Booking.com,OTA,cancellation,False,3,96.0,32.0,71993672,E-12
125040276,2026-02-27,2026-03-02,2026-02,2026,E,Edificio E — Budget Inn,Booking.com,OTA,modification of booking,False,3,96.0,32.0,29764524,E-05
129012757,2026-02-27,2026-03-02,2026-02,2026,B,Edificio B — City Center,Booking.com,OTA,reservation,True,3,347.1,115.7,19906953,B-04
129043812,2026-02-27,2026-03-02,2026-02,2026,C,Edificio C — Riverside,Booking.com,OTA,reservation,True,3,267.0,89.0,57814533,C-01
129071632,2026-02-27,2026-03-02,2026-02,2026,B,Edificio B — City Center,Booking.com,OTA,reservation,True,3,358.0,119.33333333333331,43370418,B-07
129516465,2026-02-27,2026-03-02,2026-02,2026,E,Edificio E — Budget Inn,Booking.com,OTA,reservation,True,3,125.0,41.66666666666666,85730807,E-01
121161141,2026-02-28,2026-03-01,2026-02,2026,E,Edificio E — Budget Inn,Booking.com,OTA,reservation,True,1,48.0,48.0,25761416,E-10
121198161,2026-02-28,2026-03-01,2026-02,2026,E,Edificio E — Budget Inn,Booking.com,OTA,modification of booking,False,1,48.0,48.0,79793514,E-17
121198166,2026-02-28,2026-03-01,2026-02,2026,E,Edificio E — Budget Inn,Booking.com,OTA,modification of booking,False,1,34.0,34.0,79793514,E-19
129954645,2026-03-03,2026-03-05,2026-03,2026,E,Edificio E — Budget Inn,Airbnb,OTA,modification of booking,False,2,82.0,41.0,72791104,E-04
120549441,2026-03-03,2026-03-06,2026-03,2026,E,Edificio E — Budget Inn,Booking.com,OTA,reservation,True,3,84.0,28.0,40122181,E-12
122666926,2026-03-03,2026-03-06,2026-03,2026,E,Edificio E — Budget Inn,Booking.com,OTA,reservation,True,3,123.0,41.0,38012394,E-11
127673892,2026-03-04,2026-03-05,2026-03,2026,B,Edificio B — City Center,Booking.com,OTA,reservation,True,1,85.0,85.0,24997493,B-09
127750272,2026-03-04,2026-03-05,2026-03,2026,E,Edificio E — Budget Inn,Booking.com,OTA,modification of booking,False,1,80.0,80.0,50838295,E-15
128588557,2026-03-04,2026-03-05,2026-03,2026,E,Edificio E — Budget Inn,Booking.com,OTA,modification of booking,False,1,85.0,85.0,74387120,E-18
128625182,2026-03-04,2026-03-05,2026-03,2026,C,Edificio C — Riverside,Booking.com,OTA,reservation,True,1,85.0,85.0,17707215,C-04
129083732,2026-03-04,2026-03-05,2026-03,2026,E,Edificio E — Budget Inn,Booking.com,OTA,reservation,True,1,30.0,30.0,71068738,E-03
129401175,2026-03-04,2026-03-05,2026-03,2026,A,Edificio A — Urban District,Booking.com,OTA,reservation,True,1,58.5,58.5,21912454,A-02
129495050,2026-03-04,2026-03-05,2026-03,2026,C,Edificio C — Riverside,Booking.com,OTA,reservation,True,1,85.0,85.0,27806432,C-05
129517085,2026-03-04,2026-03-05,2026-03,2026,D,Edificio D — Old Quarter,Direct booking,Directo,modification of booking,False,1,80.0,80.0,51743810,D-08
130053505,2026-03-04,2026-03-05,2026-03,2026,E,Edificio E — Budget Inn,Booking.com,OTA,reservation,True,1,36.0,36.0,49011846,E-10
130067355,2026-03-04,2026-03-05,2026-03,2026,OTRO,Otros,Direct booking,Directo,reservation,True,1,25.0,25.0,34228015,OTRO-02
130068780,2026-03-04,2026-03-05,2026-03,2026,E,Edificio E — Budget Inn,Booking.com,OTA,reservation,True,1,36.0,36.0,52063171,E-08
130074330,2026-03-04,2026-03-05,2026-03,2026,E,Edificio E — Budget Inn,Booking.com,OTA,reservation,True,1,36.0,36.0,44407249,E-07
130109265,2026-03-04,2026-03-05,2026-03,2026,E,Edificio E — Budget Inn,Booking.com,OTA,reservation,True,1,36.0,36.0,71099644,E-02
130131515,2026-03-04,2026-03-05,2026-03,2026,C,Edificio C — Riverside,Booking.com,OTA,reservation,True,1,83.0,83.0,60843876,C-02
130179700,2026-03-04,2026-03-05,2026-03,2026,B,Edificio B — City Center,Direct booking,Directo,reservation,True,1,77.0,77.0,56485050,B-02
130184500,2026-03-04,2026-03-05,2026-03,2026,C,Edificio C — Riverside,Airbnb,OTA,reservation,True,1,105.0,105.0,79954455,C-01
127384236,2026-03-04,2026-03-06,2026-03,2026,D,Edificio D — Old Quarter,Booking.com,OTA,reservation,True,2,184.8,92.4,73895845,D-05
128137127,2026-03-04,2026-03-06,2026-03,2026,B,Edificio B — City Center,Booking.com,OTA,reservation,True,2,200.0,100.0,63097177,B-03
128260632,2026-03-04,2026-03-06,2026-03,2026,E,Edificio E — Budget Inn,Booking.com,OTA,reservation,True,2,60.0,30.0,48410045,E-14
129064777,2026-03-04,2026-03-06,2026-03,2026,B,Edificio B — City Center,Booking.com,OTA,reservation,True,2,200.0,100.0,87768698,B-07
129181942,2026-03-04,2026-03-06,2026-03,2026,C,Edificio C — Riverside,Airbnb,OTA,reservation,True,2,160.0,80.0,58972954,C-09
129287422,2026-03-04,2026-03-06,2026-03,2026,C,Edificio C — Riverside,Booking.com,OTA,reservation,True,2,144.0,72.0,68152153,C-03
121260491,2026-03-05,2026-03-06,2026-03,2026,E,Edificio E — Budget Inn,Booking.com,OTA,reservation,True,1,28.0,28.0,82892002,E-06
123712916,2026-03-05,2026-03-06,2026-03,2026,E,Edificio E — Budget Inn,Booking.com,OTA,reservation,True,1,28.0,28.0,77889000,E-01
124412726,2026-03-05,2026-03-06,2026-03,2026,B,Edificio B — City Center,Booking.com,OTA,reservation,True,1,134.0,134.0,92194740,B-02
124638781,2026-03-05,2026-03-06,2026-03,2026,E,Edificio E — Budget Inn,Booking.com,OTA,cancellation,False,1,28.0,28.0,61305694,E-14
127627092,2026-03-05,2026-03-06,2026-03,2026,B,Edificio B — City Center,Direct booking,Directo,modification of booking,False,1,160.0,160.0,12978523,B-05
127879347,2026-03-05,2026-03-06,2026-03,2026,C,Edificio C — Riverside,Airbnb,OTA,reservation,True,1,97.0,97.0,17631487,C-05
128349587,2026-03-05,2026-03-06,2026-03,2026,B,Edificio B — City Center,Airbnb,OTA,reservation,True,1,85.0,85.0,16485260,B-09
129045012,2026-03-05,2026-03-06,2026-03,2026,D,Edificio D — Old Quarter,Booking.com,OTA,reservation,True,1,80.0,80.0,44513141,D-08
129050172,2026-03-05,2026-03-06,2026-03,2026,B,Edificio B — City Center,Booking.com,OTA,reservation,True,1,85.0,85.0,89424969,B-04
129216827,2026-03-05,2026-03-06,2026-03,2026,C,Edificio C — Riverside,Booking.com,OTA,reservation,True,1,85.0,85.0,27501743,C-07
129296092,2026-03-05,2026-03-06,2026-03,2026,E,Edificio E — Budget Inn,Airbnb,OTA,reservation,True,1,47.0,47.0,77533835,E-04
129364545,2026-03-05,2026-03-06,2026-03,2026,E,Edificio E — Budget Inn,Booking.com,OTA,reservation,True,1,30.0,30.0,80095785,E-05
129391350,2026-03-05,2026-03-06,2026-03,2026,E,Edificio E — Budget Inn,Booking.com,OTA,reservation,True,1,42.0,42.0,38722805,E-08
129495795,2026-03-05,2026-03-06,2026-03,2026,C,Edificio C — Riverside,Booking.com,OTA,reservation,True,1,85.0,85.0,38570796,C-04
129552070,2026-03-05,2026-03-06,2026-03,2026,E,Edificio E — Budget Inn,Booking.com,OTA,reservation,True,1,42.0,42.0,67754125,E-09
129600155,2026-03-05,2026-03-06,2026-03,2026,B,Edificio B — City Center,Booking.com,OTA,reservation,True,1,85.0,85.0,68489743,B-06
129916005,2026-03-05,2026-03-06,2026-03,2026,E,Edificio E — Budget Inn,Booking.com,OTA,reservation,True,1,42.0,42.0,30841377,E-10
130150055,2026-03-05,2026-03-06,2026-03,2026,B,Edificio B — City Center,Booking.com,OTA,reservation,True,1,101.0,101.0,54257223,B-08
130325725,2026-03-05,2026-03-06,2026-03,2026,C,Edificio C — Riverside,Direct booking,Directo,cancellation,False,1,75.0,75.0,67635541,C-06
130344215,2026-03-05,2026-03-06,2026-03,2026,C,Edificio C — Riverside,Booking.com,OTA,reservation,True,1,63.9,63.9,64820236,C-02
126827286,2026-03-05,2026-03-07,2026-03,2026,D,Edificio D — Old Quarter,Booking.com,OTA,reservation,True,2,213.0,106.5,58923917,D-07
128704062,2026-03-05,2026-03-07,2026-03,2026,E,Edificio E — Budget Inn,Booking.com,OTA,reservation,True,2,77.0,38.5,24515997,E-03
130315745,2026-03-05,2026-03-07,2026-03,2026,C,Edificio C — Riverside,Direct booking,Directo,reservation,True,2,215.0,107.5,46420303,C-01
120280151,2026-03-05,2026-03-08,2026-03,2026,E,Edificio E — Budget Inn,Booking.com,OTA,reservation,True,3,137.0,45.66666666666666,57772137,E-02
121609181,2026-03-05,2026-03-08,2026-03,2026,E,Edificio E — Budget Inn,Booking.com,OTA,reservation,True,3,137.0,45.66666666666666,26530320,E-07
121933096,2026-03-05,2026-03-08,2026-03,2026,E,Edificio E — Budget Inn,Booking.com,OTA,cancellation,False,3,96.0,32.0,28613206,E-05
127742792,2026-03-05,2026-03-08,2026-03,2026,A,Edificio A — Urban District,Booking.com,OTA,reservation,True,3,288.0,96.0,31975940,A-02
120330256,2026-03-06,2026-03-07,2026-03,2026,E,Edificio E — Budget Inn,Booking.com,OTA,reservation,True,1,34.0,34.0,35544673,E-12
123165866,2026-03-06,2026-03-07,2026-03,2026,E,Edificio E — Budget Inn,Booking.com,OTA,reservation,True,1,48.0,48.0,31708669,E-10
125568976,2026-03-06,2026-03-07,2026-03,2026,E,Edificio E — Budget Inn,Booking.com,OTA,reservation,True,1,48.0,48.0,18151838,E-08
125568981,2026-03-06,2026-03-07,2026-03,2026,E,Edificio E — Budget Inn,Booking.com,OTA,reservation,True,1,48.0,48.0,18151838,E-11
125568986,2026-03-06,2026-03-07,2026-03,2026,E,Edificio E — Budget Inn,Booking.com,OTA,reservation,True,1,48.0,48.0,18151838,E-04
125568991,2026-03-06,2026-03-07,2026-03,2026,E,Edificio E — Budget Inn,Booking.com,OTA,reservation,True,1,34.0,34.0,18151838,E-06
127979552,2026-03-06,2026-03-07,2026-03,2026,B,Edificio B — City Center,Booking.com,OTA,reservation,True,1,130.0,130.0,84766536,B-02
128045762,2026-03-06,2026-03-07,2026-03,2026,C,Edificio C — Riverside,Booking.com,OTA,reservation,True,1,130.5,130.5,46116353,C-02
128281502,2026-03-06,2026-03-07,2026-03,2026,C,Edificio C — Riverside,Airbnb,OTA,reservation,True,1,120.0,120.0,84396693,C-08
129464950,2026-03-06,2026-03-07,2026-03,2026,C,Edificio C — Riverside,Booking.com,OTA,reservation,True,1,150.0,150.0,13371222,C-04
129654235,2026-03-06,2026-03-07,2026-03,2026,E,Edificio E — Budget Inn,Airbnb,OTA,reservation,True,1,47.0,47.0,67878388,E-05
129956055,2026-03-06,2026-03-07,2026-03,2026,C,Edificio C — Riverside,Airbnb,OTA,modification of booking,False,1,118.0,118.0,80410570,C-07
119634091,2026-03-06,2026-03-08,2026-03,2026,D,Edificio D — Old Quarter,Booking.com,OTA,cancellation,False,2,849.6,424.8,78877991,D-02
119634096,2026-03-06,2026-03-08,2026-03,2026,D,Edificio D — Old Quarter,Booking.com,OTA,cancellation,False,2,849.6,424.8,78877991,D-04
120491096,2026-03-06,2026-03-08,2026-03,2026,E,Edificio E — Budget Inn,Booking.com,OTA,cancellation,False,2,96.0,48.0,79616774,E-04
120654396,2026-03-06,2026-03-08,2026-03,2026,B,Edificio B — City Center,Booking.com,OTA,cancellation,False,2,326.4,163.2,49387886,B-02
121518436,2026-03-06,2026-03-08,2026-03,2026,E,Edificio E — Budget Inn,Booking.com,OTA,reservation,True,2,96.0,48.0,41836565,E-09
121610821,2026-03-06,2026-03-08,2026-03,2026,D,Edificio D — Old Quarter,Booking.com,OTA,cancellation,False,2,849.6,424.8,65888139,D-01
121610826,2026-03-06,2026-03-08,2026-03,2026,D,Edificio D — Old Quarter,Booking.com,OTA,cancellation,False,2,849.6,424.8,65888139,D-03
123077446,2026-03-06,2026-03-08,2026-03,2026,B,Edificio B — City Center,Booking.com,OTA,reservation,True,2,355.2,177.6,11617857,B-04
123077451,2026-03-06,2026-03-08,2026-03,2026,B,Edificio B — City Center,Booking.com,OTA,reservation,True,2,384.0,192.0,11617857,B-09
123077456,2026-03-06,2026-03-08,2026-03,2026,B,Edificio B — City Center,Booking.com,OTA,reservation,True,2,355.2,177.6,11617857,B-03
124330931,2026-03-06,2026-03-08,2026-03,2026,E,Edificio E — Budget Inn,Booking.com,OTA,reservation,True,2,68.0,34.0,59885767,E-14
124524446,2026-03-06,2026-03-08,2026-03,2026,C,Edificio C — Riverside,Booking.com,OTA,reservation,True,2,266.4,133.2,23220180,C-03
124524451,2026-03-06,2026-03-08,2026-03,2026,C,Edificio C — Riverside,Booking.com,OTA,reservation,True,2,344.0,172.0,23220180,C-06
124524456,2026-03-06,2026-03-08,2026-03,2026,C,Edificio C — Riverside,Booking.com,OTA,reservation,True,2,344.0,172.0,23220180,C-05
124731711,2026-03-06,2026-03-08,2026-03,2026,E,Edificio E — Budget Inn,Booking.com,OTA,reservation,True,2,68.0,34.0,21786153,E-01
124875221,2026-03-06,2026-03-08,2026-03,2026,B,Edificio B — City Center,Booking.com,OTA,reservation,True,2,354.0,177.0,61608830,B-08
124875226,2026-03-06,2026-03-08,2026-03,2026,B,Edificio B — City Center,Booking.com,OTA,modification of booking,False,2,378.0,189.0,32742318,B-07
124875231,2026-03-06,2026-03-08,2026-03,2026,B,Edificio B — City Center,Booking.com,OTA,reservation,True,2,368.0,184.0,61608830,B-06
124879746,2026-03-06,2026-03-08,2026-03,2026,D,Edificio D — Old Quarter,Booking.com,OTA,cancellation,False,2,849.6,424.8,63894946,D-02
124900706,2026-03-06,2026-03-08,2026-03,2026,D,Edificio D — Old Quarter,Booking.com,OTA,reservation,True,2,804.0,402.0,63894946,D-04
125667611,2026-03-06,2026-03-08,2026-03,2026,B,Edificio B — City Center,Booking.com,OTA,reservation,True,2,900.0,450.0,81047921,B-05
125706511,2026-03-06,2026-03-08,2026-03,2026,E,Edificio E — Budget Inn,Booking.com,OTA,modification of booking,False,2,68.0,34.0,88752151,E-13
125972191,2026-03-06,2026-03-08,2026-03,2026,D,Edificio D — Old Quarter,Booking.com,OTA,reservation,True,2,355.2,177.6,24420061,D-05
125972196,2026-03-06,2026-03-08,2026-03,2026,D,Edificio D — Old Quarter,Booking.com,OTA,reservation,True,2,991.2,495.6,24420061,D-02
127495859,2026-03-06,2026-03-08,2026-03,2026,D,Edificio D — Old Quarter,Booking.com,OTA,reservation,True,2,320.0,160.0,70836696,D-08
127495863,2026-03-06,2026-03-08,2026-03,2026,D,Edificio D — Old Quarter,Booking.com,OTA,reservation,True,2,804.0,402.0,70836696,D-01
122941456,2026-03-06,2026-03-09,2026-03,2026,E,Edificio E — Budget Inn,Booking.com,OTA,cancellation,False,3,96.0,32.0,35484878,E-13
122941461,2026-03-06,2026-03-09,2026-03,2026,E,Edificio E — Budget Inn,Booking.com,OTA,cancellation,False,3,137.0,45.66666666666666,35484878,E-11
129558190,2026-03-06,2026-03-13,2026-03,2026,C,Edificio C — Riverside,Direct booking,Directo,reservation,True,7,500.0,71.42857142857143,62510405,C-09
121873471,2026-03-07,2026-03-08,2026-03,2026,E,Edificio E — Budget Inn,Booking.com,OTA,cancellation,False,1,34.0,34.0,63419237,E-06
122181886,2026-03-07,2026-03-08,2026-03,2026,E,Edificio E — Budget Inn,Booking.com,OTA,cancellation,False,1,48.0,48.0,24238805,E-11
122979311,2026-03-07,2026-03-08,2026-03,2026,E,Edificio E — Budget Inn,Booking.com,OTA,reservation,True,1,48.0,48.0,98294961,E-08
122979316,2026-03-07,2026-03-08,2026-03,2026,E,Edificio E — Budget Inn,Booking.com,OTA,reservation,True,1,48.0,48.0,98294961,E-10
122979321,2026-03-07,2026-03-08,2026-03,2026,E,Edificio E — Budget Inn,Booking.com,OTA,reservation,True,1,48.0,48.0,98294961,E-04
129033757,2026-03-07,2026-03-08,2026-03,2026,E,Edificio E — Budget Inn,Booking.com,OTA,reservation,True,1,54.0,54.0,68097481,E-03
129197847,2026-03-07,2026-03-08,2026-03,2026,C,Edificio C — Riverside,Airbnb,OTA,cancellation,False,1,142.0,142.0,54240603,C-01
129358445,2026-03-07,2026-03-08,2026-03,2026,C,Edificio C — Riverside,Airbnb,OTA,reservation,True,1,142.0,142.0,88477260,C-08
129452730,2026-03-07,2026-03-08,2026-03,2026,C,Edificio C — Riverside,Booking.com,OTA,reservation,True,1,148.5,148.5,13371222,C-02
129455820,2026-03-07,2026-03-08,2026-03,2026,C,Edificio C — Riverside,Booking.com,OTA,reservation,True,1,163.0,163.0,21999102,C-07
129472460,2026-03-07,2026-03-08,2026-03,2026,C,Edificio C — Riverside,Booking.com,OTA,reservation,True,1,185.0,185.0,39404428,C-04
130217670,2026-03-07,2026-03-08,2026-03,2026,D,Edificio D — Old Quarter,Booking.com,OTA,reservation,True,1,122.0,122.0,14686362,D-07
128384202,2026-03-07,2026-03-09,2026-03,2026,E,Edificio E — Budget Inn,Booking.com,OTA,reservation,True,2,119.0,59.5,21548756,E-11
129021187,2026-03-07,2026-03-09,2026-03,2026,E,Edificio E — Budget Inn,Airbnb,OTA,modification of booking,False,2,84.0,42.0,26234039,E-05
129319337,2026-03-07,2026-03-09,2026-03,2026,C,Edificio C — Riverside,Booking.com,OTA,reservation,True,2,235.0,117.5,23425197,C-01
129422690,2026-03-07,2026-03-09,2026-03,2026,B,Edificio B — City Center,Booking.com,OTA,reservation,True,2,309.0,154.5,52169682,B-02
130235125,2026-03-07,2026-03-09,2026-03,2026,D,Edificio D — Old Quarter,Website,Directo,reservation,True,2,355.0,177.5,37462502,D-03
122503536,2026-03-07,2026-03-10,2026-03,2026,E,Edificio E — Budget Inn,Booking.com,OTA,reservation,True,3,90.0,30.0,51638929,E-12
124825566,2026-03-08,2026-03-09,2026-03,2026,E,Edificio E — Budget Inn,Booking.com,OTA,reservation,True,1,28.0,28.0,88069114,E-06
129911515,2026-03-08,2026-03-09,2026-03,2026,D,Edificio D — Old Quarter,Booking.com,OTA,reservation,True,1,59.0,59.0,64377154,D-08
129976085,2026-03-08,2026-03-09,2026-03,2026,B,Edificio B — City Center,Booking.com,OTA,reservation,True,1,125.0,125.0,19200684,B-05
130104440,2026-03-08,2026-03-09,2026-03,2026,E,Edificio E — Budget Inn,Booking.com,OTA,reservation,True,1,28.0,28.0,67754125,E-13
130113085,2026-03-08,2026-03-09,2026-03,2026,C,Edificio C — Riverside,Airbnb,OTA,reservation,True,1,65.0,65.0,19397258,C-08
130532990,2026-03-08,2026-03-09,2026-03,2026,E,Edificio E — Budget Inn,Booking.com,OTA,reservation,True,1,30.0,30.0,44407249,E-09
130560310,2026-03-08,2026-03-09,2026-03,2026,B,Edificio B — City Center,Booking.com,OTA,reservation,True,1,74.0,74.0,49318560,B-04
130618410,2026-03-08,2026-03-09,2026-03,2026,A,Edificio A — Urban District,Booking.com,OTA,reservation,True,1,43.2,43.2,34916370,A-02
130631215,2026-03-08,2026-03-09,2026-03,2026,C,Edificio C — Riverside,Website,Directo,reservation,True,1,45.0,45.0,78766617,C-05
130639770,2026-03-08,2026-03-09,2026-03,2026,E,Edificio E — Budget Inn,Booking.com,OTA,reservation,True,1,30.0,30.0,79644533,E-07
130647775,2026-03-08,2026-03-09,2026-03,2026,E,Edificio E — Budget Inn,Booking.com,OTA,reservation,True,1,24.0,24.0,59207104,E-01
130672605,2026-03-08,2026-03-09,2026-03,2026,B,Edificio B — City Center,Booking.com,OTA,reservation,True,1,59.0,59.0,18430612,B-09
130674090,2026-03-08,2026-03-09,2026-03,2026,E,Edificio E — Budget Inn,Booking.com,OTA,reservation,True,1,24.0,24.0,82590384,E-03
130682965,2026-03-08,2026-03-09,2026-03,2026,C,Edificio C — Riverside,Booking.com,OTA,reservation,True,1,54.0,54.0,51148762,C-06
130696030,2026-03-08,2026-03-09,2026-03,2026,C,Edificio C — Riverside,Booking.com,OTA,reservation,True,1,54.0,54.0,85991577,C-04
130696675,2026-03-08,2026-03-09,2026-03,2026,D,Edificio D — Old Quarter,Airbnb,OTA,reservation,True,1,71.5,71.5,83245090,D-04
130554375,2026-03-08,2026-03-10,2026-03,2026,E,Edificio E — Budget Inn,Booking.com,OTA,reservation,True,2,64.0,32.0,23776314,E-02
130714980,2026-03-08,2026-03-10,2026-03,2026,C,Edificio C — Riverside,Booking.com,OTA,reservation,True,2,118.8,59.4,26108119,C-02
130612885,2026-03-08,2026-03-11,2026-03,2026,B,Edificio B — City Center,Booking.com,OTA,reservation,True,3,184.0,61.333333333333336,41330953,B-03
121245291,2026-03-08,2026-03-13,2026-03,2026,C,Edificio C — Riverside,Booking.com,OTA,reservation,True,5,756.0,151.2,78565786,C-07
121245296,2026-03-08,2026-03-13,2026-03,2026,C,Edificio C — Riverside,Booking.com,OTA,reservation,True,5,653.4,130.68,78565786,C-03
119846161,2026-03-08,2026-03-14,2026-03,2026,C,Edificio C — Riverside,Booking.com,OTA,cancellation,False,6,731.93,121.98833333333332,78565786,C-03
119846166,2026-03-08,2026-03-14,2026-03,2026,C,Edificio C — Riverside,Booking.com,OTA,cancellation,False,6,820.8,136.79999999999998,78565786,C-08
119871241,2026-03-08,2026-03-14,2026-03,2026,C,Edificio C — Riverside,Booking.com,OTA,cancellation,False,6,820.8,136.79999999999998,78565786,C-08
119871246,2026-03-08,2026-03-14,2026-03,2026,C,Edificio C — Riverside,Booking.com,OTA,cancellation,False,6,731.93,121.98833333333332,78565786,C-03
130468340,2026-03-08,2026-03-15,2026-03,2026,E,Edificio E — Budget Inn,Booking.com,OTA,reservation,True,7,317.0,45.285714285714285,88187429,E-10
130468345,2026-03-08,2026-03-15,2026-03,2026,E,Edificio E — Budget Inn,Booking.com,OTA,reservation,True,7,317.0,45.285714285714285,88187429,E-08
128462712,2026-03-09,2026-03-10,2026-03,2026,B,Edificio B — City Center,Booking.com,OTA,reservation,True,1,85.0,85.0,23757149,B-02
130611285,2026-03-09,2026-03-10,2026-03,2026,D,Edificio D — Old Quarter,Booking.com,OTA,reservation,True,1,48.0,48.0,60300894,D-07
130701415,2026-03-09,2026-03-10,2026-03,2026,B,Edificio B — City Center,Booking.com,OTA,reservation,True,1,65.0,65.0,63949304,B-08
130742770,2026-03-09,2026-03-10,2026-03,2026,B,Edificio B — City Center,Airbnb,OTA,reservation,True,1,71.0,71.0,58906765,B-05
130753470,2026-03-09,2026-03-10,2026-03,2026,E,Edificio E — Budget Inn,Booking.com,OTA,reservation,True,1,24.0,24.0,39807541,E-05
130796375,2026-03-09,2026-03-10,2026-03,2026,E,Edificio E — Budget Inn,Booking.com,OTA,reservation,True,1,30.0,30.0,45745660,E-11
130807375,2026-03-09,2026-03-10,2026-03,2026,C,Edificio C — Riverside,Airbnb,OTA,reservation,True,1,59.0,59.0,61474376,C-08
130836750,2026-03-09,2026-03-10,2026-03,2026,E,Edificio E — Budget Inn,Booking.com,OTA,reservation,True,1,30.0,30.0,49106902,E-07
130851620,2026-03-09,2026-03-10,2026-03,2026,E,Edificio E — Budget Inn,Booking.com,OTA,reservation,True,1,30.0,30.0,74274814,E-09
130860090,2026-03-09,2026-03-10,2026-03,2026,B,Edificio B — City Center,Booking.com,OTA,reservation,True,1,65.0,65.0,66104523,B-07
130022430,2026-03-09,2026-03-11,2026-03,2026,E,Edificio E — Budget Inn,Direct booking,Directo,reservation,True,2,65.0,32.5,60454764,E-13
130676850,2026-03-09,2026-03-11,2026-03,2026,B,Edificio B — City Center,Website,Directo,reservation,True,2,110.0,55.0,34916370,B-04
129080727,2026-03-09,2026-03-12,2026-03,2026,D,Edificio D — Old Quarter,Airbnb,OTA,reservation,True,3,231.0,77.0,62445642,D-05
130617490,2026-03-09,2026-03-12,2026-03,2026,E,Edificio E — Budget Inn,Booking.com,OTA,reservation,True,3,84.0,28.0,78864123,E-01
129282912,2026-03-09,2026-03-13,2026-03,2026,A,Edificio A — Urban District,Booking.com,OTA,reservation,True,4,248.0,62.0,44161473,A-02
130009825,2026-03-09,2026-03-16,2026-03,2026,C,Edificio C — Riverside,Booking.com,OTA,reservation,True,7,615.0,87.85714285714286,52933955,C-05
130691585,2026-03-10,2026-03-11,2026-03,2026,D,Edificio D — Old Quarter,Booking.com,OTA,reservation,True,1,54.0,54.0,69390905,D-08
130765535,2026-03-10,2026-03-11,2026-03,2026,B,Edificio B — City Center,Booking.com,OTA,reservation,True,1,65.0,65.0,63949304,B-08
130897450,2026-03-10,2026-03-11,2026-03,2026,E,Edificio E — Budget Inn,Booking.com,OTA,reservation,True,1,30.0,30.0,21424130,E-09
130907545,2026-03-10,2026-03-11,2026-03,2026,E,Edificio E — Budget Inn,Booking.com,OTA,reservation,True,1,24.0,24.0,51122014,E-03
130930170,2026-03-10,2026-03-11,2026-03,2026,B,Edificio B — City Center,Booking.com,OTA,reservation,True,1,54.0,54.0,74557216,B-09
130954125,2026-03-10,2026-03-11,2026-03,2026,A,Edificio A — Urban District,Booking.com,OTA,reservation,True,1,43.2,43.2,54853540,A-01
130955740,2026-03-10,2026-03-11,2026-03,2026,D,Edificio D — Old Quarter,Booking.com,OTA,reservation,True,1,48.0,48.0,19822045,D-07
130957920,2026-03-10,2026-03-11,2026-03,2026,E,Edificio E — Budget Inn,Booking.com,OTA,reservation,True,1,30.0,30.0,60237314,E-07
130969485,2026-03-10,2026-03-11,2026-03,2026,E,Edificio E — Budget Inn,Booking.com,OTA,reservation,True,1,30.0,30.0,75525392,E-04
130982430,2026-03-10,2026-03-11,2026-03,2026,E,Edificio E — Budget Inn,Booking.com,OTA,reservation,True,1,30.0,30.0,79617253,E-11
130988870,2026-03-10,2026-03-11,2026-03,2026,E,Edificio E — Budget Inn,Booking.com,OTA,reservation,True,1,24.0,24.0,86255199,E-05
130999740,2026-03-10,2026-03-11,2026-03,2026,C,Edificio C — Riverside,Booking.com,OTA,reservation,True,1,54.0,54.0,83700594,C-01
131011050,2026-03-10,2026-03-11,2026-03,2026,D,Edificio D — Old Quarter,Airbnb,OTA,reservation,True,1,81.4,81.4,32245090,D-03
129669185,2026-03-10,2026-03-12,2026-03,2026,B,Edificio B — City Center,Airbnb,OTA,reservation,True,2,412.0,206.0,68553591,B-05
130504215,2026-03-10,2026-03-12,2026-03,2026,E,Edificio E — Budget Inn,Booking.com,OTA,reservation,True,2,56.0,28.0,21587414,E-12
130797090,2026-03-10,2026-03-12,2026-03,2026,B,Edificio B — City Center,Booking.com,OTA,reservation,True,2,136.0,68.0,84946263,B-07
130800415,2026-03-10,2026-03-12,2026-03,2026,OTRO,Otros,Direct booking,Directo,modification of booking,False,2,50.0,25.0,64752932,OTRO-01
130952160,2026-03-10,2026-03-12,2026-03,2026,E,Edificio E — Budget Inn,Booking.com,OTA,reservation,True,2,60.0,30.0,53211726,E-02
130958870,2026-03-10,2026-03-12,2026-03,2026,C,Edificio C — Riverside,Booking.com,OTA,reservation,True,2,108.0,54.0,88593374,C-06
125104061,2026-03-10,2026-03-13,2026-03,2026,E,Edificio E — Budget Inn,Booking.com,OTA,cancellation,False,3,84.0,28.0,34681608,E-06
130470850,2026-03-10,2026-03-13,2026-03,2026,B,Edificio B — City Center,Airbnb,OTA,reservation,True,3,177.0,59.0,10543465,B-02
124838006,2026-03-11,2026-03-12,2026-03,2026,E,Edificio E — Budget Inn,Booking.com,OTA,reservation,True,1,28.0,28.0,88069114,E-13
129774985,2026-03-11,2026-03-12,2026-03,2026,E,Edificio E — Budget Inn,Airbnb,OTA,reservation,True,1,30.0,30.0,82590522,E-05
130224105,2026-03-11,2026-03-12,2026-03,2026,E,Edificio E — Budget Inn,Booking.com,OTA,reservation,True,1,34.0,34.0,33251294,E-11
130588940,2026-03-11,2026-03-12,2026-03,2026,B,Edificio B — City Center,Booking.com,OTA,reservation,True,1,71.0,71.0,80500007,B-09
130605740,2026-03-11,2026-03-12,2026-03,2026,A,Edificio A — Urban District,Booking.com,OTA,reservation,True,1,43.2,43.2,48835030,A-01
130737645,2026-03-11,2026-03-12,2026-03,2026,E,Edificio E — Budget Inn,Booking.com,OTA,reservation,True,1,28.0,28.0,90128580,E-03
130926440,2026-03-11,2026-03-12,2026-03,2026,E,Edificio E — Budget Inn,Booking.com,OTA,reservation,True,1,28.0,28.0,68581713,E-14
130969535,2026-03-11,2026-03-12,2026-03,2026,B,Edificio B — City Center,Direct booking,Directo,reservation,True,1,65.0,65.0,51687774,B-04
131061035,2026-03-11,2026-03-12,2026-03,2026,B,Edificio B — City Center,Airbnb,OTA,reservation,True,1,59.0,59.0,70147985,B-06
131064710,2026-03-11,2026-03-12,2026-03,2026,E,Edificio E — Budget Inn,Direct booking,Directo,reservation,True,1,30.0,30.0,74010906,E-07
131066785,2026-03-11,2026-03-12,2026-03,2026,B,Edificio B — City Center,Booking.com,OTA,reservation,True,1,59.0,59.0,63949304,B-03
131088270,2026-03-11,2026-03-12,2026-03,2026,E,Edificio E — Budget Inn,Booking.com,OTA,reservation,True,1,30.0,30.0,75333404,E-09
131126065,2026-03-11,2026-03-12,2026-03,2026,E,Edificio E — Budget Inn,Booking.com,OTA,reservation,True,1,30.0,30.0,54333340,E-04
128773292,2026-03-11,2026-03-13,2026-03,2026,C,Edificio C — Riverside,Booking.com,OTA,reservation,True,2,126.0,63.0,18751507,C-01
130378265,2026-03-11,2026-03-13,2026-03,2026,D,Edificio D — Old Quarter,Airbnb,OTA,reservation,True,2,195.8,97.9,70857312,D-03
128417767,2026-03-11,2026-03-14,2026-03,2026,B,Edificio B — City Center,Booking.com,OTA,reservation,True,3,315.0,105.0,75060975,B-08
128769082,2026-03-11,2026-04-01,2026-03,2026,E,Edificio E — Budget Inn,Booking.com,OTA,modification of booking,False,21,763.0,36.333333333333336,56231708,E-15
129987120,2026-03-12,2026-03-13,2026-03,2026,E,Edificio E — Budget Inn,Booking.com,OTA,reservation,True,1,30.0,30.0,63113594,E-12
130336845,2026-03-12,2026-03-13,2026-03,2026,E,Edificio E — Budget Inn,Booking.com,OTA,reservation,True,1,30.0,30.0,80095785,E-13
130763545,2026-03-12,2026-03-13,2026-03,2026,A,Edificio A — Urban District,Booking.com,OTA,reservation,True,1,43.2,43.2,72413439,A-01
130846500,2026-03-12,2026-03-13,2026-03,2026,E,Edificio E — Budget Inn,Booking.com,OTA,reservation,True,1,30.0,30.0,25866081,E-01
131010740,2026-03-12,2026-03-13,2026-03,2026,B,Edificio B — City Center,Airbnb,OTA,modification of booking,False,1,109.0,109.0,70160997,B-05
131113760,2026-03-12,2026-03-13,2026-03,2026,E,Edificio E — Budget Inn,Booking.com,OTA,reservation,True,1,34.0,34.0,78480997,E-11
131150465,2026-03-12,2026-03-13,2026-03,2026,C,Edificio C — Riverside,Airbnb,OTA,reservation,True,1,59.0,59.0,87220043,C-08
131182865,2026-03-12,2026-03-13,2026-03,2026,E,Edificio E — Budget Inn,Airbnb,OTA,reservation,True,1,34.0,34.0,82590522,E-04
132646882,2026-03-25,2026-03-26,2026-03,2026,B,Edificio B — City Center,Direct booking,Directo,modification of booking,False,1,85.0,85.0,99172339,B-03
132745192,2026-03-25,2026-03-26,2026-03,2026,E,Edificio E — Budget Inn,Booking.com,OTA,reservation,True,1,24.0,24.0,54349887,E-06
132792472,2026-03-25,2026-03-26,2026-03,2026,D,Edificio D — Old Quarter,Airbnb,OTA,reservation,True,1,144.1,144.1,20266539,D-01
132793187,2026-03-25,2026-03-26,2026-03,2026,E,Edificio E — Budget Inn,Booking.com,OTA,reservation,True,1,24.0,24.0,79928997,E-05
132816927,2026-03-25,2026-03-26,2026-03,2026,E,Edificio E — Budget Inn,Booking.com,OTA,reservation,True,1,30.0,30.0,57133069,E-02
132826902,2026-03-25,2026-03-26,2026-03,2026,C,Edificio C — Riverside,Booking.com,OTA,reservation,True,1,59.0,59.0,35724749,C-04
132844967,2026-03-25,2026-03-26,2026-03,2026,B,Edificio B — City Center,Booking.com,OTA,reservation,True,1,59.0,59.0,80694919,B-04
132856257,2026-03-25,2026-03-26,2026-03,2026,B,Edificio B — City Center,Booking.com,OTA,reservation,True,1,59.0,59.0,40214132,B-08
132892892,2026-03-25,2026-03-26,2026-03,2026,C,Edificio C — Riverside,Booking.com,OTA,reservation,True,1,48.0,48.0,43602092,C-06
132904017,2026-03-25,2026-03-26,2026-03,2026,E,Edificio E — Budget Inn,Booking.com,OTA,reservation,True,1,24.0,24.0,12010314,E-13
132912287,2026-03-25,2026-03-26,2026-03,2026,E,Edificio E — Budget Inn,Booking.com,OTA,reservation,True,1,30.0,30.0,52044871,E-08
132914182,2026-03-25,2026-03-26,2026-03,2026,C,Edificio C — Riverside,Booking.com,OTA,reservation,True,1,43.2,43.2,59958791,C-02
132928877,2026-03-25,2026-03-26,2026-03,2026,E,Edificio E — Budget Inn,Booking.com,OTA,reservation,True,1,30.0,30.0,75687674,E-09
132932812,2026-03-25,2026-03-26,2026-03,2026,D,Edificio D — Old Quarter,Booking.com,OTA,reservation,True,1,42.0,42.0,48875051,D-07
132955127,2026-03-25,2026-03-26,2026-03,2026,B,Edificio B — City Center,Booking.com,OTA,reservation,True,1,54.0,54.0,35257459,B-09
132979332,2026-03-25,2026-03-26,2026-03,2026,E,Edificio E — Budget Inn,Direct booking,Directo,modification of booking,False,1,30.0,30.0,79669297,E-03
132993897,2026-03-25,2026-03-26,2026-03,2026,B,Edificio B — City Center,Booking.com,OTA,reservation,True,1,48.0,48.0,49193517,B-02
123292741,2026-03-25,2026-03-27,2026-03,2026,E,Edificio E — Budget Inn,Booking.com,OTA,reservation,True,2,56.0,28.0,67174804,E-12
132285262,2026-03-25,2026-03-27,2026-03,2026,E,Edificio E — Budget Inn,Direct booking,Directo,cancellation,False,2,85.0,42.5,62395314,E-05
132565752,2026-03-25,2026-03-27,2026-03,2026,C,Edificio C — Riverside,Airbnb,OTA,reservation,True,2,118.0,59.0,88961448,C-09
129767595,2026-03-25,2026-03-28,2026-03,2026,C,Edificio C — Riverside,Website,Directo,reservation,True,3,231.0,77.0,57904657,C-07
132804472,2026-03-25,2026-03-28,2026-03,2026,E,Edificio E — Budget Inn,Booking.com,OTA,reservation,True,3,125.0,41.66666666666666,45745660,E-11
132930562,2026-03-25,2026-03-30,2026-03,2026,E,Edificio E — Budget Inn,Direct booking,Directo,modification of booking,False,5,200.0,40.0,27091821,E-04
129552500,2026-03-26,2026-03-27,2026-03,2026,A,Edificio A — Urban District,Booking.com,OTA,reservation,True,1,56.0,56.0,47303669,A-01
131861812,2026-03-26,2026-03-27,2026-03,2026,E,Edificio E — Budget Inn,Booking.com,OTA,reservation,True,1,28.0,28.0,80095785,E-06
131923312,2026-03-26,2026-03-27,2026-03,2026,B,Edificio B — City Center,Booking.com,OTA,reservation,True,1,167.0,167.0,13912568,B-05
132570977,2026-03-26,2026-03-27,2026-03,2026,E,Edificio E — Budget Inn,Airbnb,OTA,reservation,True,1,28.0,28.0,36968804,E-13
132690442,2026-03-26,2026-03-27,2026-03,2026,D,Edificio D — Old Quarter,Booking.com,OTA,reservation,True,1,54.0,54.0,20561314,D-08
132705162,2026-03-26,2026-03-27,2026-03,2026,B,Edificio B — City Center,Website,Directo,reservation,True,1,60.0,60.0,90775137,B-09
132890267,2026-03-26,2026-03-27,2026-03,2026,C,Edificio C — Riverside,Booking.com,OTA,reservation,True,1,48.6,48.6,47840568,C-03
132929952,2026-03-26,2026-03-27,2026-03,2026,E,Edificio E — Budget Inn,Booking.com,OTA,reservation,True,1,30.0,30.0,65352915,E-08
132965907,2026-03-26,2026-03-27,2026-03,2026,B,Edificio B — City Center,Direct booking,Directo,modification of booking,False,1,65.0,65.0,49608918,B-08
132986422,2026-03-26,2026-03-27,2026-03,2026,OTRO,Otros,Direct booking,Directo,modification of booking,False,1,25.0,25.0,40384227,OTRO-01
133023782,2026-03-26,2026-03-27,2026-03,2026,B,Edificio B — City Center,Booking.com,OTA,reservation,True,1,59.0,59.0,12619839,B-04
133035097,2026-03-26,2026-03-27,2026-03,2026,E,Edificio E — Budget Inn,Booking.com,OTA,modification of booking,False,1,34.0,34.0,62174492,E-02
133045657,2026-03-26,2026-03-27,2026-03,2026,E,Edificio E — Budget Inn,Booking.com,OTA,modification of booking,False,1,34.0,34.0,46720663,E-09
133051162,2026-03-26,2026-03-27,2026-03,2026,C,Edificio C — Riverside,Booking.com,OTA,reservation,True,1,54.0,54.0,43602092,C-06
133051167,2026-03-26,2026-03-27,2026-03,2026,C,Edificio C — Riverside,Booking.com,OTA,reservation,True,1,54.0,54.0,43602092,C-01
133065512,2026-03-26,2026-03-27,2026-03,2026,A,Edificio A — Urban District,Booking.com,OTA,reservation,True,1,43.2,43.2,40391977,A-02
133073907,2026-03-26,2026-03-27,2026-03,2026,E,Edificio E — Budget Inn,Airbnb,OTA,reservation,True,1,28.0,28.0,21074067,E-05
133110117,2026-03-26,2026-03-27,2026-03,2026,B,Edificio B — City Center,Booking.com,OTA,reservation,True,1,48.0,48.0,81769990,B-02
133118152,2026-03-26,2026-03-27,2026-03,2026,E,Edificio E — Budget Inn,Booking.com,OTA,modification of booking,False,1,24.0,24.0,87134267,E-03
133118157,2026-03-26,2026-03-27,2026-03,2026,E,Edificio E — Budget Inn,Booking.com,OTA,modification of booking,False,1,24.0,24.0,33399103,E-01
133132412,2026-03-26,2026-03-27,2026-03,2026,C,Edificio C — Riverside,Booking.com,OTA,reservation,True,1,48.0,48.0,56691029,C-08
127827197,2026-03-26,2026-03-28,2026-03,2026,B,Edificio B — City Center,Booking.com,OTA,cancellation,False,2,298.8,149.4,22484814,B-03
125422296,2026-03-26,2026-03-29,2026-03,2026,E,Edificio E — Budget Inn,Booking.com,OTA,cancellation,False,3,96.0,32.0,67367916,E-13
131885087,2026-03-26,2026-04-01,2026-03,2026,C,Edificio C — Riverside,Airbnb,OTA,reservation,True,6,630.0,105.0,68937896,C-04
123129866,2026-03-27,2026-03-28,2026-03,2026,E,Edificio E — Budget Inn,Booking.com,OTA,reservation,True,1,34.0,34.0,91331142,E-05
125425551,2026-03-27,2026-03-28,2026-03,2026,E,Edificio E — Budget Inn,Booking.com,OTA,reservation,True,1,48.0,48.0,59295736,E-02
125425956,2026-03-27,2026-03-28,2026-03,2026,E,Edificio E — Budget Inn,Booking.com,OTA,cancellation,False,1,34.0,34.0,59295736,E-01
131006295,2026-03-27,2026-03-28,2026-03,2026,E,Edificio E — Budget Inn,Booking.com,OTA,reservation,True,1,47.0,47.0,18146423,E-06
133095407,2026-03-27,2026-03-28,2026-03,2026,B,Edificio B — City Center,Booking.com,OTA,reservation,True,1,143.0,143.0,57618165,B-03
133198067,2026-03-27,2026-03-28,2026-03,2026,C,Edificio C — Riverside,Direct booking,Directo,modification of booking,False,1,75.0,75.0,43895246,C-06
133209677,2026-03-27,2026-03-28,2026-03,2026,E,Edificio E — Budget Inn,Booking.com,OTA,reservation,True,1,36.0,36.0,82590384,E-01
133216547,2026-03-27,2026-03-28,2026-03,2026,A,Edificio A — Urban District,Booking.com,OTA,reservation,True,1,58.5,58.5,22553754,A-01
133235187,2026-03-27,2026-03-28,2026-03,2026,C,Edificio C — Riverside,Airbnb,OTA,reservation,True,1,103.0,103.0,81161587,C-08
133257887,2026-03-27,2026-03-28,2026-03,2026,E,Edificio E — Budget Inn,Booking.com,OTA,reservation,True,1,48.0,48.0,67737301,E-10
133261842,2026-03-27,2026-03-28,2026-03,2026,B,Edificio B — City Center,Booking.com,OTA,reservation,True,1,71.0,71.0,89795826,B-05
133264447,2026-03-27,2026-03-28,2026-03,2026,A,Edificio A — Urban District,Booking.com,OTA,reservation,True,1,53.1,53.1,32232133,A-02
133269687,2026-03-27,2026-03-28,2026-03,2026,D,Edificio D — Old Quarter,Airbnb,OTA,reservation,True,1,78.1,78.1,34926291,D-03
133270717,2026-03-27,2026-03-28,2026-03,2026,OTRO,Otros,Direct booking,Directo,reservation,True,1,25.0,25.0,76756921,OTRO-01
128642097,2026-03-27,2026-03-29,2026-03,2026,B,Edificio B — City Center,Airbnb,OTA,reservation,True,2,400.0,200.0,20552685,B-07
132423142,2026-03-27,2026-03-29,2026-03,2026,E,Edificio E — Budget Inn,Airbnb,OTA,reservation,True,2,101.0,50.5,87222364,E-13
132833882,2026-03-27,2026-03-29,2026-03,2026,B,Edificio B — City Center,Booking.com,OTA,reservation,True,2,260.0,130.0,58653743,B-04
132872622,2026-03-27,2026-03-29,2026-03,2026,E,Edificio E — Budget Inn,Booking.com,OTA,reservation,True,2,90.0,45.0,32539090,E-03
133038087,2026-03-27,2026-03-29,2026-03,2026,E,Edificio E — Budget Inn,Booking.com,OTA,modification of booking,False,2,124.0,62.0,46720663,E-09
133206924,2026-03-27,2026-03-29,2026-03,2026,E,Edificio E — Budget Inn,Booking.com,OTA,reservation,True,2,107.0,53.5,60075599,E-07
133210962,2026-03-27,2026-03-29,2026-03,2026,C,Edificio C — Riverside,Booking.com,OTA,reservation,True,2,138.6,69.3,27789846,C-03
122942726,2026-03-27,2026-03-30,2026-03,2026,E,Edificio E — Budget Inn,Booking.com,OTA,reservation,True,3,96.0,32.0,33404249,E-12
124147246,2026-03-27,2026-03-30,2026-03,2026,E,Edificio E — Budget Inn,Booking.com,OTA,reservation,True,3,137.0,45.66666666666666,13157509,E-08
127911782,2026-03-27,2026-03-30,2026-03,2026,B,Edificio B — City Center,Booking.com,OTA,reservation,True,3,404.0,134.66666666666666,88730010,B-09
130822505,2026-03-27,2026-03-31,2026-03,2026,D,Edificio D — Old Quarter,Booking.com,OTA,reservation,True,4,460.0,115.0,29478632,D-07
123219541,2026-03-28,2026-03-29,2026-03,2026,E,Edificio E — Budget Inn,Booking.com,OTA,modification of booking,False,1,48.0,48.0,70702227,E-11
124116701,2026-03-28,2026-03-29,2026-03,2026,E,Edificio E — Budget Inn,Booking.com,OTA,cancellation,False,1,48.0,48.0,54698659,E-11
124416176,2026-03-28,2026-03-29,2026-03,2026,C,Edificio C — Riverside,Booking.com,OTA,cancellation,False,1,159.84,159.84,51372483,C-03
124416181,2026-03-28,2026-03-29,2026-03,2026,C,Edificio C — Riverside,Booking.com,OTA,cancellation,False,1,192.0,192.0,51372483,C-08
130942760,2026-03-28,2026-03-29,2026-03,2026,B,Edificio B — City Center,Booking.com,OTA,reservation,True,1,420.0,420.0,69582068,B-05
131369860,2026-03-28,2026-03-29,2026-03,2026,B,Edificio B — City Center,Booking.com,OTA,reservation,True,1,190.0,190.0,53621638,B-01
132355367,2026-03-28,2026-03-29,2026-03,2026,D,Edificio D — Old Quarter,Airbnb,OTA,reservation,True,1,287.1,287.1,73845413,D-04
132842592,2026-03-28,2026-03-29,2026-03,2026,E,Edificio E — Budget Inn,Booking.com,OTA,reservation,True,1,65.0,65.0,55724252,E-02
132854677,2026-03-28,2026-03-29,2026-03,2026,D,Edificio D — Old Quarter,Booking.com,OTA,reservation,True,1,298.0,298.0,36282885,D-02
132987952,2026-03-28,2026-03-29,2026-03,2026,D,Edificio D — Old Quarter,Airbnb,OTA,reservation,True,1,232.1,232.1,43961595,D-03
133073937,2026-03-28,2026-03-29,2026-03,2026,D,Edificio D — Old Quarter,Airbnb,OTA,reservation,True,1,238.7,238.7,65036070,D-01
133119667,2026-03-28,2026-03-29,2026-03,2026,B,Edificio B — City Center,Booking.com,OTA,reservation,True,1,154.0,154.0,19308534,B-08
133164572,2026-03-28,2026-03-29,2026-03,2026,E,Edificio E — Budget Inn,Booking.com,OTA,reservation,True,1,48.0,48.0,79928997,E-05
133204312,2026-03-28,2026-03-29,2026-03,2026,C,Edificio C — Riverside,Website,Directo,reservation,True,1,75.0,75.0,49653957,C-05
133214862,2026-03-28,2026-03-29,2026-03,2026,B,Edificio B — City Center,Airbnb,OTA,reservation,True,1,123.0,123.0,21649901,B-02
133224962,2026-03-28,2026-03-29,2026-03,2026,C,Edificio C — Riverside,Booking.com,OTA,reservation,True,1,89.0,89.0,37544529,C-08
133237207,2026-03-28,2026-03-29,2026-03,2026,C,Edificio C — Riverside,Booking.com,OTA,reservation,True,1,89.0,89.0,84842069,C-01
133318162,2026-03-28,2026-03-29,2026-03,2026,E,Edificio E — Budget Inn,Airbnb,OTA,reservation,True,1,59.0,59.0,71280128,E-10
120753461,2026-03-28,2026-03-30,2026-03,2026,B,Edificio B — City Center,Booking.com,OTA,cancellation,False,2,765.6,382.8,56037191,B-05
120753466,2026-03-28,2026-03-30,2026-03,2026,B,Edificio B — City Center,Booking.com,OTA,cancellation,False,2,283.2,141.6,56037191,B-02
125689221,2026-03-28,2026-03-30,2026-03,2026,B,Edificio B — City Center,Booking.com,OTA,reservation,True,2,304.8,152.4,77298032,B-03
128918637,2026-03-28,2026-03-30,2026-03,2026,B,Edificio B — City Center,Booking.com,OTA,cancellation,False,2,294.0,147.0,68384303,B-08
130496105,2026-03-28,2026-03-30,2026-03,2026,D,Edificio D — Old Quarter,Airbnb,OTA,reservation,True,2,247.5,123.75,67295678,D-05
132547482,2026-03-28,2026-03-30,2026-03,2026,A,Edificio A — Urban District,Booking.com,OTA,reservation,True,2,183.6,91.8,86213202,A-02
132622467,2026-03-28,2026-03-30,2026-03,2026,C,Edificio C — Riverside,Airbnb,OTA,reservation,True,2,210.0,105.0,54910908,C-07
133038577,2026-03-28,2026-03-30,2026-03,2026,C,Edificio C — Riverside,Booking.com,OTA,reservation,True,2,219.0,109.5,13146109,C-06
129964575,2026-03-28,2026-03-31,2026-03,2026,D,Edificio D — Old Quarter,Booking.com,OTA,reservation,True,3,320.0,106.66666666666669,83705919,D-08
132391652,2026-03-28,2026-03-31,2026-03,2026,A,Edificio A — Urban District,Booking.com,OTA,reservation,True,3,245.7,81.89999999999999,42914788,A-01
131428755,2026-03-20,2026-03-22,2026-03,2026,C,Edificio C — Riverside,Airbnb,OTA,modification of booking,False,2,237.0,118.5,76839427,C-07
132015057,2026-03-20,2026-03-22,2026-03,2026,D,Edificio D — Old Quarter,Website,Directo,reservation,True,2,370.0,185.0,27307077,D-03
132194547,2026-03-20,2026-03-22,2026-03,2026,C,Edificio C — Riverside,Website,Directo,reservation,True,2,180.0,90.0,70666178,C-08
132197782,2026-03-20,2026-03-22,2026-03,2026,OTRO,Otros,Direct booking,Directo,reservation,True,2,50.0,25.0,75313219,OTRO-02
132203527,2026-03-20,2026-03-22,2026-03,2026,E,Edificio E — Budget Inn,Booking.com,OTA,reservation,True,2,96.0,48.0,37063161,E-01
132235227,2026-03-20,2026-03-22,2026-03,2026,C,Edificio C — Riverside,Airbnb,OTA,reservation,True,2,166.0,83.0,60430832,C-09
122973331,2026-03-20,2026-03-23,2026-03,2026,D,Edificio D — Old Quarter,Booking.com,OTA,cancellation,False,3,1239.6,413.2,75602031,D-04
122973336,2026-03-20,2026-03-23,2026-03,2026,D,Edificio D — Old Quarter,Booking.com,OTA,cancellation,False,3,1239.6,413.2,75602031,D-02
127909057,2026-03-20,2026-03-23,2026-03,2026,A,Edificio A — Urban District,Booking.com,OTA,reservation,True,3,249.3,83.10000000000001,15728983,A-01
129457930,2026-03-20,2026-03-23,2026-03,2026,B,Edificio B — City Center,Booking.com,OTA,reservation,True,3,520.0,173.33333333333334,16227874,B-07
131892292,2026-03-20,2026-03-23,2026-03,2026,D,Edificio D — Old Quarter,Booking.com,OTA,reservation,True,3,317.0,105.66666666666669,85463188,D-08
129394965,2026-03-20,2026-03-25,2026-03,2026,E,Edificio E — Budget Inn,Booking.com,OTA,modification of booking,False,5,229.2,45.84,73768206,E-16
132195802,2026-03-20,2026-03-27,2026-03,2026,E,Edificio E — Budget Inn,Booking.com,OTA,modification of booking,False,7,285.0,40.71428571428572,88187429,E-18
132195807,2026-03-20,2026-03-27,2026-03,2026,E,Edificio E — Budget Inn,Booking.com,OTA,reservation,True,7,285.0,40.71428571428572,88187429,E-10
124964376,2026-03-21,2026-03-22,2026-03,2026,E,Edificio E — Budget Inn,Booking.com,OTA,reservation,True,1,34.0,34.0,92144365,E-13
125793191,2026-03-21,2026-03-22,2026-03,2026,E,Edificio E — Budget Inn,Booking.com,OTA,modification of booking,False,1,48.0,48.0,31151700,E-17
125793196,2026-03-21,2026-03-22,2026-03,2026,E,Edificio E — Budget Inn,Booking.com,OTA,cancellation,False,1,48.0,48.0,31151700,E-04
132070137,2026-03-21,2026-03-22,2026-03,2026,B,Edificio B — City Center,Direct booking,Directo,cancellation,False,1,125.0,125.0,25065346,B-06
132088337,2026-03-21,2026-03-22,2026-03,2026,D,Edificio D — Old Quarter,Airbnb,OTA,reservation,True,1,162.8,162.8,37304462,D-01
132208857,2026-03-21,2026-03-22,2026-03,2026,C,Edificio C — Riverside,Booking.com,OTA,reservation,True,1,80.1,80.1,19399080,C-03
132215677,2026-03-21,2026-03-22,2026-03,2026,D,Edificio D — Old Quarter,Airbnb,OTA,reservation,True,1,146.3,146.3,38508505,D-04
132226137,2026-03-21,2026-03-22,2026-03,2026,B,Edificio B — City Center,Booking.com,OTA,reservation,True,1,95.0,95.0,76944831,B-02
132239557,2026-03-21,2026-03-22,2026-03,2026,C,Edificio C — Riverside,Booking.com,OTA,modification of booking,False,1,89.0,89.0,89994109,C-01
132261912,2026-03-21,2026-03-22,2026-03,2026,B,Edificio B — City Center,Booking.com,OTA,reservation,True,1,107.0,107.0,21843748,B-06
132285477,2026-03-21,2026-03-22,2026-03,2026,C,Edificio C — Riverside,Direct booking,Directo,reservation,True,1,100.0,100.0,89521881,C-04
132303427,2026-03-21,2026-03-22,2026-03,2026,D,Edificio D — Old Quarter,Booking.com,OTA,reservation,True,1,143.0,143.0,22721227,D-02
132355962,2026-03-21,2026-03-22,2026-03,2026,E,Edificio E — Budget Inn,Booking.com,OTA,reservation,True,1,65.0,65.0,27459338,E-02
132372832,2026-03-21,2026-03-22,2026-03,2026,D,Edificio D — Old Quarter,Booking.com,OTA,reservation,True,1,86.0,86.0,28544982,D-07
132423732,2026-03-21,2026-03-22,2026-03,2026,E,Edificio E — Budget Inn,Direct booking,Directo,modification of booking,False,1,70.0,70.0,74792292,E-08
132430922,2026-03-21,2026-03-22,2026-03,2026,E,Edificio E — Budget Inn,Booking.com,OTA,reservation,True,1,42.0,42.0,57996247,E-12
123146441,2026-03-21,2026-03-23,2026-03,2026,E,Edificio E — Budget Inn,Booking.com,OTA,cancellation,False,2,89.0,44.5,91618694,E-11
124533896,2026-03-21,2026-03-23,2026-03,2026,E,Edificio E — Budget Inn,Booking.com,OTA,reservation,True,2,62.0,31.0,75921335,E-05
125074021,2026-03-21,2026-03-23,2026-03,2026,E,Edificio E — Budget Inn,Booking.com,OTA,reservation,True,2,89.0,44.5,88112822,E-07
132027687,2026-03-21,2026-03-23,2026-03,2026,D,Edificio D — Old Quarter,Booking.com,OTA,reservation,True,2,160.0,80.0,91302819,D-05
132108777,2026-03-21,2026-03-23,2026-03,2026,A,Edificio A — Urban District,Booking.com,OTA,reservation,True,2,117.9,58.95,85385859,A-02
132401282,2026-03-21,2026-03-23,2026-03,2026,C,Edificio C — Riverside,Booking.com,OTA,reservation,True,2,148.0,74.0,82372344,C-06
129953280,2026-03-21,2026-03-24,2026-03,2026,B,Edificio B — City Center,Booking.com,OTA,reservation,True,3,448.0,149.33333333333334,96574548,B-08
130154805,2026-03-21,2026-03-24,2026-03,2026,OTRO,Otros,Direct booking,Directo,modification of booking,False,3,75.0,25.0,25581379,OTRO-01
132068902,2026-03-21,2026-03-24,2026-03,2026,C,Edificio C — Riverside,Booking.com,OTA,reservation,True,3,202.5,67.5,67729140,C-02
131112580,2026-03-22,2026-03-23,2026-03,2026,C,Edificio C — Riverside,Airbnb,OTA,cancellation,False,1,75.0,75.0,47884902,C-01
132222297,2026-03-22,2026-03-23,2026-03,2026,E,Edificio E — Budget Inn,Booking.com,OTA,reservation,True,1,24.0,24.0,72739291,E-06
132454827,2026-03-22,2026-03-23,2026-03,2026,E,Edificio E — Budget Inn,Booking.com,OTA,reservation,True,1,24.0,24.0,22030719,E-03
132478107,2026-03-22,2026-03-23,2026-03,2026,C,Edificio C — Riverside,Airbnb,OTA,cancellation,False,1,59.0,59.0,42927399,C-08
132478152,2026-03-22,2026-03-23,2026-03,2026,C,Edificio C — Riverside,Airbnb,OTA,reservation,True,1,59.0,59.0,74287525,C-01
132485602,2026-03-22,2026-03-23,2026-03,2026,C,Edificio C — Riverside,Booking.com,OTA,reservation,True,1,59.0,59.0,82929492,C-04
132500697,2026-03-22,2026-03-23,2026-03,2026,B,Edificio B — City Center,Booking.com,OTA,reservation,True,1,59.0,59.0,63774630,B-02
132504772,2026-03-22,2026-03-23,2026-03,2026,E,Edificio E — Budget Inn,Booking.com,OTA,reservation,True,1,30.0,30.0,78480997,E-09
132529032,2026-03-22,2026-03-23,2026-03,2026,B,Edificio B — City Center,Booking.com,OTA,reservation,True,1,149.0,149.0,36340858,B-05
132534972,2026-03-22,2026-03-23,2026-03,2026,E,Edificio E — Budget Inn,Airbnb,OTA,reservation,True,1,30.0,30.0,12058931,E-12
132553727,2026-03-22,2026-03-23,2026-03,2026,E,Edificio E — Budget Inn,Booking.com,OTA,reservation,True,1,30.0,30.0,18290410,E-11
132565137,2026-03-22,2026-03-23,2026-03,2026,E,Edificio E — Budget Inn,Booking.com,OTA,reservation,True,1,28.0,28.0,20526672,E-08
131117915,2026-03-22,2026-03-24,2026-03,2026,C,Edificio C — Riverside,Airbnb,OTA,reservation,True,2,150.0,75.0,47884902,C-07
132175142,2026-03-22,2026-03-24,2026-03,2026,B,Edificio B — City Center,Booking.com,OTA,reservation,True,2,154.0,77.0,38276488,B-04
132427907,2026-03-22,2026-03-24,2026-03,2026,E,Edificio E — Budget Inn,Airbnb,OTA,reservation,True,2,48.0,24.0,34890452,E-13
132447352,2026-03-22,2026-03-24,2026-03,2026,B,Edificio B — City Center,Booking.com,OTA,reservation,True,2,160.0,80.0,31294396,B-03
132521722,2026-03-22,2026-03-24,2026-03,2026,E,Edificio E — Budget Inn,Booking.com,OTA,reservation,True,2,48.0,24.0,18279296,E-01
132381362,2026-03-22,2026-03-26,2026-03,2026,C,Edificio C — Riverside,Booking.com,OTA,reservation,True,4,217.8,54.45,45886192,C-03
117520946,2026-03-22,2026-03-30,2026-03,2026,B,Edificio B — City Center,Booking.com,OTA,cancellation,False,8,1166.4,145.8,39280696,B-03
118777546,2026-03-22,2026-03-30,2026-03,2026,B,Edificio B — City Center,Direct booking,Directo,reservation,True,8,945.0,118.125,39280696,B-06
128229892,2026-03-23,2026-03-24,2026-03,2026,B,Edificio B — City Center,Website,Directo,reservation,True,1,63.0,63.0,45645020,B-09
132475927,2026-03-23,2026-03-24,2026-03,2026,B,Edificio B — City Center,Airbnb,OTA,reservation,True,1,109.0,109.0,38756349,B-05
132522847,2026-03-23,2026-03-24,2026-03,2026,E,Edificio E — Budget Inn,Booking.com,OTA,modification of booking,False,1,24.0,24.0,18890178,E-03
132597582,2026-03-23,2026-03-24,2026-03,2026,D,Edificio D — Old Quarter,Booking.com,OTA,reservation,True,1,48.0,48.0,82489186,D-08
132608257,2026-03-23,2026-03-24,2026-03,2026,E,Edificio E — Budget Inn,Booking.com,OTA,cancellation,False,1,24.0,24.0,80117002,E-05
132617627,2026-03-23,2026-03-24,2026-03,2026,E,Edificio E — Budget Inn,Booking.com,OTA,reservation,True,1,28.0,28.0,57980722,E-08
132650972,2026-03-23,2026-03-24,2026-03,2026,A,Edificio A — Urban District,Booking.com,OTA,reservation,True,1,43.2,43.2,30711856,A-02
132652427,2026-03-23,2026-03-24,2026-03,2026,B,Edificio B — City Center,Airbnb,OTA,reservation,True,1,78.0,78.0,71535756,B-07
132656247,2026-03-23,2026-03-24,2026-03,2026,E,Edificio E — Budget Inn,Booking.com,OTA,reservation,True,1,28.0,28.0,65222877,E-11
132666127,2026-03-23,2026-03-24,2026-03,2026,A,Edificio A — Urban District,Booking.com,OTA,reservation,True,1,37.8,37.8,80387570,A-01
132670497,2026-03-23,2026-03-24,2026-03,2026,E,Edificio E — Budget Inn,Booking.com,OTA,reservation,True,1,28.0,28.0,43907664,E-02
132673102,2026-03-23,2026-03-24,2026-03,2026,C,Edificio C — Riverside,Booking.com,OTA,reservation,True,1,54.0,54.0,35724749,C-08
132681332,2026-03-23,2026-03-24,2026-03,2026,E,Edificio E — Budget Inn,Booking.com,OTA,reservation,True,1,24.0,24.0,10758526,E-06
132681337,2026-03-23,2026-03-24,2026-03,2026,E,Edificio E — Budget Inn,Booking.com,OTA,reservation,True,1,24.0,24.0,10758526,E-12
132688307,2026-03-23,2026-03-24,2026-03,2026,E,Edificio E — Budget Inn,Booking.com,OTA,reservation,True,1,28.0,28.0,56387459,E-09
132700602,2026-03-23,2026-03-24,2026-03,2026,D,Edificio D — Old Quarter,Booking.com,OTA,reservation,True,1,48.0,48.0,31699241,D-05
132701622,2026-03-23,2026-03-24,2026-03,2026,E,Edificio E — Budget Inn,Booking.com,OTA,reservation,True,1,28.0,28.0,15658023,E-07
132642587,2026-03-23,2026-03-25,2026-03,2026,C,Edificio C — Riverside,Direct booking,Directo,modification of booking,False,2,105.0,52.5,57099220,C-06
132652872,2026-03-23,2026-03-25,2026-03,2026,OTRO,Otros,Direct booking,Directo,modification of booking,False,2,50.0,25.0,15390739,OTRO-02
132593407,2026-03-23,2026-03-28,2026-03,2026,E,Edificio E — Budget Inn,Booking.com,OTA,modification of booking,False,5,150.0,30.0,76396553,E-14
132502042,2026-03-24,2026-03-25,2026-03,2026,E,Edificio E — Budget Inn,Booking.com,OTA,reservation,True,1,30.0,30.0,91673525,E-08
132533732,2026-03-24,2026-03-25,2026-03,2026,E,Edificio E — Budget Inn,Airbnb,OTA,reservation,True,1,28.0,28.0,10365799,E-13
132689352,2026-03-24,2026-03-25,2026-03,2026,E,Edificio E — Budget Inn,Airbnb,OTA,reservation,True,1,24.0,24.0,51147576,E-05
132705687,2026-03-24,2026-03-25,2026-03,2026,B,Edificio B — City Center,Direct booking,Directo,modification of booking,False,1,60.0,60.0,31424105,B-08
132708902,2026-03-24,2026-03-25,2026-03,2026,E,Edificio E — Budget Inn,Booking.com,OTA,modification of booking,False,1,30.0,30.0,72435064,E-19
132727337,2026-03-24,2026-03-25,2026-03,2026,B,Edificio B — City Center,Airbnb,OTA,reservation,True,1,131.0,131.0,20266539,B-05
132779502,2026-03-24,2026-03-25,2026-03,2026,C,Edificio C — Riverside,Booking.com,OTA,reservation,True,1,54.0,54.0,18478004,C-07
132781577,2026-03-24,2026-03-25,2026-03,2026,C,Edificio C — Riverside,Booking.com,OTA,reservation,True,1,59.0,59.0,43602092,C-04
132807292,2026-03-24,2026-03-25,2026-03,2026,E,Edificio E — Budget Inn,Booking.com,OTA,reservation,True,1,30.0,30.0,65206286,E-02
132836757,2026-03-24,2026-03-25,2026-03,2026,D,Edificio D — Old Quarter,Booking.com,OTA,reservation,True,1,65.0,65.0,19244541,D-02
130203325,2026-03-24,2026-03-26,2026-03,2026,C,Edificio C — Riverside,Direct booking,Directo,reservation,True,2,139.0,69.5,52692025,C-01
130533650,2026-03-24,2026-03-26,2026-03,2026,C,Edificio C — Riverside,Airbnb,OTA,reservation,True,2,150.0,75.0,35384385,C-08
130575885,2026-03-24,2026-03-26,2026-03,2026,D,Edificio D — Old Quarter,Booking.com,OTA,reservation,True,2,140.0,70.0,79762985,D-08
131514340,2026-03-24,2026-03-26,2026-03,2026,A,Edificio A — Urban District,Booking.com,OTA,reservation,True,2,112.0,56.0,14176033,A-01
132515882,2026-03-24,2026-03-26,2026-03,2026,A,Edificio A — Urban District,Booking.com,OTA,reservation,True,2,97.2,48.6,46338468,A-02
132731612,2026-03-24,2026-03-26,2026-03,2026,B,Edificio B — City Center,Booking.com,OTA,reservation,True,2,142.0,71.0,79866699,B-07
130201910,2026-03-24,2026-03-27,2026-03,2026,C,Edificio C — Riverside,Direct booking,Directo,reservation,True,3,208.0,69.33333333333333,92141513,C-05
132470762,2026-03-24,2026-03-27,2026-03,2026,D,Edificio D — Old Quarter,Booking.com,OTA,reservation,True,3,167.0,55.66666666666666,16967295,D-05
132733107,2026-03-24,2026-03-27,2026-03,2026,E,Edificio E — Budget Inn,Booking.com,OTA,reservation,True,3,94.0,31.33333333333333,65648270,E-07
132497952,2026-03-25,2026-03-26,2026-03,2026,B,Edificio B — City Center,Airbnb,OTA,reservation,True,1,107.0,107.0,99744899,B-05
132541517,2026-03-25,2026-03-26,2026-03,2026,E,Edificio E — Budget Inn,Booking.com,OTA,cancellation,False,1,24.0,24.0,66181211,E-01
131213590,2026-03-12,2026-03-13,2026-03,2026,D,Edificio D — Old Quarter,Booking.com,OTA,reservation,True,1,54.0,54.0,75645343,D-05
131213870,2026-03-12,2026-03-13,2026-03,2026,E,Edificio E — Budget Inn,Booking.com,OTA,reservation,True,1,34.0,34.0,62099144,E-09
131232965,2026-03-12,2026-03-13,2026-03,2026,C,Edificio C — Riverside,Booking.com,OTA,reservation,True,1,54.0,54.0,88402626,C-06
131270895,2026-03-12,2026-03-13,2026-03,2026,E,Edificio E — Budget Inn,Booking.com,OTA,reservation,True,1,30.0,30.0,77233943,E-02
131282005,2026-03-12,2026-03-13,2026-03,2026,C,Edificio C — Riverside,Booking.com,OTA,reservation,True,1,48.6,48.6,47340914,C-02
128918537,2026-03-12,2026-03-14,2026-03,2026,B,Edificio B — City Center,Airbnb,OTA,reservation,True,2,179.0,89.5,62908847,B-04
129922850,2026-03-12,2026-03-14,2026-03,2026,B,Edificio B — City Center,Booking.com,OTA,reservation,True,2,208.0,104.0,60692474,B-03
129922855,2026-03-12,2026-03-14,2026-03,2026,B,Edificio B — City Center,Booking.com,OTA,reservation,True,2,208.0,104.0,60692474,B-09
129922860,2026-03-12,2026-03-14,2026-03,2026,B,Edificio B — City Center,Booking.com,OTA,reservation,True,2,296.0,148.0,60692474,B-07
129922865,2026-03-12,2026-03-14,2026-03,2026,B,Edificio B — City Center,Booking.com,OTA,reservation,True,2,274.0,137.0,60692474,B-06
130742600,2026-03-12,2026-03-14,2026-03,2026,E,Edificio E — Budget Inn,Booking.com,OTA,reservation,True,2,66.0,33.0,42213543,E-14
124660136,2026-03-12,2026-03-15,2026-03,2026,E,Edificio E — Budget Inn,Direct booking,Directo,modification of booking,False,3,165.0,55.0,29841252,E-17
125623216,2026-03-12,2026-03-15,2026-03,2026,E,Edificio E — Budget Inn,Booking.com,OTA,cancellation,False,3,137.0,45.66666666666666,19496936,E-07
130348260,2026-03-12,2026-03-15,2026-03,2026,D,Edificio D — Old Quarter,Booking.com,OTA,reservation,True,3,281.0,93.66666666666669,56758760,D-08
117191591,2026-03-12,2026-03-16,2026-03,2026,D,Edificio D — Old Quarter,Direct booking,Directo,cancellation,False,4,1185.0,296.25,55685735,D-04
131234185,2026-03-12,2026-03-16,2026-03,2026,E,Edificio E — Budget Inn,Booking.com,OTA,reservation,True,4,188.0,47.0,62278810,E-07
130799185,2026-03-12,2026-03-18,2026-03,2026,E,Edificio E — Budget Inn,Booking.com,OTA,reservation,True,6,216.0,36.0,65741033,E-03
125008671,2026-03-13,2026-03-14,2026-03,2026,E,Edificio E — Budget Inn,Booking.com,OTA,reservation,True,1,48.0,48.0,49205051,E-11
125363941,2026-03-13,2026-03-14,2026-03,2026,E,Edificio E — Budget Inn,Booking.com,OTA,reservation,True,1,34.0,34.0,57242972,E-13
128303642,2026-03-13,2026-03-14,2026-03,2026,C,Edificio C — Riverside,Website,Directo,reservation,True,1,108.0,108.0,60989637,C-06
128308477,2026-03-13,2026-03-14,2026-03,2026,C,Edificio C — Riverside,Website,Directo,reservation,True,1,98.0,98.0,35693525,C-07
128337332,2026-03-13,2026-03-14,2026-03,2026,C,Edificio C — Riverside,Website,Directo,reservation,True,1,108.0,108.0,25889066,C-08
129758355,2026-03-13,2026-03-14,2026-03,2026,B,Edificio B — City Center,Booking.com,OTA,reservation,True,1,116.0,116.0,64294830,B-02
129810025,2026-03-13,2026-03-14,2026-03,2026,A,Edificio A — Urban District,Booking.com,OTA,reservation,True,1,69.3,69.3,55070606,A-01
129835305,2026-03-13,2026-03-14,2026-03,2026,A,Edificio A — Urban District,Booking.com,OTA,reservation,True,1,88.2,88.2,37335136,A-02
130794670,2026-03-13,2026-03-14,2026-03,2026,C,Edificio C — Riverside,Booking.com,OTA,reservation,True,1,95.0,95.0,87308042,C-04
130903155,2026-03-13,2026-03-14,2026-03,2026,C,Edificio C — Riverside,Website,Directo,reservation,True,1,80.0,80.0,18665717,C-01
130961885,2026-03-13,2026-03-14,2026-03,2026,C,Edificio C — Riverside,Direct booking,Directo,cancellation,False,1,100.0,100.0,22922053,C-03
131124180,2026-03-13,2026-03-14,2026-03,2026,C,Edificio C — Riverside,Direct booking,Directo,reservation,True,1,100.0,100.0,74232644,C-03
131128290,2026-03-13,2026-03-14,2026-03,2026,C,Edificio C — Riverside,Booking.com,OTA,reservation,True,1,69.3,69.3,25279804,C-02
131414555,2026-03-13,2026-03-14,2026-03,2026,E,Edificio E — Budget Inn,Booking.com,OTA,reservation,True,1,36.0,36.0,82178489,E-06
122982646,2026-03-13,2026-03-15,2026-03,2026,E,Edificio E — Budget Inn,Booking.com,OTA,reservation,True,2,68.0,34.0,33869320,E-12
123120816,2026-03-13,2026-03-15,2026-03,2026,B,Edificio B — City Center,Booking.com,OTA,reservation,True,2,876.0,438.0,44371863,B-05
123158401,2026-03-13,2026-03-15,2026-03,2026,E,Edificio E — Budget Inn,Booking.com,OTA,cancellation,False,2,96.0,48.0,23374681,E-08
124063886,2026-03-13,2026-03-15,2026-03,2026,E,Edificio E — Budget Inn,Booking.com,OTA,cancellation,False,2,68.0,34.0,15187870,E-01
124442346,2026-03-13,2026-03-15,2026-03,2026,E,Edificio E — Budget Inn,Booking.com,OTA,reservation,True,2,96.0,48.0,76584484,E-09
125183146,2026-03-13,2026-03-15,2026-03,2026,D,Edificio D — Old Quarter,Booking.com,OTA,reservation,True,2,849.6,424.8,20949616,D-01
125183151,2026-03-13,2026-03-15,2026-03,2026,D,Edificio D — Old Quarter,Booking.com,OTA,reservation,True,2,355.2,177.6,20949616,D-05
130491305,2026-03-13,2026-03-15,2026-03,2026,D,Edificio D — Old Quarter,Booking.com,OTA,reservation,True,2,571.0,285.5,61789945,D-03
130491310,2026-03-13,2026-03-15,2026-03,2026,D,Edificio D — Old Quarter,Booking.com,OTA,reservation,True,2,202.0,101.0,61789945,D-07
130634800,2026-03-13,2026-03-15,2026-03,2026,C,Edificio C — Riverside,Booking.com,OTA,reservation,True,2,267.0,133.5,57125640,C-09
131145210,2026-03-13,2026-03-15,2026-03,2026,D,Edificio D — Old Quarter,Airbnb,OTA,reservation,True,2,378.4,189.2,26402411,D-04
131290255,2026-03-13,2026-03-15,2026-03,2026,D,Edificio D — Old Quarter,Booking.com,OTA,reservation,True,2,326.0,163.0,34131038,D-02
128219042,2026-03-13,2026-03-16,2026-03,2026,E,Edificio E — Budget Inn,Booking.com,OTA,reservation,True,3,131.0,43.66666666666666,85997415,E-01
118705106,2026-03-14,2026-03-15,2026-03,2026,C,Edificio C — Riverside,Booking.com,OTA,cancellation,False,1,133.92,133.92,59308098,C-03
122946686,2026-03-14,2026-03-15,2026-03,2026,C,Edificio C — Riverside,Booking.com,OTA,cancellation,False,1,133.92,133.92,13508422,C-03
123052001,2026-03-14,2026-03-15,2026-03,2026,E,Edificio E — Budget Inn,Booking.com,OTA,reservation,True,1,34.0,34.0,77758894,E-06
125309781,2026-03-14,2026-03-15,2026-03,2026,C,Edificio C — Riverside,Booking.com,OTA,cancellation,False,1,228.0,228.0,24261432,C-07
125599516,2026-03-14,2026-03-15,2026-03,2026,E,Edificio E — Budget Inn,Booking.com,OTA,cancellation,False,1,48.0,48.0,50701500,E-10
127265646,2026-03-14,2026-03-15,2026-03,2026,C,Edificio C — Riverside,Booking.com,OTA,reservation,True,1,133.92,133.92,76017924,C-03
127906572,2026-03-14,2026-03-15,2026-03,2026,B,Edificio B — City Center,Airbnb,OTA,reservation,True,1,218.0,218.0,82164832,B-07
128033757,2026-03-14,2026-03-15,2026-03,2026,E,Edificio E — Budget Inn,Airbnb,OTA,reservation,True,1,77.0,77.0,56854871,E-04
129393040,2026-03-14,2026-03-15,2026-03,2026,A,Edificio A — Urban District,Booking.com,OTA,reservation,True,1,135.9,135.9,33301754,A-01
129972065,2026-03-14,2026-03-15,2026-03,2026,C,Edificio C — Riverside,Airbnb,OTA,reservation,True,1,176.0,176.0,18656791,C-08
130147275,2026-03-14,2026-03-15,2026-03,2026,B,Edificio B — City Center,Booking.com,OTA,reservation,True,1,130.0,130.0,40512821,B-02
130152680,2026-03-14,2026-03-15,2026-03,2026,A,Edificio A — Urban District,Booking.com,OTA,reservation,True,1,122.0,122.0,86750466,A-02
130335180,2026-03-14,2026-03-15,2026-03,2026,B,Edificio B — City Center,Booking.com,OTA,reservation,True,1,157.0,157.0,15274320,B-08
130342225,2026-03-14,2026-03-15,2026-03,2026,E,Edificio E — Budget Inn,Booking.com,OTA,reservation,True,1,64.8,64.8,87606478,E-14
130374030,2026-03-14,2026-03-15,2026-03,2026,B,Edificio B — City Center,Booking.com,OTA,reservation,True,1,166.0,166.0,12108322,B-09
130470960,2026-03-14,2026-03-15,2026-03,2026,C,Edificio C — Riverside,Booking.com,OTA,reservation,True,1,118.0,118.0,80289144,C-06
130574295,2026-03-14,2026-03-15,2026-03,2026,B,Edificio B — City Center,Booking.com,OTA,reservation,True,1,133.0,133.0,23043770,B-04
130665330,2026-03-14,2026-03-15,2026-03,2026,C,Edificio C — Riverside,Booking.com,OTA,reservation,True,1,118.0,118.0,21009635,C-07
130691240,2026-03-14,2026-03-15,2026-03,2026,B,Edificio B — City Center,Booking.com,OTA,reservation,True,1,133.0,133.0,74775759,B-06
130716400,2026-03-14,2026-03-15,2026-03,2026,E,Edificio E — Budget Inn,Booking.com,OTA,reservation,True,1,77.0,77.0,90173339,E-11
130914035,2026-03-14,2026-03-15,2026-03,2026,B,Edificio B — City Center,Booking.com,OTA,reservation,True,1,118.0,118.0,11847848,B-03
130928540,2026-03-14,2026-03-15,2026-03,2026,C,Edificio C — Riverside,Direct booking,Directo,cancellation,False,1,130.0,130.0,22922053,C-04
131209480,2026-03-14,2026-03-15,2026-03,2026,C,Edificio C — Riverside,Direct booking,Directo,reservation,True,1,130.0,130.0,80691594,C-04
131466315,2026-03-14,2026-03-15,2026-03,2026,OTRO,Otros,Direct booking,Directo,modification of booking,False,1,25.0,25.0,44723006,OTRO-01
131483365,2026-03-14,2026-03-15,2026-03,2026,E,Edificio E — Budget Inn,Booking.com,OTA,reservation,True,1,64.8,64.8,92185652,E-05
126096896,2026-03-14,2026-03-16,2026-03,2026,C,Edificio C — Riverside,Booking.com,OTA,reservation,True,2,198.9,99.45,67553539,C-02
129205247,2026-03-14,2026-03-16,2026-03,2026,E,Edificio E — Budget Inn,Booking.com,OTA,reservation,True,2,84.0,42.0,64387636,E-13
131102465,2026-03-14,2026-03-16,2026-03,2026,OTRO,Otros,Direct booking,Directo,modification of booking,False,2,50.0,25.0,19787695,OTRO-02
122999331,2026-03-14,2026-03-17,2026-03,2026,E,Edificio E — Budget Inn,Booking.com,OTA,cancellation,False,3,130.0,43.333333333333336,79667461,E-02
130076930,2026-03-14,2026-03-17,2026-03,2026,E,Edificio E — Budget Inn,Booking.com,OTA,cancellation,False,3,161.0,53.66666666666666,61211668,E-02
130693095,2026-03-14,2026-03-17,2026-03,2026,C,Edificio C — Riverside,Booking.com,OTA,reservation,True,3,305.0,101.66666666666669,75152918,C-01
129932770,2026-03-15,2026-03-16,2026-03,2026,C,Edificio C — Riverside,Booking.com,OTA,reservation,True,1,90.0,90.0,68449257,C-07
131269245,2026-03-15,2026-03-16,2026-03,2026,E,Edificio E — Budget Inn,Booking.com,OTA,reservation,True,1,24.0,24.0,72739291,E-12
131392235,2026-03-15,2026-03-16,2026-03,2026,E,Edificio E — Budget Inn,Booking.com,OTA,reservation,True,1,30.0,30.0,73763324,E-09
131402535,2026-03-15,2026-03-16,2026-03,2026,E,Edificio E — Budget Inn,Booking.com,OTA,reservation,True,1,30.0,30.0,23723101,E-08
131542345,2026-03-15,2026-03-16,2026-03,2026,A,Edificio A — Urban District,Booking.com,OTA,reservation,True,1,43.2,43.2,72098375,A-01
131603120,2026-03-15,2026-03-16,2026-03,2026,B,Edificio B — City Center,Airbnb,OTA,reservation,True,1,71.0,71.0,78995110,B-05
131610215,2026-03-15,2026-03-16,2026-03,2026,B,Edificio B — City Center,Booking.com,OTA,reservation,True,1,48.0,48.0,75188958,B-02
131610675,2026-03-15,2026-03-16,2026-03,2026,B,Edificio B — City Center,Direct booking,Directo,reservation,True,1,53.0,53.0,56592345,B-06
131644335,2026-03-15,2026-03-16,2026-03,2026,B,Edificio B — City Center,Booking.com,OTA,reservation,True,1,69.0,69.0,54348805,B-04
130780445,2026-03-15,2026-03-17,2026-03,2026,E,Edificio E — Budget Inn,Booking.com,OTA,reservation,True,2,72.0,36.0,71985142,E-11
131375805,2026-03-15,2026-03-17,2026-03,2026,E,Edificio E — Budget Inn,Booking.com,OTA,reservation,True,2,52.0,26.0,75443882,E-05
131632080,2026-03-15,2026-03-17,2026-03,2026,C,Edificio C — Riverside,Airbnb,OTA,reservation,True,2,102.0,51.0,10448876,C-08
130509825,2026-03-15,2026-03-18,2026-03,2026,E,Edificio E — Budget Inn,Booking.com,OTA,reservation,True,3,90.0,30.0,37178454,E-14
131424015,2026-03-15,2026-03-19,2026-03,2026,C,Edificio C — Riverside,Booking.com,OTA,reservation,True,4,249.0,62.25,16580039,C-06
131398710,2026-03-15,2026-03-20,2026-03,2026,E,Edificio E — Budget Inn,Booking.com,OTA,reservation,True,5,168.0,33.6,88187429,E-10
131398715,2026-03-15,2026-03-20,2026-03,2026,E,Edificio E — Budget Inn,Booking.com,OTA,reservation,True,5,174.0,34.8,88187429,E-04
130497425,2026-03-15,2026-03-22,2026-03,2026,E,Edificio E — Budget Inn,Booking.com,OTA,reservation,True,7,251.0,35.857142857142854,71443414,E-06
130572850,2026-03-16,2026-03-17,2026-03,2026,E,Edificio E — Budget Inn,Booking.com,OTA,reservation,True,1,36.0,36.0,71103505,E-08
131062780,2026-03-16,2026-03-17,2026-03,2026,E,Edificio E — Budget Inn,Booking.com,OTA,reservation,True,1,24.0,24.0,26521391,E-01
131220820,2026-03-16,2026-03-17,2026-03,2026,C,Edificio C — Riverside,Booking.com,OTA,reservation,True,1,74.0,74.0,46993514,C-02
131591145,2026-03-16,2026-03-17,2026-03,2026,B,Edificio B — City Center,Booking.com,OTA,reservation,True,1,54.0,54.0,72982069,B-02
131655090,2026-03-16,2026-03-17,2026-03,2026,D,Edificio D — Old Quarter,Booking.com,OTA,reservation,True,1,54.0,54.0,64929866,D-08
131668595,2026-03-16,2026-03-17,2026-03,2026,B,Edificio B — City Center,Airbnb,OTA,reservation,True,1,54.0,54.0,55979637,B-06
131684105,2026-03-16,2026-03-17,2026-03,2026,A,Edificio A — Urban District,Booking.com,OTA,reservation,True,1,37.8,37.8,44204239,A-01
131693125,2026-03-16,2026-03-17,2026-03,2026,B,Edificio B — City Center,Airbnb,OTA,reservation,True,1,83.0,83.0,86459695,B-05
131697260,2026-03-16,2026-03-17,2026-03,2026,E,Edificio E — Budget Inn,Booking.com,OTA,reservation,True,1,24.0,24.0,58869196,E-12
131743880,2026-03-16,2026-03-17,2026-03,2026,B,Edificio B — City Center,Booking.com,OTA,reservation,True,1,54.0,54.0,28552953,B-09
131776790,2026-03-16,2026-03-17,2026-03,2026,A,Edificio A — Urban District,Booking.com,OTA,reservation,True,1,43.2,43.2,75697521,A-02
131778775,2026-03-16,2026-03-17,2026-03,2026,B,Edificio B — City Center,Booking.com,OTA,reservation,True,1,54.0,54.0,19994686,B-04
131787505,2026-03-16,2026-03-17,2026-03,2026,OTRO,Otros,Direct booking,Directo,reservation,True,1,25.0,25.0,87426257,OTRO-01
131798745,2026-03-16,2026-03-17,2026-03,2026,C,Edificio C — Riverside,Booking.com,OTA,reservation,True,1,43.2,43.2,34568783,C-03
127972162,2026-03-16,2026-03-18,2026-03,2026,E,Edificio E — Budget Inn,Airbnb,OTA,modification of booking,False,2,60.0,30.0,12805009,E-13
131585820,2026-03-16,2026-03-18,2026-03,2026,B,Edificio B — City Center,Booking.com,OTA,reservation,True,2,73.0,36.5,60218954,B-08
131739085,2026-03-16,2026-03-18,2026-03,2026,E,Edificio E — Budget Inn,Booking.com,OTA,reservation,True,2,60.0,30.0,39407151,E-09
130900540,2026-03-16,2026-03-19,2026-03,2026,B,Edificio B — City Center,Booking.com,OTA,modification of booking,False,3,357.0,119.0,41288752,B-07
131426800,2026-03-16,2026-03-19,2026-03,2026,B,Edificio B — City Center,Booking.com,OTA,reservation,True,3,213.0,71.0,46736064,B-03
131733630,2026-03-16,2026-03-19,2026-03,2026,E,Edificio E — Budget Inn,Booking.com,OTA,modification of booking,False,3,94.0,31.33333333333333,21851445,E-07
123711806,2026-03-17,2026-03-18,2026-03,2026,E,Edificio E — Budget Inn,Booking.com,OTA,cancellation,False,1,28.0,28.0,32672196,E-06
127427895,2026-03-17,2026-03-18,2026-03,2026,C,Edificio C — Riverside,Booking.com,OTA,reservation,True,1,110.0,110.0,29117333,C-08
131275150,2026-03-17,2026-03-18,2026-03,2026,C,Edificio C — Riverside,Booking.com,OTA,reservation,True,1,53.1,53.1,86814238,C-02
131276485,2026-03-17,2026-03-18,2026-03,2026,B,Edificio B — City Center,Booking.com,OTA,reservation,True,1,107.0,107.0,77996331,B-05
131497390,2026-03-17,2026-03-18,2026-03,2026,A,Edificio A — Urban District,Booking.com,OTA,reservation,True,1,48.0,48.0,37146307,A-01
131552510,2026-03-17,2026-03-18,2026-03,2026,A,Edificio A — Urban District,Booking.com,OTA,reservation,True,1,48.6,48.6,77266321,A-02
131760500,2026-03-17,2026-03-18,2026-03,2026,D,Edificio D — Old Quarter,Booking.com,OTA,reservation,True,1,71.0,71.0,50091422,D-03
131876172,2026-03-17,2026-03-18,2026-03,2026,OTRO,Otros,Direct booking,Directo,reservation,True,1,25.0,25.0,20920360,OTRO-01
131897082,2026-03-17,2026-03-18,2026-03,2026,D,Edificio D — Old Quarter,Airbnb,OTA,reservation,True,1,52.8,52.8,78997422,D-08
131912277,2026-03-17,2026-03-18,2026-03,2026,E,Edificio E — Budget Inn,Booking.com,OTA,cancellation,False,1,24.0,24.0,32672196,E-01
131917642,2026-03-17,2026-03-18,2026-03,2026,C,Edificio C — Riverside,Booking.com,OTA,reservation,True,1,43.2,43.2,58580242,C-03
131927527,2026-03-17,2026-03-18,2026-03,2026,B,Edificio B — City Center,Booking.com,OTA,reservation,True,1,48.0,48.0,45829798,B-04
131946077,2026-03-17,2026-03-18,2026-03,2026,C,Edificio C — Riverside,Airbnb,OTA,reservation,True,1,48.0,48.0,61474376,C-09
123035831,2026-03-17,2026-03-19,2026-03,2026,E,Edificio E — Budget Inn,Booking.com,OTA,reservation,True,2,56.0,28.0,53175138,E-12
130691375,2026-03-17,2026-03-19,2026-03,2026,C,Edificio C — Riverside,Airbnb,OTA,modification of booking,False,2,182.0,91.0,32617060,C-07
131278445,2026-03-17,2026-03-19,2026-03,2026,E,Edificio E — Budget Inn,Booking.com,OTA,reservation,True,2,58.0,29.0,25358779,E-05
128404162,2026-03-17,2026-03-20,2026-03,2026,C,Edificio C — Riverside,Airbnb,OTA,reservation,True,3,225.0,75.0,39102839,C-01
131940317,2026-03-17,2026-03-20,2026-03,2026,E,Edificio E — Budget Inn,Booking.com,OTA,reservation,True,3,92.0,30.666666666666668,51306498,E-08
128472002,2026-03-17,2026-03-21,2026-03,2026,D,Edificio D — Old Quarter,Website,Directo,reservation,True,4,587.0,146.75,39152677,D-02
128472342,2026-03-17,2026-03-21,2026-03,2026,D,Edificio D — Old Quarter,Website,Directo,reservation,True,4,587.0,146.75,39152677,D-04
128472752,2026-03-17,2026-03-21,2026-03,2026,D,Edificio D — Old Quarter,Website,Directo,reservation,True,4,507.0,126.75,39152677,D-01
127816732,2026-03-17,2026-03-23,2026-03,2026,B,Edificio B — City Center,Website,Directo,reservation,True,6,531.0,88.5,25272137,B-09
130555575,2026-03-17,2026-03-23,2026-03,2026,C,Edificio C — Riverside,Airbnb,OTA,reservation,True,6,559.0,93.16666666666669,37957794,C-05
131030905,2026-03-18,2026-03-19,2026-03,2026,D,Edificio D — Old Quarter,Airbnb,OTA,cancellation,False,1,71.5,71.5,22484217,D-08
131278670,2026-03-18,2026-03-19,2026-03,2026,D,Edificio D — Old Quarter,Booking.com,OTA,reservation,True,1,65.0,65.0,40034391,D-08
131421100,2026-03-18,2026-03-19,2026-03,2026,B,Edificio B — City Center,Website,Directo,reservation,True,1,65.0,65.0,81362129,B-08
131656455,2026-03-18,2026-03-19,2026-03,2026,E,Edificio E — Budget Inn,Booking.com,OTA,reservation,True,1,28.0,28.0,64146489,E-01
131773450,2026-03-18,2026-03-19,2026-03,2026,B,Edificio B — City Center,Airbnb,OTA,reservation,True,1,115.0,115.0,15325358,B-05
131868642,2026-03-18,2026-03-19,2026-03,2026,C,Edificio C — Riverside,Booking.com,OTA,reservation,True,1,59.0,59.0,77580141,C-08
131875102,2026-03-18,2026-03-19,2026-03,2026,E,Edificio E — Budget Inn,Booking.com,OTA,reservation,True,1,34.0,34.0,54866290,E-11
131897927,2026-03-18,2026-03-19,2026-03,2026,E,Edificio E — Budget Inn,Direct booking,Directo,modification of booking,False,1,30.0,30.0,12355513,E-17
131898187,2026-03-18,2026-03-19,2026-03,2026,E,Edificio E — Budget Inn,Direct booking,Directo,modification of booking,False,1,40.0,40.0,12355513,E-18
131899147,2026-03-18,2026-03-19,2026-03,2026,E,Edificio E — Budget Inn,Booking.com,OTA,reservation,True,1,34.0,34.0,72513667,E-02
131936197,2026-03-18,2026-03-19,2026-03,2026,A,Edificio A — Urban District,Booking.com,OTA,reservation,True,1,37.8,37.8,35257459,A-01
132004637,2026-03-18,2026-03-19,2026-03,2026,C,Edificio C — Riverside,Booking.com,OTA,reservation,True,1,43.2,43.2,45829798,C-03
132016297,2026-03-18,2026-03-19,2026-03,2026,C,Edificio C — Riverside,Booking.com,OTA,reservation,True,1,54.0,54.0,19355149,C-04
132026472,2026-03-18,2026-03-19,2026-03,2026,D,Edificio D — Old Quarter,Booking.com,OTA,reservation,True,1,65.0,65.0,60218954,D-03
132026812,2026-03-18,2026-03-19,2026-03,2026,A,Edificio A — Urban District,Booking.com,OTA,reservation,True,1,37.8,37.8,12956877,A-02
128837982,2026-03-18,2026-03-20,2026-03,2026,D,Edificio D — Old Quarter,Booking.com,OTA,reservation,True,2,140.0,70.0,13013320,D-05
130944030,2026-03-18,2026-03-20,2026-03,2026,B,Edificio B — City Center,Booking.com,OTA,reservation,True,2,154.0,77.0,69061304,B-04
128505852,2026-03-18,2026-03-21,2026-03,2026,B,Edificio B — City Center,Booking.com,OTA,reservation,True,3,330.0,110.0,74171295,B-02
128505857,2026-03-18,2026-03-21,2026-03,2026,B,Edificio B — City Center,Booking.com,OTA,reservation,True,3,346.0,115.33333333333331,74171295,B-06
129918570,2026-03-18,2026-03-21,2026-03,2026,E,Edificio E — Budget Inn,Booking.com,OTA,reservation,True,3,107.0,35.666666666666664,89100512,E-13
131892967,2026-03-18,2026-03-23,2026-03,2026,E,Edificio E — Budget Inn,Booking.com,OTA,reservation,True,5,183.0,36.6,76396553,E-14
129873520,2026-03-19,2026-03-20,2026-03,2026,E,Edificio E — Budget Inn,Booking.com,OTA,reservation,True,1,30.0,30.0,64224233,E-01
130337850,2026-03-19,2026-03-20,2026-03,2026,E,Edificio E — Budget Inn,Booking.com,OTA,reservation,True,1,30.0,30.0,80095785,E-12
131006490,2026-03-19,2026-03-20,2026-03,2026,B,Edificio B — City Center,Airbnb,OTA,reservation,True,1,118.0,118.0,34152338,B-05
131083160,2026-03-19,2026-03-20,2026-03,2026,E,Edificio E — Budget Inn,Booking.com,OTA,reservation,True,1,30.0,30.0,18591179,E-05
131800060,2026-03-19,2026-03-20,2026-03,2026,D,Edificio D — Old Quarter,Booking.com,OTA,cancellation,False,1,54.0,54.0,76244824,D-08
131874562,2026-03-19,2026-03-20,2026-03,2026,A,Edificio A — Urban District,Booking.com,OTA,cancellation,False,1,43.2,43.2,69449099,A-01
131966687,2026-03-19,2026-03-20,2026-03,2026,B,Edificio B — City Center,Booking.com,OTA,reservation,True,1,71.0,71.0,21813920,B-07
132001587,2026-03-19,2026-03-20,2026-03,2026,E,Edificio E — Budget Inn,Direct booking,Directo,modification of booking,False,1,35.0,35.0,12355513,E-02
132001677,2026-03-19,2026-03-20,2026-03,2026,E,Edificio E — Budget Inn,Direct booking,Directo,modification of booking,False,1,35.0,35.0,12355513,E-09
132099537,2026-03-19,2026-03-20,2026-03,2026,C,Edificio C — Riverside,Airbnb,OTA,reservation,True,1,54.0,54.0,11541400,C-08
132102257,2026-03-19,2026-03-20,2026-03,2026,D,Edificio D — Old Quarter,Booking.com,OTA,reservation,True,1,65.0,65.0,60218954,D-03
132104577,2026-03-19,2026-03-20,2026-03,2026,C,Edificio C — Riverside,Booking.com,OTA,reservation,True,1,56.7,56.7,46721854,C-03
132105047,2026-03-19,2026-03-20,2026-03,2026,C,Edificio C — Riverside,Airbnb,OTA,reservation,True,1,48.0,48.0,80329673,C-09
132115572,2026-03-19,2026-03-20,2026-03,2026,E,Edificio E — Budget Inn,Booking.com,OTA,reservation,True,1,30.0,30.0,47337579,E-07
132134932,2026-03-19,2026-03-20,2026-03,2026,C,Edificio C — Riverside,Booking.com,OTA,reservation,True,1,54.0,54.0,70222782,C-06
132160492,2026-03-19,2026-03-20,2026-03,2026,C,Edificio C — Riverside,Airbnb,OTA,reservation,True,1,54.0,54.0,78997422,C-07
132192207,2026-03-19,2026-03-20,2026-03,2026,OTRO,Otros,Direct booking,Directo,reservation,True,1,25.0,25.0,66637864,OTRO-01
128744157,2026-03-19,2026-03-21,2026-03,2026,B,Edificio B — City Center,Booking.com,OTA,reservation,True,2,190.0,95.0,86457685,B-08
131668120,2026-03-19,2026-03-21,2026-03,2026,A,Edificio A — Urban District,Booking.com,OTA,reservation,True,2,123.3,61.65,68814270,A-02
131807690,2026-03-19,2026-03-21,2026-03,2026,D,Edificio D — Old Quarter,Booking.com,OTA,reservation,True,2,161.0,80.5,41353235,D-07
131899812,2026-03-19,2026-03-21,2026-03,2026,C,Edificio C — Riverside,Booking.com,OTA,modification of booking,False,2,166.0,83.0,78946090,C-04
132128207,2026-03-19,2026-03-21,2026-03,2026,C,Edificio C — Riverside,Booking.com,OTA,reservation,True,2,112.5,56.25,34371955,C-02
121376461,2026-03-19,2026-03-22,2026-03,2026,E,Edificio E — Budget Inn,Booking.com,OTA,cancellation,False,3,137.0,45.66666666666666,76121087,E-11
123000016,2026-03-19,2026-03-22,2026-03,2026,E,Edificio E — Budget Inn,Booking.com,OTA,cancellation,False,3,137.0,45.66666666666666,76121087,E-10
125317626,2026-03-19,2026-03-22,2026-03,2026,E,Edificio E — Budget Inn,Booking.com,OTA,reservation,True,3,96.0,32.0,82092677,E-03
128501062,2026-03-19,2026-03-22,2026-03,2026,B,Edificio B — City Center,Booking.com,OTA,reservation,True,3,400.8,133.6,69180424,B-03
131895202,2026-03-20,2026-03-21,2026-03,2026,C,Edificio C — Riverside,Direct booking,Directo,cancellation,False,1,95.0,95.0,96304334,C-06
131896332,2026-03-20,2026-03-21,2026-03,2026,C,Edificio C — Riverside,Direct booking,Directo,modification of booking,False,1,95.0,95.0,60877414,C-06
132030092,2026-03-20,2026-03-21,2026-03,2026,C,Edificio C — Riverside,Booking.com,OTA,reservation,True,1,89.0,89.0,87308042,C-01
132189827,2026-03-20,2026-03-21,2026-03,2026,E,Edificio E — Budget Inn,Airbnb,OTA,reservation,True,1,42.0,42.0,90311462,E-05
132292577,2026-03-20,2026-03-21,2026-03,2026,E,Edificio E — Budget Inn,Booking.com,OTA,reservation,True,1,42.0,42.0,25613533,E-02
132296287,2026-03-20,2026-03-21,2026-03,2026,D,Edificio D — Old Quarter,Booking.com,OTA,reservation,True,1,65.0,65.0,83554895,D-05
132299922,2026-03-20,2026-03-21,2026-03,2026,C,Edificio C — Riverside,Booking.com,OTA,reservation,True,1,58.5,58.5,54711618,C-03
132313922,2026-03-20,2026-03-21,2026-03,2026,E,Edificio E — Budget Inn,Direct booking,Directo,cancellation,False,1,40.0,40.0,31191194,E-17
132329612,2026-03-20,2026-03-21,2026-03,2026,E,Edificio E — Budget Inn,Booking.com,OTA,reservation,True,1,42.0,42.0,74510228,E-08
117640291,2026-03-20,2026-03-22,2026-03,2026,B,Edificio B — City Center,Booking.com,OTA,cancellation,False,2,453.6,226.8,77308113,B-03
117640296,2026-03-20,2026-03-22,2026-03,2026,B,Edificio B — City Center,Booking.com,OTA,cancellation,False,2,1132.8,566.4,77308113,B-05
118661416,2026-03-20,2026-03-22,2026-03,2026,B,Edificio B — City Center,Booking.com,OTA,cancellation,False,2,1132.8,566.4,25786384,B-05
121703721,2026-03-20,2026-03-22,2026-03,2026,E,Edificio E — Budget Inn,Booking.com,OTA,reservation,True,2,96.0,48.0,54929584,E-09
122660521,2026-03-20,2026-03-22,2026-03,2026,E,Edificio E — Budget Inn,Booking.com,OTA,cancellation,False,2,68.0,34.0,63179420,E-12
124896056,2026-03-20,2026-03-22,2026-03,2026,E,Edificio E — Budget Inn,Booking.com,OTA,reservation,True,2,96.0,48.0,16345543,E-11
128390482,2026-03-20,2026-03-22,2026-03,2026,B,Edificio B — City Center,Booking.com,OTA,reservation,True,2,259.0,129.5,86355559,B-04
129945200,2026-03-20,2026-03-22,2026-03,2026,B,Edificio B — City Center,Airbnb,OTA,reservation,True,2,570.0,285.0,62351279,B-05
131273545,2026-03-20,2026-03-22,2026-03,2026,E,Edificio E — Budget Inn,Booking.com,OTA,cancellation,False,2,101.0,50.5,28354416,E-01
132821592,2026-03-28,2026-03-31,2026-03,2026,E,Edificio E — Budget Inn,Airbnb,OTA,reservation,True,3,111.0,37.0,11629263,E-06
133262112,2026-03-28,2026-03-31,2026-03,2026,C,Edificio C — Riverside,Direct booking,Directo,modification of booking,False,3,195.0,65.0,26432825,C-09
118926871,2026-03-28,2026-04-01,2026-03,2026,B,Edificio B — City Center,Booking.com,OTA,cancellation,False,4,583.2,145.8,95400170,B-04
132176892,2026-03-28,2026-04-01,2026-03,2026,E,Edificio E — Budget Inn,Booking.com,OTA,modification of booking,False,4,154.0,38.5,46539943,E-01
133122997,2026-03-28,2026-04-01,2026-03,2026,E,Edificio E — Budget Inn,Booking.com,OTA,modification of booking,False,4,146.0,36.5,76396553,E-14
123184291,2026-03-28,2026-04-02,2026-03,2026,E,Edificio E — Budget Inn,Booking.com,OTA,cancellation,False,5,146.0,29.2,57156531,E-06
131023960,2026-03-28,2026-04-02,2026-03,2026,C,Edificio C — Riverside,Booking.com,OTA,reservation,True,5,594.0,118.8,30527222,C-02
126399526,2026-03-29,2026-03-30,2026-03,2026,E,Edificio E — Budget Inn,Booking.com,OTA,modification of booking,False,1,106.0,106.0,51032797,E-16
128182177,2026-03-29,2026-03-30,2026-03,2026,OTRO,Otros,Booking.com,OTA,modification of booking,False,1,85.0,85.0,89380828,OTRO-03
129070707,2026-03-29,2026-03-30,2026-03,2026,C,Edificio C — Riverside,Airbnb,OTA,reservation,True,1,80.0,80.0,36052612,C-01
130458615,2026-03-29,2026-03-30,2026-03,2026,E,Edificio E — Budget Inn,Booking.com,OTA,cancellation,False,1,36.0,36.0,90117162,E-06
131745510,2026-03-29,2026-03-30,2026-03,2026,C,Edificio C — Riverside,Airbnb,OTA,reservation,True,1,100.0,100.0,70349372,C-08
131909367,2026-03-29,2026-03-30,2026-03,2026,E,Edificio E — Budget Inn,Booking.com,OTA,reservation,True,1,50.4,50.4,66553320,E-09
131909377,2026-03-29,2026-03-30,2026-03,2026,E,Edificio E — Budget Inn,Booking.com,OTA,reservation,True,1,36.0,36.0,66553320,E-13
132264607,2026-03-29,2026-03-30,2026-03,2026,E,Edificio E — Budget Inn,Booking.com,OTA,reservation,True,1,30.0,30.0,47219033,E-05
132264612,2026-03-29,2026-03-30,2026-03,2026,E,Edificio E — Budget Inn,Booking.com,OTA,reservation,True,1,42.0,42.0,29579329,E-02
132319662,2026-03-29,2026-03-30,2026-03,2026,B,Edificio B — City Center,Airbnb,OTA,reservation,True,1,184.0,184.0,89635990,B-05
132696217,2026-03-29,2026-03-30,2026-03,2026,E,Edificio E — Budget Inn,Airbnb,OTA,modification of booking,False,1,47.0,47.0,16066877,E-07
132930892,2026-03-29,2026-03-30,2026-03,2026,E,Edificio E — Budget Inn,Direct booking,Directo,cancellation,False,1,35.0,35.0,71875971,E-07
133373552,2026-03-29,2026-03-30,2026-03,2026,D,Edificio D — Old Quarter,Airbnb,OTA,reservation,True,1,81.4,81.4,32970545,D-03
133419297,2026-03-29,2026-03-30,2026-03,2026,B,Edificio B — City Center,Booking.com,OTA,reservation,True,1,54.0,54.0,29752217,B-02
133427592,2026-03-29,2026-03-30,2026-03,2026,B,Edificio B — City Center,Airbnb,OTA,reservation,True,1,59.0,59.0,15579378,B-08
133428037,2026-03-29,2026-03-30,2026-03,2026,OTRO,Otros,Direct booking,Directo,reservation,True,1,25.0,25.0,26136802,OTRO-01
133455187,2026-03-29,2026-03-30,2026-03,2026,B,Edificio B — City Center,Airbnb,OTA,reservation,True,1,59.0,59.0,73638349,B-04
133470587,2026-03-29,2026-03-30,2026-03,2026,D,Edificio D — Old Quarter,Airbnb,OTA,reservation,True,1,104.5,104.5,33724364,D-01
133472507,2026-03-29,2026-03-30,2026-03,2026,B,Edificio B — City Center,Direct booking,Directo,cancellation,False,1,59.0,59.0,19307737,B-01
133484932,2026-03-29,2026-03-30,2026-03,2026,B,Edificio B — City Center,Direct booking,Directo,modification of booking,False,1,0.0,0.0,40045360,B-01
133433492,2026-03-29,2026-03-31,2026-03,2026,D,Edificio D — Old Quarter,Booking.com,OTA,reservation,True,2,196.0,98.0,42847253,D-02
124328366,2026-03-29,2026-04-01,2026-03,2026,C,Edificio C — Riverside,Booking.com,OTA,reservation,True,3,288.9,96.3,58171587,C-03
127387156,2026-03-29,2026-04-01,2026-03,2026,D,Edificio D — Old Quarter,Booking.com,OTA,reservation,True,3,843.6,281.2,65924225,D-04
127971857,2026-03-29,2026-04-01,2026-03,2026,C,Edificio C — Riverside,Airbnb,OTA,reservation,True,3,280.0,93.33333333333331,90673805,C-05
129591240,2026-03-29,2026-04-01,2026-03,2026,E,Edificio E — Budget Inn,Booking.com,OTA,reservation,True,3,150.0,50.0,53256030,E-11
128469492,2026-03-29,2026-04-02,2026-03,2026,E,Edificio E — Budget Inn,Booking.com,OTA,reservation,True,4,204.0,51.0,55686552,E-10
129826265,2026-03-29,2026-04-02,2026-03,2026,B,Edificio B — City Center,Booking.com,OTA,reservation,True,4,440.0,110.0,11949953,B-07
129057067,2026-03-29,2026-04-03,2026-03,2026,E,Edificio E — Budget Inn,Booking.com,OTA,reservation,True,5,177.0,35.4,50646844,E-03
130871545,2026-03-30,2026-03-31,2026-03,2026,C,Edificio C — Riverside,Direct booking,Directo,reservation,True,1,94.0,94.0,77629074,C-01
131172785,2026-03-30,2026-03-31,2026-03,2026,B,Edificio B — City Center,Booking.com,OTA,reservation,True,1,125.0,125.0,24331303,B-02
132064057,2026-03-30,2026-03-31,2026-03,2026,D,Edificio D — Old Quarter,Booking.com,OTA,reservation,True,1,89.0,89.0,68803152,D-05
132323682,2026-03-30,2026-03-31,2026-03,2026,C,Edificio C — Riverside,Booking.com,OTA,cancellation,False,1,125.0,125.0,33204517,C-09
132435767,2026-03-30,2026-03-31,2026-03,2026,E,Edificio E — Budget Inn,Booking.com,OTA,reservation,True,1,54.0,54.0,43462835,E-09
132744642,2026-03-30,2026-03-31,2026-03,2026,B,Edificio B — City Center,Airbnb,OTA,reservation,True,1,182.0,182.0,57240093,B-05
132840042,2026-03-30,2026-03-31,2026-03,2026,E,Edificio E — Budget Inn,Airbnb,OTA,reservation,True,1,35.0,35.0,61052230,E-05
133344112,2026-03-30,2026-03-31,2026-03,2026,E,Edificio E — Budget Inn,Booking.com,OTA,modification of booking,False,1,45.0,45.0,63120984,E-08
133367877,2026-03-30,2026-03-31,2026-03,2026,C,Edificio C — Riverside,Airbnb,OTA,reservation,True,1,71.0,71.0,36416013,C-07
133398007,2026-03-30,2026-03-31,2026-03,2026,E,Edificio E — Budget Inn,Booking.com,OTA,cancellation,False,1,45.0,45.0,73320978,E-04
133405647,2026-03-30,2026-03-31,2026-03,2026,E,Edificio E — Budget Inn,Booking.com,OTA,modification of booking,False,1,34.0,34.0,38382304,E-16
133538412,2026-03-30,2026-03-31,2026-03,2026,E,Edificio E — Budget Inn,Booking.com,OTA,modification of booking,False,1,42.0,42.0,40880772,E-18
133589177,2026-03-30,2026-03-31,2026-03,2026,E,Edificio E — Budget Inn,Booking.com,OTA,reservation,True,1,42.0,42.0,33733037,E-02
133604067,2026-03-30,2026-03-31,2026-03,2026,E,Edificio E — Budget Inn,Booking.com,OTA,modification of booking,False,1,34.0,34.0,40318982,E-17
133717772,2026-03-30,2026-03-31,2026-03,2026,E,Edificio E — Budget Inn,Direct booking,Directo,reservation,True,1,60.0,60.0,51604073,E-12
127811162,2026-03-30,2026-04-01,2026-03,2026,B,Edificio B — City Center,Booking.com,OTA,reservation,True,2,260.0,130.0,88673988,B-09
127811167,2026-03-30,2026-04-01,2026-03,2026,B,Edificio B — City Center,Booking.com,OTA,reservation,True,2,200.0,100.0,13996414,B-04
127811437,2026-03-30,2026-04-01,2026-03,2026,B,Edificio B — City Center,Booking.com,OTA,reservation,True,2,270.0,135.0,25713875,B-06
129930475,2026-03-30,2026-04-01,2026-03,2026,B,Edificio B — City Center,Booking.com,OTA,reservation,True,2,212.0,106.0,71997880,B-01
131017695,2026-03-30,2026-04-01,2026-03,2026,B,Edificio B — City Center,Booking.com,OTA,reservation,True,2,200.0,100.0,33352467,B-03
131964282,2026-03-30,2026-04-01,2026-03,2026,C,Edificio C — Riverside,Airbnb,OTA,reservation,True,2,240.0,120.0,58619150,C-08
133158972,2026-03-30,2026-04-01,2026-03,2026,A,Edificio A — Urban District,Booking.com,OTA,reservation,True,2,144.0,72.0,76500301,A-02
133318357,2026-03-30,2026-04-01,2026-03,2026,E,Edificio E — Budget Inn,Booking.com,OTA,reservation,True,2,68.0,34.0,51306498,E-13
133546802,2026-03-30,2026-04-01,2026-03,2026,D,Edificio D — Old Quarter,Booking.com,OTA,reservation,True,2,148.0,74.0,57547235,D-01
133580697,2026-03-30,2026-04-01,2026-03,2026,E,Edificio E — Budget Inn,Booking.com,OTA,reservation,True,2,87.0,43.5,77853337,E-07
133613497,2026-03-30,2026-04-01,2026-03,2026,E,Edificio E — Budget Inn,Airbnb,OTA,modification of booking,False,2,68.0,34.0,87974520,E-19
133615142,2026-03-30,2026-04-01,2026-03,2026,OTRO,Otros,Direct booking,Directo,reservation,True,2,50.0,25.0,62183773,OTRO-01
133547497,2026-03-30,2026-04-02,2026-03,2026,D,Edificio D — Old Quarter,Booking.com,OTA,reservation,True,3,231.0,77.0,57547235,D-03
124419821,2026-03-30,2026-04-03,2026-03,2026,E,Edificio E — Budget Inn,Booking.com,OTA,cancellation,False,4,112.0,28.0,41884570,E-03
124419826,2026-03-30,2026-04-03,2026-03,2026,E,Edificio E — Budget Inn,Booking.com,OTA,cancellation,False,4,164.0,41.0,49727031,E-07
124419831,2026-03-30,2026-04-03,2026-03,2026,E,Edificio E — Budget Inn,Booking.com,OTA,cancellation,False,4,112.0,28.0,80975136,E-01
129184952,2026-03-30,2026-04-03,2026-03,2026,B,Edificio B — City Center,Booking.com,OTA,reservation,True,4,606.0,151.5,93577700,B-08
129689670,2026-03-30,2026-04-03,2026-03,2026,C,Edificio C — Riverside,Booking.com,OTA,reservation,True,4,525.0,131.25,44941947,C-06
125418561,2026-03-31,2026-04-01,2026-03,2026,E,Edificio E — Budget Inn,Booking.com,OTA,cancellation,False,1,41.0,41.0,22561931,E-11
125418566,2026-03-31,2026-04-01,2026-03,2026,E,Edificio E — Budget Inn,Booking.com,OTA,cancellation,False,1,41.0,41.0,22561931,E-10
128656797,2026-03-31,2026-04-01,2026-03,2026,A,Edificio A — Urban District,Booking.com,OTA,reservation,True,1,72.9,72.9,59386697,A-01
133268642,2026-03-31,2026-04-01,2026-03,2026,B,Edificio B — City Center,Airbnb,OTA,reservation,True,1,118.0,118.0,37296292,B-05
133458017,2026-03-31,2026-04-01,2026-03,2026,E,Edificio E — Budget Inn,Booking.com,OTA,modification of booking,False,1,42.0,42.0,67737301,E-18
133629367,2026-03-31,2026-04-01,2026-03,2026,E,Edificio E — Budget Inn,Airbnb,OTA,modification of booking,False,1,30.0,30.0,27179424,E-16
133646787,2026-03-31,2026-04-01,2026-03,2026,C,Edificio C — Riverside,Booking.com,OTA,reservation,True,1,101.0,101.0,87328762,C-07
133752292,2026-03-31,2026-04-01,2026-03,2026,E,Edificio E — Budget Inn,Booking.com,OTA,reservation,True,1,42.0,42.0,54690923,E-08
133771662,2026-03-31,2026-04-01,2026-03,2026,E,Edificio E — Budget Inn,Booking.com,OTA,reservation,True,1,26.0,26.0,72248732,E-05
133780382,2026-03-31,2026-04-01,2026-03,2026,E,Edificio E — Budget Inn,Booking.com,OTA,reservation,True,1,26.0,26.0,84442167,E-06
133784392,2026-03-31,2026-04-01,2026-03,2026,E,Edificio E — Budget Inn,Booking.com,OTA,reservation,True,1,30.0,30.0,83907079,E-09
124124026,2026-03-31,2026-04-02,2026-03,2026,E,Edificio E — Budget Inn,Booking.com,OTA,reservation,True,2,82.0,41.0,79040124,E-02
128316732,2026-03-31,2026-04-02,2026-03,2026,C,Edificio C — Riverside,Airbnb,OTA,reservation,True,2,200.0,100.0,77466965,C-01
128963252,2026-03-31,2026-04-02,2026-03,2026,D,Edificio D — Old Quarter,Booking.com,OTA,cancellation,False,2,258.0,129.0,94308623,D-05
130895300,2026-03-31,2026-04-02,2026-03,2026,B,Edificio B — City Center,Booking.com,OTA,reservation,True,2,220.0,110.0,34375528,B-02
131968087,2026-03-31,2026-04-02,2026-03,2026,D,Edificio D — Old Quarter,Website,Directo,reservation,True,2,160.0,80.0,46678712,D-05
132518912,2026-03-31,2026-04-02,2026-03,2026,D,Edificio D — Old Quarter,Website,Directo,reservation,True,2,160.0,80.0,49372764,D-08
133077497,2026-03-31,2026-04-02,2026-03,2026,OTRO,Otros,Booking.com,OTA,modification of booking,False,2,175.5,87.75,68637470,OTRO-03
133517492,2026-03-31,2026-04-02,2026-03,2026,D,Edificio D — Old Quarter,Booking.com,OTA,reservation,True,2,190.0,95.0,63571439,D-02
133615592,2026-03-31,2026-04-02,2026-03,2026,E,Edificio E — Budget Inn,Direct booking,Directo,modification of booking,False,2,120.0,60.0,35799257,E-12
133641922,2026-03-31,2026-04-02,2026-03,2026,C,Edificio C — Riverside,Direct booking,Directo,modification of booking,False,2,140.0,70.0,12023278,C-09
131906282,2026-03-31,2026-04-04,2026-03,2026,E,Edificio E — Budget Inn,Booking.com,OTA,modification of booking,False,4,170.0,42.5,79560437,E-17
124824861,2026-04-01,2026-04-02,2026-04,2026,E,Edificio E — Budget Inn,Booking.com,OTA,cancellation,False,1,41.0,41.0,20875964,E-11
127838902,2026-04-01,2026-04-02,2026-04,2026,B,Edificio B — City Center,Booking.com,OTA,reservation,True,1,121.0,121.0,34940744,B-01
129743960,2026-04-01,2026-04-02,2026-04,2026,A,Edificio A — Urban District,Booking.com,OTA,reservation,True,1,72.9,72.9,74378271,A-01
130185625,2026-04-01,2026-04-02,2026-04,2026,A,Edificio A — Urban District,Booking.com,OTA,reservation,True,1,78.3,78.3,16642430,A-02
130550245,2026-04-01,2026-04-02,2026-04,2026,B,Edificio B — City Center,Booking.com,OTA,reservation,True,1,130.0,130.0,44078768,B-09
131383840,2026-04-01,2026-04-02,2026-04,2026,E,Edificio E — Budget Inn,Booking.com,OTA,modification of booking,False,1,35.0,35.0,49075798,E-19
132428077,2026-04-01,2026-04-02,2026-04,2026,B,Edificio B — City Center,Airbnb,OTA,cancellation,False,1,185.0,185.0,85854343,B-05
132911097,2026-04-01,2026-04-02,2026-04,2026,E,Edificio E — Budget Inn,Airbnb,OTA,reservation,True,1,35.0,35.0,78553958,E-05
132921087,2026-04-01,2026-04-02,2026-04,2026,C,Edificio C — Riverside,Booking.com,OTA,reservation,True,1,119.0,119.0,20405300,C-08
133163737,2026-04-01,2026-04-02,2026-04,2026,E,Edificio E — Budget Inn,Booking.com,OTA,modification of booking,False,1,35.0,35.0,27448987,E-16
133527187,2026-04-01,2026-04-02,2026-04,2026,D,Edificio D — Old Quarter,Airbnb,OTA,reservation,True,1,130.9,130.9,81134247,D-01
133545867,2026-04-01,2026-04-02,2026-04,2026,C,Edificio C — Riverside,Website,Directo,reservation,True,1,60.0,60.0,90775137,C-07
133567857,2026-04-01,2026-04-02,2026-04,2026,E,Edificio E — Budget Inn,Blocked channel,Bloqueado,cancellation,False,1,0.0,0.0,UNKNOWN,E-14
133613912,2026-04-01,2026-04-02,2026-04,2026,E,Edificio E — Budget Inn,Direct booking,Directo,cancellation,False,1,28.0,28.0,35799257,E-06
133742927,2026-04-01,2026-04-02,2026-04,2026,C,Edificio C — Riverside,Airbnb,OTA,reservation,True,1,91.0,91.0,26680570,C-03
133777427,2026-04-01,2026-04-02,2026-04,2026,E,Edificio E — Budget Inn,Booking.com,OTA,reservation,True,1,30.0,30.0,67737301,E-01
133783257,2026-04-01,2026-04-02,2026-04,2026,E,Edificio E — Budget Inn,Booking.com,OTA,modification of booking,False,1,30.0,30.0,76396553,E-14
133792837,2026-04-01,2026-04-02,2026-04,2026,E,Edificio E — Budget Inn,Booking.com,OTA,modification of booking,False,1,30.0,30.0,91027373,E-06
133797907,2026-04-01,2026-04-02,2026-04,2026,E,Edificio E — Budget Inn,Booking.com,OTA,reservation,True,1,42.0,42.0,30058054,E-09
133807562,2026-04-01,2026-04-02,2026-04,2026,E,Edificio E — Budget Inn,Booking.com,OTA,reservation,True,1,42.0,42.0,55993517,E-04
133841882,2026-04-01,2026-04-02,2026-04,2026,D,Edificio D — Old Quarter,Airbnb,OTA,reservation,True,1,64.9,64.9,24908252,D-07
133851872,2026-04-01,2026-04-02,2026-04,2026,E,Edificio E — Budget Inn,Booking.com,OTA,reservation,True,1,42.0,42.0,33996931,E-11
133895757,2026-04-01,2026-04-02,2026-04,2026,B,Edificio B — City Center,Booking.com,OTA,reservation,True,1,137.0,137.0,82721995,B-05
133913557,2026-04-01,2026-04-02,2026-04,2026,OTRO,Otros,Direct booking,Directo,reservation,True,1,25.0,25.0,60759742,OTRO-01
123612411,2026-04-01,2026-04-03,2026-04,2026,E,Edificio E — Budget Inn,Booking.com,OTA,cancellation,False,2,82.0,41.0,86859295,E-11
125819021,2026-04-01,2026-04-03,2026-04,2026,E,Edificio E — Budget Inn,Booking.com,OTA,reservation,True,2,82.0,41.0,81879399,E-07
127663197,2026-04-01,2026-04-03,2026-04,2026,D,Edificio D — Old Quarter,Booking.com,OTA,cancellation,False,2,155.0,77.5,33937456,D-07
127829277,2026-04-01,2026-04-03,2026-04,2026,B,Edificio B — City Center,Booking.com,OTA,cancellation,False,2,378.0,189.0,87216432,B-03
128440167,2026-04-01,2026-04-03,2026-04,2026,B,Edificio B — City Center,Airbnb,OTA,reservation,True,2,295.0,147.5,79597518,B-06
129638375,2026-04-01,2026-04-03,2026-04,2026,C,Edificio C — Riverside,Airbnb,OTA,reservation,True,2,305.0,152.5,27835292,C-05
131926742,2026-04-01,2026-04-03,2026-04,2026,B,Edificio B — City Center,Booking.com,OTA,reservation,True,2,295.0,147.5,35212253,B-03
133041202,2026-04-01,2026-04-03,2026-04,2026,E,Edificio E — Budget Inn,Airbnb,OTA,reservation,True,2,77.0,38.5,52914539,E-13
133241672,2026-04-01,2026-04-03,2026-04,2026,E,Edificio E — Budget Inn,Booking.com,OTA,reservation,True,2,113.0,56.5,74216958,E-08
124372536,2026-04-01,2026-04-04,2026-04,2026,E,Edificio E — Budget Inn,Booking.com,OTA,cancellation,False,3,90.0,30.0,99714409,E-05
128441932,2026-04-01,2026-04-04,2026-04,2026,E,Edificio E — Budget Inn,Booking.com,OTA,modification of booking,False,3,195.0,65.0,97041180,E-18
129544790,2026-04-01,2026-04-04,2026-04,2026,C,Edificio C — Riverside,Airbnb,OTA,cancellation,False,3,590.0,196.66666666666663,80650441,C-07
129827420,2026-04-01,2026-04-04,2026-04,2026,B,Edificio B — City Center,Booking.com,OTA,reservation,True,3,470.0,156.66666666666666,47868172,B-04
133590547,2026-04-01,2026-04-04,2026-04,2026,D,Edificio D — Old Quarter,Blocked channel,Bloqueado,cancellation,False,3,0.0,0.0,UNKNOWN,D-04
133635852,2026-04-01,2026-04-04,2026-04,2026,D,Edificio D — Old Quarter,Blocked channel,Bloqueado,cancellation,False,3,0.0,0.0,13282659,D-04
133639542,2026-04-01,2026-04-04,2026-04,2026,D,Edificio D — Old Quarter,Direct booking,Directo,reservation,True,3,720.0,240.0,56634357,D-04
124234016,2026-04-01,2026-04-05,2026-04,2026,E,Edificio E — Budget Inn,Booking.com,OTA,modification of booking,False,4,124.0,31.0,56691010,E-15
128563087,2026-04-01,2026-04-05,2026-04,2026,A,Edificio A — Urban District,Booking.com,OTA,cancellation,False,4,780.84,195.21,90745460,A-02
129978070,2026-04-01,2026-04-05,2026-04,2026,C,Edificio C — Riverside,Booking.com,OTA,reservation,True,4,795.0,198.75,49199034,C-04
133637897,2026-04-01,2026-04-06,2026-04,2026,OTRO,Otros,Direct booking,Directo,cancellation,False,5,0.0,0.0,82507720,OTRO-02
123402516,2026-04-02,2026-04-03,2026-04,2026,E,Edificio E — Budget Inn,Booking.com,OTA,reservation,True,1,41.0,41.0,51646804,E-02
124375531,2026-04-02,2026-04-03,2026-04,2026,E,Edificio E — Budget Inn,Booking.com,OTA,reservation,True,1,41.0,41.0,13482624,E-09
128460077,2026-04-02,2026-04-03,2026-04,2026,C,Edificio C — Riverside,Airbnb,OTA,reservation,True,1,180.0,180.0,77350741,C-08
128981617,2026-04-02,2026-04-03,2026-04,2026,B,Edificio B — City Center,Airbnb,OTA,reservation,True,1,340.0,340.0,52997274,B-05
129447165,2026-04-02,2026-04-03,2026-04,2026,B,Edificio B — City Center,Booking.com,OTA,reservation,True,1,200.0,200.0,52775688,B-01
130575250,2026-04-02,2026-04-03,2026-04,2026,E,Edificio E — Budget Inn,Booking.com,OTA,reservation,True,1,59.0,59.0,16831170,E-11
130774025,2026-04-02,2026-04-03,2026-04,2026,A,Edificio A — Urban District,Booking.com,OTA,reservation,True,1,117.0,117.0,80739301,A-01
132143392,2026-04-02,2026-04-03,2026-04,2026,C,Edificio C — Riverside,Booking.com,OTA,reservation,True,1,175.0,175.0,69589007,C-09
132864102,2026-04-02,2026-04-03,2026-04,2026,OTRO,Otros,Direct booking,Directo,modification of booking,False,1,25.0,25.0,28336224,OTRO-03
132879272,2026-04-02,2026-04-03,2026-04,2026,E,Edificio E — Budget Inn,Airbnb,OTA,modification of booking,False,1,64.0,64.0,78977490,E-04
133006502,2026-04-02,2026-04-03,2026-04,2026,E,Edificio E — Budget Inn,Booking.com,OTA,cancellation,False,1,70.8,70.8,27321048,E-08
133149077,2026-04-02,2026-04-03,2026-04,2026,E,Edificio E — Budget Inn,Booking.com,OTA,reservation,True,1,50.4,50.4,12957341,E-12
133149082,2026-04-02,2026-04-03,2026-04,2026,E,Edificio E — Budget Inn,Booking.com,OTA,reservation,True,1,50.4,50.4,12957341,E-05
133149087,2026-04-02,2026-04-03,2026-04,2026,E,Edificio E — Budget Inn,Booking.com,OTA,reservation,True,1,50.4,50.4,12957341,E-14
133469072,2026-04-02,2026-04-03,2026-04,2026,D,Edificio D — Old Quarter,Booking.com,OTA,reservation,True,1,80.0,80.0,74392779,D-07
133769057,2026-04-02,2026-04-03,2026-04,2026,D,Edificio D — Old Quarter,Airbnb,OTA,reservation,True,1,234.3,234.3,18209266,D-01
133858402,2026-04-02,2026-04-03,2026-04,2026,D,Edificio D — Old Quarter,Airbnb,OTA,reservation,True,1,129.8,129.8,45620166,D-03
133882397,2026-04-02,2026-04-03,2026-04,2026,D,Edificio D — Old Quarter,Booking.com,OTA,reservation,True,1,107.0,107.0,19927795,D-02
122658021,2026-04-02,2026-04-04,2026-04,2026,E,Edificio E — Budget Inn,Booking.com,OTA,modification of booking,False,2,62.0,31.0,60710576,E-19
123697156,2026-04-02,2026-04-04,2026-04,2026,E,Edificio E — Budget Inn,Booking.com,OTA,cancellation,False,2,89.0,44.5,80718957,E-08
124567186,2026-04-02,2026-04-04,2026-04,2026,E,Edificio E — Budget Inn,Booking.com,OTA,reservation,True,2,62.0,31.0,63779706,E-06
127659837,2026-04-02,2026-04-04,2026-04,2026,B,Edificio B — City Center,Booking.com,OTA,reservation,True,2,432.0,216.0,60085127,B-02
128185092,2026-04-02,2026-04-04,2026-04,2026,C,Edificio C — Riverside,Booking.com,OTA,reservation,True,2,351.0,175.5,34743989,C-03
128185097,2026-04-02,2026-04-04,2026-04,2026,C,Edificio C — Riverside,Booking.com,OTA,reservation,True,2,378.0,189.0,34743989,C-02
128407767,2026-04-02,2026-04-04,2026-04,2026,B,Edificio B — City Center,Airbnb,OTA,reservation,True,2,490.0,245.0,28847306,B-07
128785987,2026-04-02,2026-04-04,2026-04,2026,B,Edificio B — City Center,Booking.com,OTA,cancellation,False,2,504.0,252.0,63573026,B-04
129800455,2026-04-02,2026-04-04,2026-04,2026,A,Edificio A — Urban District,Booking.com,OTA,modification of booking,False,2,363.6,181.8,71692531,A-02
132385887,2026-04-02,2026-04-04,2026-04,2026,C,Edificio C — Riverside,Booking.com,OTA,reservation,True,2,430.0,215.0,80159555,C-01
132858482,2026-04-02,2026-04-04,2026-04,2026,OTRO,Otros,Direct booking,Directo,modification of booking,False,2,50.0,25.0,46666709,OTRO-01
122754076,2026-04-02,2026-04-05,2026-04,2026,E,Edificio E — Budget Inn,Booking.com,OTA,cancellation,False,3,96.0,32.0,43540848,E-05
123480111,2026-04-02,2026-04-05,2026-04,2026,E,Edificio E — Budget Inn,Booking.com,OTA,cancellation,False,3,137.0,45.66666666666666,19507286,E-04
123578761,2026-04-02,2026-04-05,2026-04,2026,E,Edificio E — Budget Inn,Booking.com,OTA,reservation,True,3,137.0,45.66666666666666,23918040,E-10
123779616,2026-04-02,2026-04-05,2026-04,2026,E,Edificio E — Budget Inn,Booking.com,OTA,modification of booking,False,3,96.0,32.0,53459981,E-16
128221587,2026-04-02,2026-04-05,2026-04,2026,B,Edificio B — City Center,Booking.com,OTA,reservation,True,3,620.0,206.66666666666663,33028755,B-09
128931772,2026-04-02,2026-04-05,2026-04,2026,E,Edificio E — Budget Inn,Booking.com,OTA,reservation,True,3,158.0,52.66666666666666,63591329,E-01
131816305,2026-04-02,2026-04-05,2026-04,2026,C,Edificio C — Riverside,Booking.com,OTA,reservation,True,3,665.0,221.66666666666663,90550002,C-07
123069611,2026-04-02,2026-04-06,2026-04,2026,E,Edificio E — Budget Inn,Booking.com,OTA,cancellation,False,4,124.0,31.0,49261561,E-13
128410622,2026-04-02,2026-04-06,2026-04,2026,D,Edificio D — Old Quarter,Booking.com,OTA,reservation,True,4,936.0,234.0,54535765,D-08
129124047,2026-04-02,2026-04-06,2026-04,2026,D,Edificio D — Old Quarter,Booking.com,OTA,reservation,True,4,740.0,185.0,43430765,D-05
134424422,2026-04-02,2026-04-06,2026-04,2026,OTRO,Otros,Direct booking,Directo,modification of booking,False,4,0.0,0.0,61914861,OTRO-02
122805266,2026-04-03,2026-04-04,2026-04,2026,E,Edificio E — Budget Inn,Booking.com,OTA,reservation,True,1,48.0,48.0,18532679,E-09
124571496,2026-04-03,2026-04-04,2026-04,2026,E,Edificio E — Budget Inn,Booking.com,OTA,reservation,True,1,48.0,48.0,25744845,E-11
127846352,2026-04-03,2026-04-04,2026-04,2026,B,Edificio B — City Center,Booking.com,OTA,reservation,True,1,235.0,235.0,12604206,B-03
129188012,2026-04-03,2026-04-04,2026-04,2026,C,Edificio C — Riverside,Booking.com,OTA,reservation,True,1,230.0,230.0,73744734,C-09
131313315,2026-04-03,2026-04-04,2026-04,2026,C,Edificio C — Riverside,Airbnb,OTA,reservation,True,1,205.0,205.0,72842603,C-08
132058312,2026-04-03,2026-04-04,2026-04,2026,A,Edificio A — Urban District,Booking.com,OTA,reservation,True,1,138.6,138.6,90725566,A-01
132096102,2026-04-03,2026-04-04,2026-04,2026,E,Edificio E — Budget Inn,Booking.com,OTA,reservation,True,1,82.0,82.0,81900879,E-08
132312772,2026-04-03,2026-04-04,2026-04,2026,D,Edificio D — Old Quarter,Booking.com,OTA,reservation,True,1,540.0,540.0,36719153,D-01
132611942,2026-04-03,2026-04-04,2026-04,2026,D,Edificio D — Old Quarter,Airbnb,OTA,modification of booking,False,1,462.0,462.0,60499043,D-02
133039767,2026-04-03,2026-04-04,2026-04,2026,E,Edificio E — Budget Inn,Booking.com,OTA,reservation,True,1,82.0,82.0,67133859,E-04
133374057,2026-04-03,2026-04-04,2026-04,2026,E,Edificio E — Budget Inn,Booking.com,OTA,reservation,True,1,58.0,58.0,85930616,E-05
133807457,2026-04-03,2026-04-04,2026-04,2026,E,Edificio E — Budget Inn,Booking.com,OTA,reservation,True,1,95.0,95.0,13297920,E-07
133962047,2026-04-03,2026-04-04,2026-04,2026,E,Edificio E — Budget Inn,Booking.com,OTA,reservation,True,1,59.0,59.0,56441870,E-12
134041882,2026-04-03,2026-04-04,2026-04,2026,E,Edificio E — Budget Inn,Booking.com,OTA,reservation,True,1,59.0,59.0,30652715,E-14
122858586,2026-04-03,2026-04-05,2026-04,2026,E,Edificio E — Budget Inn,Booking.com,OTA,cancellation,False,2,96.0,48.0,35397563,E-07
124376646,2026-04-03,2026-04-05,2026-04,2026,E,Edificio E — Budget Inn,Booking.com,OTA,reservation,True,2,96.0,48.0,13482624,E-02
125123171,2026-04-03,2026-04-05,2026-04,2026,E,Edificio E — Budget Inn,Booking.com,OTA,reservation,True,2,68.0,34.0,55922866,E-03
127629857,2026-04-03,2026-04-05,2026-04,2026,A,Edificio A — Urban District,Booking.com,OTA,cancellation,False,2,414.72,207.36,21517792,A-02
127635892,2026-04-03,2026-04-05,2026-04,2026,B,Edificio B — City Center,Booking.com,OTA,cancellation,False,2,350.4,175.2,21517792,B-06
127669502,2026-04-03,2026-04-05,2026-04,2026,D,Edificio D — Old Quarter,Booking.com,OTA,cancellation,False,2,380.0,190.0,73739808,D-07
131196440,2026-04-03,2026-04-05,2026-04,2026,B,Edificio B — City Center,Booking.com,OTA,reservation,True,2,292.0,146.0,51229460,B-06
132199722,2026-04-03,2026-04-05,2026-04,2026,C,Edificio C — Riverside,Booking.com,OTA,reservation,True,2,440.0,220.0,12202239,C-06
133567922,2026-04-03,2026-04-05,2026-04,2026,E,Edificio E — Budget Inn,Blocked channel,Bloqueado,cancellation,False,2,0.0,0.0,UNKNOWN,E-14
133850472,2026-04-03,2026-04-05,2026-04,2026,D,Edificio D — Old Quarter,Booking.com,OTA,reservation,True,2,290.0,145.0,78327470,D-07
134108907,2026-04-03,2026-04-05,2026-04,2026,B,Edificio B — City Center,Direct booking,Directo,reservation,True,2,750.0,375.0,68540354,B-05
122936691,2026-04-03,2026-04-06,2026-04,2026,E,Edificio E — Budget Inn,Booking.com,OTA,cancellation,False,3,137.0,45.66666666666666,57596854,E-02
133197082,2026-04-03,2026-04-07,2026-04,2026,E,Edificio E — Budget Inn,Direct booking,Directo,reservation,True,4,170.0,42.5,83841230,E-13
128772502,2026-04-03,2026-04-08,2026-04,2026,B,Edificio B — City Center,Booking.com,OTA,reservation,True,5,823.0,164.6,91590059,B-08
128772507,2026-04-03,2026-04-08,2026-04,2026,B,Edificio B — City Center,Booking.com,OTA,reservation,True,5,827.0,165.4,91590059,B-01
132345992,2026-04-03,2026-04-10,2026-04,2026,OTRO,Otros,Airbnb,OTA,modification of booking,False,7,856.9,122.41428571428573,45482345,OTRO-03
133307252,2026-04-03,2026-04-11,2026-04,2026,D,Edificio D — Old Quarter,Booking.com,OTA,reservation,True,8,2371.0,296.375,64408627,D-03
123003671,2026-04-04,2026-04-05,2026-04,2026,E,Edificio E — Budget Inn,Booking.com,OTA,reservation,True,1,48.0,48.0,48467979,E-08
124708051,2026-04-04,2026-04-05,2026-04,2026,E,Edificio E — Budget Inn,Booking.com,OTA,modification of booking,False,1,34.0,34.0,27624687,E-14
128105252,2026-04-04,2026-04-05,2026-04,2026,D,Edificio D — Old Quarter,Airbnb,OTA,reservation,True,1,495.0,495.0,12404420,D-01
129247017,2026-04-04,2026-04-05,2026-04,2026,A,Edificio A — Urban District,Booking.com,OTA,reservation,True,1,180.9,180.9,29652731,A-01
132170267,2026-04-04,2026-04-05,2026-04,2026,E,Edificio E — Budget Inn,Direct booking,Directo,reservation,True,1,80.0,80.0,17715329,E-09
133202712,2026-04-04,2026-04-05,2026-04,2026,C,Edificio C — Riverside,Airbnb,OTA,modification of booking,False,1,229.0,229.0,56652166,C-02
133359257,2026-04-04,2026-04-05,2026-04,2026,B,Edificio B — City Center,Booking.com,OTA,reservation,True,1,228.0,228.0,32660444,B-07
133470672,2026-04-04,2026-04-05,2026-04,2026,E,Edificio E — Budget Inn,Direct booking,Directo,reservation,True,1,100.0,100.0,33225846,E-11
133515222,2026-04-04,2026-04-05,2026-04,2026,E,Edificio E — Budget Inn,Booking.com,OTA,reservation,True,1,107.0,107.0,10812156,E-04
133750342,2026-04-04,2026-04-05,2026-04,2026,B,Edificio B — City Center,Booking.com,OTA,reservation,True,1,216.0,216.0,17404866,B-03
134149252,2026-04-04,2026-04-05,2026-04,2026,C,Edificio C — Riverside,Booking.com,OTA,reservation,True,1,192.0,192.0,11510062,C-08
128754667,2026-04-04,2026-04-06,2026-04,2026,B,Edificio B — City Center,Booking.com,OTA,reservation,True,2,444.0,222.0,56808100,B-02
129572115,2026-04-04,2026-04-06,2026-04,2026,D,Edificio D — Old Quarter,Airbnb,OTA,cancellation,False,2,792.0,396.0,68639120,D-03
132430342,2026-04-04,2026-04-06,2026-04,2026,C,Edificio C — Riverside,Booking.com,OTA,reservation,True,2,342.0,171.0,21814708,C-03
132564672,2026-04-04,2026-04-06,2026-04,2026,A,Edificio A — Urban District,Booking.com,OTA,reservation,True,2,329.0,164.5,66178367,A-02
133058032,2026-04-04,2026-04-06,2026-04,2026,D,Edificio D — Old Quarter,Direct booking,Directo,modification of booking,False,2,700.0,350.0,91660043,D-02
133058582,2026-04-04,2026-04-06,2026-04,2026,D,Edificio D — Old Quarter,Direct booking,Directo,modification of booking,False,2,700.0,350.0,59342677,D-04
133623442,2026-04-04,2026-04-06,2026-04,2026,E,Edificio E — Budget Inn,Booking.com,OTA,reservation,True,2,99.0,49.5,79025726,E-12
133661702,2026-04-04,2026-04-06,2026-04,2026,C,Edificio C — Riverside,Airbnb,OTA,reservation,True,2,284.0,142.0,24428839,C-01
133897467,2026-04-04,2026-04-06,2026-04,2026,E,Edificio E — Budget Inn,Direct booking,Directo,modification of booking,False,2,85.0,42.5,46438010,E-05
134031542,2026-04-04,2026-04-06,2026-04,2026,C,Edificio C — Riverside,Booking.com,OTA,reservation,True,2,231.0,115.5,87308042,C-09
134105312,2026-04-04,2026-04-06,2026-04,2026,E,Edificio E — Budget Inn,Booking.com,OTA,reservation,True,2,137.0,68.5,84264038,E-07
134131177,2026-04-04,2026-04-06,2026-04,2026,OTRO,Otros,Direct booking,Directo,reservation,True,2,50.0,25.0,59659297,OTRO-01
122960791,2026-04-04,2026-04-07,2026-04,2026,E,Edificio E — Budget Inn,Booking.com,OTA,modification of booking,False,3,130.0,43.333333333333336,77363026,E-18
123636856,2026-04-04,2026-04-08,2026-04,2026,E,Edificio E — Budget Inn,Booking.com,OTA,modification of booking,False,4,118.0,29.5,10177091,E-17
124589371,2026-04-04,2026-04-08,2026-04,2026,E,Edificio E — Budget Inn,Booking.com,OTA,cancellation,False,4,171.0,42.75,70439116,E-09
124589381,2026-04-04,2026-04-08,2026-04,2026,E,Edificio E — Budget Inn,Booking.com,OTA,cancellation,False,4,118.0,29.5,70439116,E-12
124589386,2026-04-04,2026-04-08,2026-04,2026,E,Edificio E — Budget Inn,Booking.com,OTA,cancellation,False,4,118.0,29.5,70439116,E-01
131378245,2026-04-04,2026-04-08,2026-04,2026,B,Edificio B — City Center,Booking.com,OTA,reservation,True,4,574.0,143.5,33165149,B-04
133387792,2026-04-04,2026-04-08,2026-04,2026,E,Edificio E — Budget Inn,Booking.com,OTA,reservation,True,4,151.0,37.75,88231253,E-06
133718732,2026-04-04,2026-05-01,2026-04,2026,E,Edificio E — Budget Inn,Direct booking,Directo,modification of booking,False,27,1750.0,64.81481481481481,88018003,E-19
123484236,2026-04-05,2026-04-06,2026-04,2026,E,Edificio E — Budget Inn,Booking.com,OTA,cancellation,False,1,41.0,41.0,46311053,E-02
125215711,2026-04-05,2026-04-06,2026-04,2026,E,Edificio E — Budget Inn,Booking.com,OTA,modification of booking,False,1,41.0,41.0,28095406,E-02
125778151,2026-04-05,2026-04-06,2026-04,2026,E,Edificio E — Budget Inn,Booking.com,OTA,reservation,True,1,41.0,41.0,49414358,E-09
125778156,2026-04-05,2026-04-06,2026-04,2026,E,Edificio E — Budget Inn,Booking.com,OTA,modification of booking,False,1,28.0,28.0,49414358,E-16
127914622,2026-04-05,2026-04-06,2026-04,2026,B,Edificio B — City Center,Airbnb,OTA,reservation,True,1,202.0,202.0,71766298,B-05
132967272,2026-04-05,2026-04-06,2026-04,2026,B,Edificio B — City Center,Booking.com,OTA,reservation,True,1,113.0,113.0,41321636,B-03
133667252,2026-04-05,2026-04-06,2026-04,2026,D,Edificio D — Old Quarter,Booking.com,OTA,reservation,True,1,125.0,125.0,57064184,D-01
134002237,2026-04-05,2026-04-06,2026-04,2026,C,Edificio C — Riverside,Booking.com,OTA,reservation,True,1,71.0,71.0,79226329,C-08
134069622,2026-04-05,2026-04-06,2026-04,2026,E,Edificio E — Budget Inn,Booking.com,OTA,reservation,True,1,30.0,30.0,58637653,E-11
134131937,2026-04-05,2026-04-06,2026-04,2026,B,Edificio B — City Center,Airbnb,OTA,reservation,True,1,83.0,83.0,46488759,B-09
134132457,2026-04-05,2026-04-06,2026-04,2026,D,Edificio D — Old Quarter,Booking.com,OTA,reservation,True,1,74.0,74.0,32226606,D-07
134150517,2026-04-05,2026-04-06,2026-04,2026,B,Edificio B — City Center,Airbnb,OTA,reservation,True,1,83.0,83.0,50155768,B-06
134235262,2026-04-05,2026-04-06,2026-04,2026,C,Edificio C — Riverside,Booking.com,OTA,reservation,True,1,65.0,65.0,39215932,C-04
134290232,2026-04-05,2026-04-06,2026-04,2026,C,Edificio C — Riverside,Booking.com,OTA,reservation,True,1,80.1,80.1,85599011,C-02
134315942,2026-04-05,2026-04-06,2026-04,2026,C,Edificio C — Riverside,Booking.com,OTA,reservation,True,1,59.0,59.0,81467694,C-06
130594540,2026-04-05,2026-04-07,2026-04,2026,E,Edificio E — Budget Inn,Booking.com,OTA,reservation,True,2,96.0,48.0,55823027,E-08
131667500,2026-04-05,2026-04-07,2026-04,2026,B,Edificio B — City Center,Airbnb,OTA,reservation,True,2,378.0,189.0,83574212,B-07
132557452,2026-04-05,2026-04-07,2026-04,2026,A,Edificio A — Urban District,Booking.com,OTA,reservation,True,2,127.8,63.9,54567018,A-01
133041967,2026-04-05,2026-04-07,2026-04,2026,E,Edificio E — Budget Inn,Airbnb,OTA,modification of booking,False,2,58.0,29.0,16585998,E-15
133632242,2026-04-05,2026-04-07,2026-04,2026,E,Edificio E — Budget Inn,Booking.com,OTA,reservation,True,2,56.0,28.0,52942033,E-14
133632602,2026-04-05,2026-04-07,2026-04,2026,E,Edificio E — Budget Inn,Booking.com,OTA,modification of booking,False,2,56.0,28.0,23204495,E-01
133888247,2026-04-05,2026-04-07,2026-04,2026,C,Edificio C — Riverside,Booking.com,OTA,reservation,True,2,160.0,80.0,34036692,C-07
133941112,2026-04-05,2026-04-07,2026-04,2026,E,Edificio E — Budget Inn,Airbnb,OTA,reservation,True,2,70.0,35.0,81943425,E-04
133990572,2026-04-05,2026-04-07,2026-04,2026,E,Edificio E — Budget Inn,Booking.com,OTA,reservation,True,2,52.0,26.0,60317785,E-03
134223527,2026-04-05,2026-04-07,2026-04,2026,E,Edificio E — Budget Inn,Booking.com,OTA,reservation,True,2,60.0,30.0,33648958,E-10
133996507,2026-04-06,2026-04-07,2026-04,2026,B,Edificio B — City Center,Airbnb,OTA,reservation,True,1,118.0,118.0,29397951,B-05
134271807,2026-04-06,2026-04-07,2026-04,2026,A,Edificio A — Urban District,Booking.com,OTA,reservation,True,1,66.6,66.6,13619575,A-02
134330892,2026-04-06,2026-04-07,2026-04,2026,E,Edificio E — Budget Inn,Booking.com,OTA,reservation,True,1,24.0,24.0,23654793,E-05
134342577,2026-04-06,2026-04-07,2026-04,2026,E,Edificio E — Budget Inn,Booking.com,OTA,cancellation,False,1,30.0,30.0,46999761,E-07
134357327,2026-04-06,2026-04-07,2026-04,2026,E,Edificio E — Budget Inn,Booking.com,OTA,reservation,True,1,30.0,30.0,33996931,E-11
134389457,2026-04-06,2026-04-07,2026-04,2026,B,Edificio B — City Center,Booking.com,OTA,reservation,True,1,71.0,71.0,46756153,B-09
134397367,2026-04-06,2026-04-07,2026-04,2026,E,Edificio E — Budget Inn,Booking.com,OTA,cancellation,False,1,30.0,30.0,57763898,E-02
134412132,2026-04-06,2026-04-07,2026-04,2026,C,Edificio C — Riverside,Direct booking,Directo,modification of booking,False,1,85.0,85.0,30054462,C-02
134449952,2026-04-06,2026-04-07,2026-04,2026,D,Edificio D — Old Quarter,Booking.com,OTA,reservation,True,1,54.0,54.0,33271033,D-08
134460642,2026-04-06,2026-04-07,2026-04,2026,C,Edificio C — Riverside,Booking.com,OTA,reservation,True,1,48.6,48.6,79277655,C-03
130304095,2026-04-06,2026-04-08,2026-04,2026,D,Edificio D — Old Quarter,Airbnb,OTA,reservation,True,2,495.0,247.5,42017101,D-01
131479100,2026-04-06,2026-04-08,2026-04,2026,B,Edificio B — City Center,Booking.com,OTA,reservation,True,2,250.0,125.0,88652617,B-03
132958887,2026-04-06,2026-04-08,2026-04,2026,E,Edificio E — Budget Inn,Booking.com,OTA,reservation,True,2,67.2,33.6,10471194,E-12
134453267,2026-04-06,2026-04-08,2026-04,2026,OTRO,Otros,Direct booking,Directo,modification of booking,False,2,50.0,25.0,45651714,OTRO-01
134153427,2026-04-06,2026-04-09,2026-04,2026,E,Edificio E — Budget Inn,Booking.com,OTA,reservation,True,3,94.0,31.33333333333333,52063978,E-09
134274507,2026-04-06,2026-04-09,2026-04,2026,B,Edificio B — City Center,Booking.com,OTA,reservation,True,3,219.0,73.0,33653849,B-02
133928342,2026-04-06,2026-04-10,2026-04,2026,B,Edificio B — City Center,Booking.com,OTA,reservation,True,4,350.0,87.5,12383985,B-06
134357442,2026-04-06,2026-04-10,2026-04,2026,C,Edificio C — Riverside,Booking.com,OTA,modification of booking,False,4,336.6,84.15,20940743,C-09
134479172,2026-04-06,2026-04-10,2026-04,2026,C,Edificio C — Riverside,Booking.com,OTA,reservation,True,4,249.0,62.25,54990203,C-04
130150745,2026-04-07,2026-04-08,2026-04,2026,E,Edificio E — Budget Inn,Airbnb,OTA,reservation,True,1,47.0,47.0,26219765,E-04
130978750,2026-04-07,2026-04-08,2026-04,2026,E,Edificio E — Budget Inn,Booking.com,OTA,modification of booking,False,1,42.0,42.0,27483239,E-18
132526982,2026-04-07,2026-04-08,2026-04,2026,C,Edificio C — Riverside,Airbnb,OTA,reservation,True,1,95.0,95.0,15752473,C-01
133890022,2026-04-07,2026-04-08,2026-04,2026,E,Edificio E — Budget Inn,Booking.com,OTA,reservation,True,1,28.0,28.0,85778374,E-01
134242272,2026-04-07,2026-04-08,2026-04,2026,E,Edificio E — Budget Inn,Booking.com,OTA,reservation,True,1,30.0,30.0,79490965,E-02
134260582,2026-04-07,2026-04-08,2026-04,2026,E,Edificio E — Budget Inn,Airbnb,OTA,modification of booking,False,1,24.0,24.0,57457416,E-14
134361687,2026-04-07,2026-04-08,2026-04,2026,E,Edificio E — Budget Inn,Booking.com,OTA,reservation,True,1,24.0,24.0,85526440,E-03
134420617,2026-04-07,2026-04-08,2026-04,2026,E,Edificio E — Budget Inn,Direct booking,Directo,reservation,True,1,35.0,35.0,83841230,E-13
134474752,2026-04-07,2026-04-08,2026-04,2026,C,Edificio C — Riverside,Airbnb,OTA,reservation,True,1,59.0,59.0,28380310,C-07
134482652,2026-04-07,2026-04-08,2026-04,2026,C,Edificio C — Riverside,Booking.com,OTA,reservation,True,1,53.1,53.1,56781196,C-03
134513567,2026-04-07,2026-04-08,2026-04,2026,B,Edificio B — City Center,Airbnb,OTA,reservation,True,1,95.0,95.0,35137123,B-05
134550897,2026-04-07,2026-04-08,2026-04,2026,D,Edificio D — Old Quarter,Direct booking,Directo,modification of booking,False,1,55.0,55.0,60184182,D-08
134558807,2026-04-07,2026-04-08,2026-04,2026,B,Edificio B — City Center,Booking.com,OTA,reservation,True,1,65.0,65.0,83211926,B-07
134560337,2026-04-07,2026-04-08,2026-04,2026,E,Edificio E — Budget Inn,Booking.com,OTA,reservation,True,1,36.0,36.0,31876299,E-11
134561087,2026-04-07,2026-04-08,2026-04,2026,D,Edificio D — Old Quarter,Airbnb,OTA,reservation,True,1,59.4,59.4,70521205,D-05
134573187,2026-04-07,2026-04-08,2026-04,2026,D,Edificio D — Old Quarter,Airbnb,OTA,reservation,True,1,78.1,78.1,65868455,D-02
134609967,2026-04-07,2026-04-08,2026-04,2026,E,Edificio E — Budget Inn,Direct booking,Directo,reservation,True,1,40.0,40.0,26534595,E-08
134618557,2026-04-07,2026-04-08,2026-04,2026,C,Edificio C — Riverside,Booking.com,OTA,reservation,True,1,54.0,54.0,87706185,C-06
123255841,2026-04-07,2026-04-09,2026-04,2026,E,Edificio E — Budget Inn,Booking.com,OTA,cancellation,False,2,82.0,41.0,61227146,E-04
132687082,2026-04-07,2026-04-09,2026-04,2026,E,Edificio E — Budget Inn,Airbnb,OTA,modification of booking,False,2,66.0,33.0,78731449,E-15
134123892,2026-04-07,2026-04-09,2026-04,2026,B,Edificio B — City Center,Airbnb,OTA,reservation,True,2,178.0,89.0,59312994,B-09
134480927,2026-04-07,2026-04-09,2026-04,2026,A,Edificio A — Urban District,Booking.com,OTA,reservation,True,2,97.2,48.6,27482665,A-02
132908952,2026-04-07,2026-04-10,2026-04,2026,C,Edificio C — Riverside,Booking.com,OTA,reservation,True,3,267.0,89.0,34240521,C-08
134459672,2026-04-07,2026-04-10,2026-04,2026,E,Edificio E — Budget Inn,Direct booking,Directo,modification of booking,False,3,120.0,40.0,43351386,E-16
134490202,2026-04-07,2026-04-10,2026-04,2026,OTRO,Otros,Direct booking,Directo,modification of booking,False,3,75.0,25.0,59438294,OTRO-02
133882552,2026-04-07,2026-04-11,2026-04,2026,E,Edificio E — Budget Inn,Booking.com,OTA,reservation,True,4,126.0,31.5,25358779,E-05
132842812,2026-04-08,2026-04-09,2026-04,2026,E,Edificio E — Budget Inn,Airbnb,OTA,reservation,True,1,28.0,28.0,48360095,E-12
133641407,2026-04-08,2026-04-09,2026-04,2026,E,Edificio E — Budget Inn,Booking.com,OTA,reservation,True,1,28.0,28.0,36680369,E-06
134338977,2026-04-08,2026-04-09,2026-04,2026,C,Edificio C — Riverside,Booking.com,OTA,reservation,True,1,74.0,74.0,17812965,C-03
134408307,2026-04-08,2026-04-09,2026-04,2026,C,Edificio C — Riverside,Booking.com,OTA,reservation,True,1,95.0,95.0,86491888,C-06
134465062,2026-04-08,2026-04-09,2026-04,2026,E,Edificio E — Budget Inn,Booking.com,OTA,reservation,True,1,30.0,30.0,57208863,E-11
134502947,2026-04-08,2026-04-09,2026-04,2026,C,Edificio C — Riverside,Booking.com,OTA,reservation,True,1,65.0,65.0,19591017,C-01
134537032,2026-04-08,2026-04-09,2026-04,2026,B,Edificio B — City Center,Website,Directo,reservation,True,1,75.0,75.0,50239305,B-01
134675857,2026-04-08,2026-04-09,2026-04,2026,E,Edificio E — Budget Inn,Booking.com,OTA,reservation,True,1,36.0,36.0,78480997,E-08
134696752,2026-04-08,2026-04-09,2026-04,2026,D,Edificio D — Old Quarter,Booking.com,OTA,reservation,True,1,71.0,71.0,86950832,D-04
134709852,2026-04-08,2026-04-09,2026-04,2026,D,Edificio D — Old Quarter,Booking.com,OTA,reservation,True,1,69.0,69.0,23507930,D-08
134710527,2026-04-08,2026-04-09,2026-04,2026,B,Edificio B — City Center,Booking.com,OTA,reservation,True,1,65.0,65.0,32461536,B-04
134743057,2026-04-08,2026-04-09,2026-04,2026,D,Edificio D — Old Quarter,Booking.com,OTA,reservation,True,1,63.0,63.0,85820619,D-07
134744527,2026-04-08,2026-04-09,2026-04,2026,E,Edificio E — Budget Inn,Airbnb,OTA,reservation,True,1,41.0,41.0,56141249,E-04
134744552,2026-04-08,2026-04-09,2026-04,2026,C,Edificio C — Riverside,Airbnb,OTA,reservation,True,1,54.0,54.0,63434052,C-02
134752922,2026-04-08,2026-04-09,2026-04,2026,B,Edificio B — City Center,Website,Directo,reservation,True,1,55.0,55.0,67205953,B-03
134766322,2026-04-08,2026-04-09,2026-04,2026,D,Edificio D — Old Quarter,Booking.com,OTA,reservation,True,1,86.0,86.0,64473667,D-02
134774257,2026-04-08,2026-04-09,2026-04,2026,E,Edificio E — Budget Inn,Booking.com,OTA,reservation,True,1,28.0,28.0,66422817,E-03
124283371,2026-04-08,2026-04-10,2026-04,2026,E,Edificio E — Budget Inn,Booking.com,OTA,modification of booking,False,2,82.0,41.0,43105939,E-14
131310175,2026-04-08,2026-04-10,2026-04,2026,E,Edificio E — Budget Inn,Booking.com,OTA,reservation,True,2,100.8,50.4,77010033,E-07
133531092,2026-04-08,2026-04-10,2026-04,2026,E,Edificio E — Budget Inn,Booking.com,OTA,cancellation,False,2,68.0,34.0,89828935,E-02
133720252,2026-04-08,2026-04-10,2026-04,2026,B,Edificio B — City Center,Airbnb,OTA,reservation,True,2,300.0,150.0,89664270,B-05
133759132,2026-04-08,2026-04-10,2026-04,2026,E,Edificio E — Budget Inn,Booking.com,OTA,reservation,True,2,68.0,34.0,63686702,E-02
133869587,2026-04-08,2026-04-10,2026-04,2026,B,Edificio B — City Center,Booking.com,OTA,reservation,True,2,214.0,107.0,68619574,B-07
133963212,2026-04-08,2026-04-10,2026-04,2026,OTRO,Otros,Direct booking,Directo,reservation,True,2,50.0,25.0,76506358,OTRO-01
134282622,2026-04-08,2026-04-10,2026-04,2026,C,Edificio C — Riverside,Airbnb,OTA,reservation,True,2,142.0,71.0,72440528,C-07
134459592,2026-04-08,2026-04-10,2026-04,2026,E,Edificio E — Budget Inn,Booking.com,OTA,reservation,True,2,48.0,24.0,20461482,E-13
134702237,2026-04-08,2026-04-10,2026-04,2026,D,Edificio D — Old Quarter,Airbnb,OTA,reservation,True,2,169.4,84.7,42441616,D-01
134716722,2026-04-08,2026-04-10,2026-04,2026,E,Edificio E — Budget Inn,Booking.com,OTA,reservation,True,2,60.0,30.0,25516055,E-01
127652137,2026-04-08,2026-04-11,2026-04,2026,D,Edificio D — Old Quarter,Booking.com,OTA,cancellation,False,3,219.6,73.2,81545812,D-07
131493535,2026-04-08,2026-04-11,2026-04,2026,E,Edificio E — Budget Inn,Booking.com,OTA,reservation,True,3,154.0,51.333333333333336,33461799,E-10
134732882,2026-04-08,2026-04-11,2026-04,2026,B,Edificio B — City Center,Booking.com,OTA,reservation,True,3,362.0,120.66666666666669,49598258,B-08
132300962,2026-04-08,2026-04-12,2026-04,2026,E,Edificio E — Budget Inn,Airbnb,OTA,modification of booking,False,4,167.0,41.75,78527504,E-17
134252647,2026-04-08,2026-04-12,2026-04,2026,D,Edificio D — Old Quarter,Booking.com,OTA,reservation,True,4,366.0,91.5,54433243,D-05
124058651,2026-04-09,2026-04-10,2026-04,2026,E,Edificio E — Budget Inn,Booking.com,OTA,modification of booking,False,1,28.0,28.0,74635823,E-15
128442477,2026-04-09,2026-04-10,2026-04,2026,E,Edificio E — Budget Inn,Booking.com,OTA,reservation,True,1,42.0,42.0,97041180,E-11
130878380,2026-04-09,2026-04-10,2026-04,2026,E,Edificio E — Budget Inn,Airbnb,OTA,reservation,True,1,47.0,47.0,92149379,E-04
131274995,2026-04-09,2026-04-10,2026-04,2026,E,Edificio E — Budget Inn,Booking.com,OTA,reservation,True,1,42.0,42.0,61263891,E-09
132737132,2026-04-09,2026-04-10,2026-04,2026,E,Edificio E — Budget Inn,Booking.com,OTA,reservation,True,1,33.0,33.0,80153770,E-06
133929272,2026-04-09,2026-04-10,2026-04,2026,B,Edificio B — City Center,Booking.com,OTA,reservation,True,1,89.0,89.0,49191189,B-04
134395027,2026-04-09,2026-04-10,2026-04,2026,E,Edificio E — Budget Inn,Booking.com,OTA,reservation,True,1,30.0,30.0,32117114,E-08
134506567,2026-04-09,2026-04-10,2026-04,2026,A,Edificio A — Urban District,Booking.com,OTA,reservation,True,1,48.6,48.6,85833524,A-02
134628862,2026-04-09,2026-04-10,2026-04,2026,C,Edificio C — Riverside,Website,Directo,reservation,True,1,50.0,50.0,70360182,C-05
134649402,2026-04-09,2026-04-10,2026-04,2026,D,Edificio D — Old Quarter,Booking.com,OTA,reservation,True,1,80.0,80.0,52257628,D-08
134657997,2026-04-09,2026-04-10,2026-04,2026,C,Edificio C — Riverside,Website,Directo,reservation,True,1,55.0,55.0,86617047,C-01
134691607,2026-04-09,2026-04-10,2026-04,2026,B,Edificio B — City Center,Booking.com,OTA,reservation,True,1,77.0,77.0,60684604,B-01
134773657,2026-04-09,2026-04-10,2026-04,2026,C,Edificio C — Riverside,Booking.com,OTA,reservation,True,1,65.0,65.0,35158595,C-06
134798467,2026-04-09,2026-04-10,2026-04,2026,C,Edificio C — Riverside,Booking.com,OTA,reservation,True,1,53.1,53.1,61713661,C-03
134813312,2026-04-09,2026-04-10,2026-04,2026,C,Edificio C — Riverside,Booking.com,OTA,reservation,True,1,54.0,54.0,61996833,C-02
134827077,2026-04-09,2026-04-10,2026-04,2026,D,Edificio D — Old Quarter,Airbnb,OTA,modification of booking,False,1,78.1,78.1,64473667,D-02
134831972,2026-04-09,2026-04-10,2026-04,2026,E,Edificio E — Budget Inn,Booking.com,OTA,reservation,True,1,28.0,28.0,30058222,E-03
134852322,2026-04-09,2026-04-10,2026-04,2026,B,Edificio B — City Center,Booking.com,OTA,reservation,True,1,59.0,59.0,67635541,B-02
134887607,2026-04-09,2026-04-10,2026-04,2026,D,Edificio D — Old Quarter,Booking.com,OTA,reservation,True,1,69.0,69.0,35808972,D-07
134907377,2026-04-09,2026-04-10,2026-04,2026,A,Edificio A — Urban District,Booking.com,OTA,reservation,True,1,48.6,48.6,17854266,A-01
133871092,2026-04-09,2026-04-11,2026-04,2026,E,Edificio E — Budget Inn,Booking.com,OTA,reservation,True,2,70.0,35.0,68373339,E-12
134789147,2026-04-09,2026-04-11,2026-04,2026,C,Edificio C — Riverside,Booking.com,OTA,cancellation,False,2,176.4,88.2,67818602,C-03
134358357,2026-04-09,2026-04-12,2026-04,2026,B,Edificio B — City Center,Airbnb,OTA,reservation,True,3,373.0,124.33333333333331,14119807,B-03
134518077,2026-04-09,2026-04-16,2026-04,2026,B,Edificio B — City Center,Booking.com,OTA,reservation,True,7,717.0,102.42857142857144,73671172,B-09
134214082,2026-04-10,2026-04-11,2026-04,2026,E,Edificio E — Budget Inn,Booking.com,OTA,reservation,True,1,42.0,42.0,44802002,E-06
134803052,2026-04-10,2026-04-11,2026-04,2026,A,Edificio A — Urban District,Booking.com,OTA,reservation,True,1,82.8,82.8,30754371,A-01
134930167,2026-04-10,2026-04-11,2026-04,2026,B,Edificio B — City Center,Airbnb,OTA,reservation,True,1,130.0,130.0,48837457,B-05
134944707,2026-04-10,2026-04-11,2026-04,2026,D,Edificio D — Old Quarter,Airbnb,OTA,reservation,True,1,146.3,146.3,40207001,D-01
134983552,2026-04-10,2026-04-11,2026-04,2026,E,Edificio E — Budget Inn,Booking.com,OTA,reservation,True,1,42.0,42.0,64920228,E-09
134985127,2026-04-10,2026-04-11,2026-04,2026,C,Edificio C — Riverside,Booking.com,OTA,reservation,True,1,98.0,98.0,84656899,C-04
134999007,2026-04-10,2026-04-11,2026-04,2026,C,Edificio C — Riverside,Airbnb,OTA,reservation,True,1,83.0,83.0,74691478,C-01
134999297,2026-04-10,2026-04-11,2026-04,2026,E,Edificio E — Budget Inn,Booking.com,OTA,reservation,True,1,42.0,42.0,48300500,E-08
135019797,2026-04-10,2026-04-11,2026-04,2026,C,Edificio C — Riverside,Booking.com,OTA,reservation,True,1,113.0,113.0,63088271,C-05
135028697,2026-04-10,2026-04-11,2026-04,2026,E,Edificio E — Budget Inn,Booking.com,OTA,reservation,True,1,36.0,36.0,47620177,E-02
135028702,2026-04-10,2026-04-11,2026-04,2026,E,Edificio E — Budget Inn,Booking.com,OTA,reservation,True,1,36.0,36.0,47620177,E-04
135034852,2026-04-10,2026-04-11,2026-04,2026,B,Edificio B — City Center,Booking.com,OTA,reservation,True,1,92.0,92.0,27887389,B-07
135044097,2026-04-10,2026-04-11,2026-04,2026,C,Edificio C — Riverside,Booking.com,OTA,reservation,True,1,63.9,63.9,75498194,C-03
134307607,2026-04-10,2026-04-12,2026-04,2026,B,Edificio B — City Center,Booking.com,OTA,reservation,True,2,284.0,142.0,21559575,B-04
134934762,2026-04-10,2026-04-12,2026-04,2026,C,Edificio C — Riverside,Booking.com,OTA,reservation,True,2,165.6,82.8,85057778,C-02
134949837,2026-04-10,2026-04-12,2026-04,2026,D,Edificio D — Old Quarter,Booking.com,OTA,reservation,True,2,308.0,154.0,66297357,D-04
134957382,2026-04-10,2026-04-12,2026-04,2026,C,Edificio C — Riverside,Booking.com,OTA,reservation,True,2,226.0,113.0,28993930,C-07
133495532,2026-04-10,2026-04-13,2026-04,2026,E,Edificio E — Budget Inn,Booking.com,OTA,reservation,True,3,129.0,43.0,83345244,E-03
134475937,2026-04-10,2026-04-13,2026-04,2026,E,Edificio E — Budget Inn,Booking.com,OTA,modification of booking,False,3,126.0,42.0,63517882,E-01
134629077,2026-04-10,2026-04-13,2026-04,2026,D,Edificio D — Old Quarter,Booking.com,OTA,reservation,True,3,385.0,128.33333333333334,79439998,D-08
134829507,2026-04-10,2026-04-13,2026-04,2026,D,Edificio D — Old Quarter,Booking.com,OTA,reservation,True,3,394.0,131.33333333333334,26134702,D-02
134817932,2026-04-10,2026-04-15,2026-04,2026,E,Edificio E — Budget Inn,Booking.com,OTA,reservation,True,5,223.0,44.6,46031514,E-07
124959771,2026-04-11,2026-04-12,2026-04,2026,E,Edificio E — Budget Inn,Booking.com,OTA,reservation,True,1,48.0,48.0,46529864,E-09
124959776,2026-04-11,2026-04-12,2026-04,2026,E,Edificio E — Budget Inn,Booking.com,OTA,reservation,True,1,48.0,48.0,46529864,E-10
128831222,2026-04-11,2026-04-12,2026-04,2026,E,Edificio E — Budget Inn,Booking.com,OTA,modification of booking,False,1,64.8,64.8,40208316,E-12
130433175,2026-04-11,2026-04-12,2026-04,2026,E,Edificio E — Budget Inn,Booking.com,OTA,cancellation,False,1,64.8,64.8,24745479,E-06
131229415,2026-04-11,2026-04-12,2026-04,2026,E,Edificio E — Budget Inn,Booking.com,OTA,cancellation,False,1,64.8,64.8,69402181,E-01
134404292,2026-04-11,2026-04-12,2026-04,2026,E,Edificio E — Budget Inn,Booking.com,OTA,reservation,True,1,54.0,54.0,33142502,E-05
134553837,2026-04-11,2026-04-12,2026-04,2026,E,Edificio E — Budget Inn,Airbnb,OTA,reservation,True,1,54.0,54.0,70089871,E-06
134657397,2026-04-11,2026-04-12,2026-04,2026,A,Edificio A — Urban District,Booking.com,OTA,reservation,True,1,85.5,85.5,62705843,A-01
134705827,2026-04-11,2026-04-12,2026-04,2026,B,Edificio B — City Center,Booking.com,OTA,reservation,True,1,118.0,118.0,10803090,B-06
134714302,2026-04-11,2026-04-12,2026-04,2026,D,Edificio D — Old Quarter,Booking.com,OTA,reservation,True,1,110.0,110.0,27332991,D-07
134763897,2026-04-11,2026-04-12,2026-04,2026,E,Edificio E — Budget Inn,Booking.com,OTA,reservation,True,1,59.0,59.0,58892524,E-02
134847502,2026-04-11,2026-04-12,2026-04,2026,E,Edificio E — Budget Inn,Booking.com,OTA,reservation,True,1,59.0,59.0,78529402,E-11
134852057,2026-04-11,2026-04-12,2026-04,2026,A,Edificio A — Urban District,Booking.com,OTA,reservation,True,1,74.7,74.7,29294706,A-02
134878272,2026-04-11,2026-04-12,2026-04,2026,B,Edificio B — City Center,Booking.com,OTA,reservation,True,1,166.0,166.0,90993594,B-05
134912622,2026-04-11,2026-04-12,2026-04,2026,B,Edificio B — City Center,Airbnb,OTA,reservation,True,1,101.0,101.0,44968368,B-01
134921102,2026-04-11,2026-04-12,2026-04,2026,E,Edificio E — Budget Inn,Booking.com,OTA,reservation,True,1,48.0,48.0,18088281,E-13
134938017,2026-04-11,2026-04-12,2026-04,2026,C,Edificio C — Riverside,Booking.com,OTA,reservation,True,1,95.0,95.0,90859183,C-09
134958672,2026-04-11,2026-04-12,2026-04,2026,C,Edificio C — Riverside,Booking.com,OTA,reservation,True,1,116.0,116.0,33560731,C-04
134960462,2026-04-11,2026-04-12,2026-04,2026,OTRO,Otros,Direct booking,Directo,reservation,True,1,25.0,25.0,67088348,OTRO-03
134987507,2026-04-11,2026-04-12,2026-04,2026,C,Edificio C — Riverside,Booking.com,OTA,reservation,True,1,101.0,101.0,69346816,C-05
134988977,2026-04-11,2026-04-12,2026-04,2026,D,Edificio D — Old Quarter,Airbnb,OTA,reservation,True,1,146.3,146.3,73225936,D-01
135028467,2026-04-11,2026-04-12,2026-04,2026,D,Edificio D — Old Quarter,Airbnb,OTA,reservation,True,1,129.8,129.8,24439741,D-03
135062122,2026-04-11,2026-04-12,2026-04,2026,C,Edificio C — Riverside,Airbnb,OTA,reservation,True,1,101.0,101.0,72226716,C-01
135084597,2026-04-11,2026-04-12,2026-04,2026,C,Edificio C — Riverside,Booking.com,OTA,reservation,True,1,116.0,116.0,54756893,C-06
135136062,2026-04-11,2026-04-12,2026-04,2026,E,Edificio E — Budget Inn,Booking.com,OTA,reservation,True,1,48.0,48.0,82756855,E-04
128137132,2026-04-11,2026-04-13,2026-04,2026,D,Edificio D — Old Quarter,Booking.com,OTA,cancellation,False,2,152.0,76.0,27932972,D-07
134523117,2026-04-11,2026-04-13,2026-04,2026,B,Edificio B — City Center,Booking.com,OTA,reservation,True,2,255.0,127.5,64286838,B-02
134699987,2026-04-11,2026-04-13,2026-04,2026,B,Edificio B — City Center,Airbnb,OTA,reservation,True,2,241.0,120.5,65157459,B-07
134713197,2026-04-11,2026-04-13,2026-04,2026,B,Edificio B — City Center,Booking.com,OTA,reservation,True,2,195.0,97.5,53311489,B-08
134880432,2026-04-11,2026-04-13,2026-04,2026,C,Edificio C — Riverside,Booking.com,OTA,reservation,True,2,144.0,72.0,27545071,C-03
134907397,2026-04-11,2026-04-13,2026-04,2026,E,Edificio E — Budget Inn,Booking.com,OTA,reservation,True,2,72.0,36.0,37064769,E-14
134915482,2026-04-11,2026-04-13,2026-04,2026,C,Edificio C — Riverside,Booking.com,OTA,reservation,True,2,166.0,83.0,85991577,C-08
132006027,2026-04-11,2026-04-15,2026-04,2026,E,Edificio E — Budget Inn,Booking.com,OTA,reservation,True,4,203.0,50.75,70830354,E-08
132280522,2026-04-12,2026-04-13,2026-04,2026,E,Edificio E — Budget Inn,Booking.com,OTA,cancellation,False,1,39.6,39.6,38072756,E-01
132822317,2026-04-12,2026-04-13,2026-04,2026,C,Edificio C — Riverside,Booking.com,OTA,reservation,True,1,115.0,115.0,91796869,C-05
133519027,2026-04-12,2026-04-13,2026-04,2026,E,Edificio E — Budget Inn,Booking.com,OTA,reservation,True,1,33.0,33.0,84909455,E-12
134518567,2026-04-12,2026-04-13,2026-04,2026,E,Edificio E — Budget Inn,Airbnb,OTA,reservation,True,1,36.0,36.0,15560362,E-04
134794167,2026-04-12,2026-04-13,2026-04,2026,B,Edificio B — City Center,Booking.com,OTA,reservation,True,1,104.0,104.0,84269712,B-05
134898352,2026-04-12,2026-04-13,2026-04,2026,C,Edificio C — Riverside,Booking.com,OTA,reservation,True,1,80.0,80.0,43054557,C-04
134933922,2026-04-12,2026-04-13,2026-04,2026,E,Edificio E — Budget Inn,Booking.com,OTA,reservation,True,1,24.0,24.0,91686626,E-06
135120997,2026-04-12,2026-04-13,2026-04,2026,C,Edificio C — Riverside,Booking.com,OTA,reservation,True,1,59.0,59.0,62281371,C-07
135147872,2026-04-12,2026-04-13,2026-04,2026,E,Edificio E — Budget Inn,Booking.com,OTA,reservation,True,1,30.0,30.0,72191192,E-09
135177407,2026-04-12,2026-04-13,2026-04,2026,E,Edificio E — Budget Inn,Booking.com,OTA,reservation,True,1,30.0,30.0,32439473,E-02
135185517,2026-04-12,2026-04-13,2026-04,2026,A,Edificio A — Urban District,Booking.com,OTA,reservation,True,1,48.6,48.6,33933164,A-02
135205437,2026-04-12,2026-04-13,2026-04,2026,B,Edificio B — City Center,Booking.com,OTA,reservation,True,1,65.0,65.0,82292790,B-03
135211642,2026-04-12,2026-04-13,2026-04,2026,D,Edificio D — Old Quarter,Airbnb,OTA,cancellation,False,1,78.09,78.09,35652401,D-04
135220532,2026-04-12,2026-04-13,2026-04,2026,C,Edificio C — Riverside,Website,Directo,reservation,True,1,50.0,50.0,78766617,C-01
135272607,2026-04-12,2026-04-13,2026-04,2026,B,Edificio B — City Center,Booking.com,OTA,reservation,True,1,59.0,59.0,31584657,B-01
135286182,2026-04-12,2026-04-13,2026-04,2026,D,Edificio D — Old Quarter,Booking.com,OTA,reservation,True,1,48.0,48.0,54240709,D-07
129049767,2026-04-12,2026-04-14,2026-04,2026,B,Edificio B — City Center,Booking.com,OTA,reservation,True,2,170.0,85.0,53282319,B-06
132718722,2026-04-12,2026-04-14,2026-04,2026,E,Edificio E — Budget Inn,Airbnb,OTA,reservation,True,2,66.0,33.0,23740739,E-13
134881217,2026-04-12,2026-04-14,2026-04,2026,C,Edificio C — Riverside,Booking.com,OTA,reservation,True,2,111.6,55.8,52581512,C-02
135092312,2026-04-12,2026-04-14,2026-04,2026,E,Edificio E — Budget Inn,Booking.com,OTA,reservation,True,2,66.0,33.0,43191797,E-10
135140742,2026-04-12,2026-04-14,2026-04,2026,D,Edificio D — Old Quarter,Airbnb,OTA,reservation,True,2,195.8,97.9,87517140,D-01
135156497,2026-04-12,2026-04-14,2026-04,2026,D,Edificio D — Old Quarter,Booking.com,OTA,reservation,True,2,119.0,59.5,26266656,D-05
135060972,2026-04-12,2026-04-15,2026-04,2026,E,Edificio E — Budget Inn,Booking.com,OTA,reservation,True,3,102.0,34.0,14294007,E-11
125202341,2026-04-12,2026-04-16,2026-04,2026,E,Edificio E — Budget Inn,Booking.com,OTA,reservation,True,4,112.0,28.0,18274037,E-05
134835037,2026-04-12,2026-04-16,2026-04,2026,C,Edificio C — Riverside,Booking.com,OTA,reservation,True,4,290.0,72.5,78845546,C-06
132515502,2026-04-12,2026-04-17,2026-04,2026,B,Edificio B — City Center,Booking.com,OTA,reservation,True,5,484.0,96.8,38690241,B-04
129298427,2026-04-12,2026-04-18,2026-04,2026,A,Edificio A — Urban District,Booking.com,OTA,reservation,True,6,449.1,74.85000000000001,23182657,A-01
124408791,2026-04-13,2026-04-14,2026-04,2026,E,Edificio E — Budget Inn,Booking.com,OTA,cancellation,False,1,41.0,41.0,16508345,E-09
128749002,2026-04-13,2026-04-14,2026-04,2026,B,Edificio B — City Center,Airbnb,OTA,reservation,True,1,100.0,100.0,91598425,B-07
132883042,2026-04-13,2026-04-14,2026-04,2026,E,Edificio E — Budget Inn,Booking.com,OTA,reservation,True,1,33.0,33.0,72191192,E-03
134631947,2026-04-13,2026-04-14,2026-04,2026,E,Edificio E — Budget Inn,Booking.com,OTA,cancellation,False,1,42.0,42.0,69765446,E-09
134743332,2026-04-13,2026-04-14,2026-04,2026,C,Edificio C — Riverside,Booking.com,OTA,reservation,True,1,71.0,71.0,53851531,C-08
134807807,2026-04-13,2026-04-14,2026-04,2026,E,Edificio E — Budget Inn,Booking.com,OTA,reservation,True,1,28.0,28.0,87720631,E-12
134835787,2026-04-13,2026-04-14,2026-04,2026,C,Edificio C — Riverside,Booking.com,OTA,reservation,True,1,71.0,71.0,32851566,C-05
134857782,2026-04-13,2026-04-14,2026-04,2026,C,Edificio C — Riverside,Booking.com,OTA,reservation,True,1,71.0,71.0,57920972,C-07
135101112,2026-04-13,2026-04-14,2026-04,2026,E,Edificio E — Budget Inn,Booking.com,OTA,reservation,True,1,28.0,28.0,36609942,E-14
135137012,2026-04-13,2026-04-14,2026-04,2026,E,Edificio E — Budget Inn,Booking.com,OTA,reservation,True,1,36.0,36.0,16019118,E-04
135140692,2026-04-13,2026-04-14,2026-04,2026,D,Edificio D — Old Quarter,Booking.com,OTA,reservation,True,1,59.0,59.0,45377795,D-08
135218962,2026-04-13,2026-04-14,2026-04,2026,C,Edificio C — Riverside,Booking.com,OTA,reservation,True,1,86.0,86.0,53228690,C-04
135245767,2026-04-13,2026-04-14,2026-04,2026,B,Edificio B — City Center,Booking.com,OTA,reservation,True,1,83.0,83.0,26301122,B-08
135285317,2026-04-13,2026-04-14,2026-04,2026,D,Edificio D — Old Quarter,Airbnb,OTA,reservation,True,1,94.6,94.6,74215606,D-04
135304812,2026-04-13,2026-04-14,2026-04,2026,E,Edificio E — Budget Inn,Booking.com,OTA,reservation,True,1,28.0,28.0,20996633,E-06
135311312,2026-04-13,2026-04-14,2026-04,2026,E,Edificio E — Budget Inn,Booking.com,OTA,reservation,True,1,36.0,36.0,40292662,E-02
135319392,2026-04-13,2026-04-14,2026-04,2026,D,Edificio D — Old Quarter,Booking.com,OTA,reservation,True,1,86.0,86.0,18115895,D-02
135348082,2026-04-13,2026-04-14,2026-04,2026,OTRO,Otros,Direct booking,Directo,reservation,True,1,25.0,25.0,10482963,OTRO-02
129785535,2026-04-13,2026-04-15,2026-04,2026,B,Edificio B — City Center,Booking.com,OTA,reservation,True,2,178.0,89.0,81665198,B-02
134156077,2026-04-13,2026-04-15,2026-04,2026,A,Edificio A — Urban District,Booking.com,OTA,reservation,True,2,126.0,63.0,24582220,A-02
134933612,2026-04-13,2026-04-15,2026-04,2026,E,Edificio E — Budget Inn,Booking.com,OTA,reservation,True,2,60.0,30.0,91686626,E-01
135178227,2026-04-13,2026-04-15,2026-04,2026,C,Edificio C — Riverside,Booking.com,OTA,reservation,True,2,122.4,61.2,14891296,C-03
135347707,2026-04-13,2026-04-15,2026-04,2026,D,Edificio D — Old Quarter,Direct booking,Directo,reservation,True,2,145.0,72.5,12908551,D-03
131431610,2026-04-13,2026-04-16,2026-04,2026,B,Edificio B — City Center,Airbnb,OTA,reservation,True,3,321.0,107.0,47044923,B-01
132897422,2026-04-13,2026-04-16,2026-04,2026,C,Edificio C — Riverside,Airbnb,OTA,modification of booking,False,3,241.0,80.33333333333333,31737510,C-01
134837722,2026-04-13,2026-04-16,2026-04,2026,C,Edificio C — Riverside,Booking.com,OTA,reservation,True,3,213.0,71.0,34702934,C-09
135200157,2026-04-13,2026-04-16,2026-04,2026,D,Edificio D — Old Quarter,Direct booking,Directo,reservation,True,3,170.0,56.66666666666666,46420303,D-07
128119067,2026-04-13,2026-04-17,2026-04,2026,B,Edificio B — City Center,Airbnb,OTA,reservation,True,4,700.0,175.0,30407566,B-05
134699912,2026-04-13,2026-04-17,2026-04,2026,OTRO,Otros,Direct booking,Directo,reservation,True,4,100.0,25.0,21431707,OTRO-01
134560772,2026-04-13,2026-04-18,2026-04,2026,B,Edificio B — City Center,Airbnb,OTA,reservation,True,5,581.0,116.2,39748690,B-03
125467896,2026-04-14,2026-04-15,2026-04,2026,E,Edificio E — Budget Inn,Booking.com,OTA,reservation,True,1,41.0,41.0,33079703,E-02
129892035,2026-04-14,2026-04-15,2026-04,2026,E,Edificio E — Budget Inn,Airbnb,OTA,cancellation,False,1,33.0,33.0,20775840,E-13
131832630,2026-04-14,2026-04-15,2026-04,2026,C,Edificio C — Riverside,Airbnb,OTA,reservation,True,1,85.0,85.0,30395249,C-08
134169502,2026-04-14,2026-04-15,2026-04,2026,E,Edificio E — Budget Inn,Booking.com,OTA,reservation,True,1,33.0,33.0,20201269,E-06
134211567,2026-04-14,2026-04-15,2026-04,2026,E,Edificio E — Budget Inn,Booking.com,OTA,reservation,True,1,33.0,33.0,81981061,E-03
134464977,2026-04-14,2026-04-15,2026-04,2026,C,Edificio C — Riverside,Booking.com,OTA,reservation,True,1,85.0,85.0,18478004,C-04
134483887,2026-04-14,2026-04-15,2026-04,2026,E,Edificio E — Budget Inn,Airbnb,OTA,reservation,True,1,33.0,33.0,82634978,E-12
135202332,2026-04-14,2026-04-15,2026-04,2026,B,Edificio B — City Center,Booking.com,OTA,reservation,True,1,83.0,83.0,58997594,B-06
135216922,2026-04-14,2026-04-15,2026-04,2026,E,Edificio E — Budget Inn,Booking.com,OTA,reservation,True,1,28.0,28.0,86239333,E-13
135385422,2026-04-14,2026-04-15,2026-04,2026,E,Edificio E — Budget Inn,Booking.com,OTA,reservation,True,1,36.0,36.0,82566775,E-10
135450217,2026-04-14,2026-04-15,2026-04,2026,C,Edificio C — Riverside,Booking.com,OTA,reservation,True,1,58.5,58.5,24109569,C-02
135470617,2026-04-14,2026-04-15,2026-04,2026,E,Edificio E — Budget Inn,Booking.com,OTA,reservation,True,1,36.0,36.0,28016675,E-09
135516547,2026-04-14,2026-04-15,2026-04,2026,E,Edificio E — Budget Inn,Booking.com,OTA,reservation,True,1,34.0,34.0,29340473,E-04
131507135,2026-04-14,2026-04-16,2026-04,2026,D,Edificio D — Old Quarter,Booking.com,OTA,reservation,True,2,160.0,80.0,50788252,D-08
130144000,2026-04-14,2026-04-17,2026-04,2026,D,Edificio D — Old Quarter,Direct booking,Directo,reservation,True,3,630.0,210.0,19679476,D-02
130144180,2026-04-14,2026-04-17,2026-04,2026,D,Edificio D — Old Quarter,Direct booking,Directo,reservation,True,3,630.0,210.0,19679476,D-04
134547892,2026-04-14,2026-04-17,2026-04,2026,B,Edificio B — City Center,Booking.com,OTA,reservation,True,3,285.0,95.0,89059298,B-07
134827197,2026-04-14,2026-04-17,2026-04,2026,C,Edificio C — Riverside,Airbnb,OTA,reservation,True,3,231.0,77.0,53439791,C-05
128779112,2026-04-14,2026-04-18,2026-04,2026,B,Edificio B — City Center,Booking.com,OTA,reservation,True,4,520.0,130.0,43348136,B-08
131769360,2026-04-14,2026-04-18,2026-04,2026,E,Edificio E — Budget Inn,Booking.com,OTA,reservation,True,4,146.0,36.5,45561386,E-14
132909032,2026-04-14,2026-04-18,2026-04,2026,C,Edificio C — Riverside,Airbnb,OTA,reservation,True,4,439.0,109.75,31083721,C-07
134377697,2026-04-14,2026-04-18,2026-04,2026,D,Edificio D — Old Quarter,Website,Directo,reservation,True,4,353.0,88.25,76912635,D-05
128262852,2026-04-15,2026-04-16,2026-04,2026,B,Edificio B — City Center,Booking.com,OTA,cancellation,False,1,85.0,85.0,56096696,B-06
132512127,2026-04-15,2026-04-16,2026-04,2026,B,Edificio B — City Center,Booking.com,OTA,reservation,True,1,100.0,100.0,83115308,B-06
133106982,2026-04-15,2026-04-16,2026-04,2026,E,Edificio E — Budget Inn,Airbnb,OTA,reservation,True,1,47.0,47.0,39078354,E-04
133602612,2026-04-15,2026-04-16,2026-04,2026,C,Edificio C — Riverside,Booking.com,OTA,reservation,True,1,72.0,72.0,13878786,C-03
133787242,2026-04-15,2026-04-16,2026-04,2026,E,Edificio E — Budget Inn,Booking.com,OTA,reservation,True,1,33.0,33.0,84830304,E-13
134385137,2026-04-15,2026-04-16,2026-04,2026,C,Edificio C — Riverside,Booking.com,OTA,reservation,True,1,99.0,99.0,73745061,C-02
134520597,2026-04-15,2026-04-16,2026-04,2026,C,Edificio C — Riverside,Airbnb,OTA,cancellation,False,1,85.0,85.0,62082887,C-04
134520877,2026-04-15,2026-04-16,2026-04,2026,C,Edificio C — Riverside,Airbnb,OTA,reservation,True,1,85.0,85.0,62082887,C-04
134598342,2026-04-15,2026-04-16,2026-04,2026,E,Edificio E — Budget Inn,Airbnb,OTA,reservation,True,1,47.0,47.0,26219765,E-10
134756517,2026-04-15,2026-04-16,2026-04,2026,E,Edificio E — Budget Inn,Booking.com,OTA,reservation,True,1,45.6,45.6,82430104,E-07
134957202,2026-04-15,2026-04-16,2026-04,2026,A,Edificio A — Urban District,Booking.com,OTA,reservation,True,1,80.1,80.1,13439998,A-02
135083262,2026-04-15,2026-04-16,2026-04,2026,D,Edificio D — Old Quarter,Airbnb,OTA,reservation,True,1,117.7,117.7,53618459,D-01
135397877,2026-04-15,2026-04-16,2026-04,2026,E,Edificio E — Budget Inn,Booking.com,OTA,reservation,True,1,28.0,28.0,11572309,E-01
135408632,2026-04-15,2026-04-16,2026-04,2026,E,Edificio E — Budget Inn,Booking.com,OTA,reservation,True,1,36.0,36.0,15446911,E-08
135433607,2026-04-15,2026-04-16,2026-04,2026,E,Edificio E — Budget Inn,Booking.com,OTA,reservation,True,1,28.0,28.0,69281376,E-12
135502237,2026-04-15,2026-04-16,2026-04,2026,OTRO,Otros,Direct booking,Directo,modification of booking,False,1,25.0,25.0,43983775,OTRO-02
135505107,2026-04-15,2026-04-16,2026-04,2026,B,Edificio B — City Center,Booking.com,OTA,reservation,True,1,71.0,71.0,21343321,B-02
135544172,2026-04-15,2026-04-16,2026-04,2026,E,Edificio E — Budget Inn,Booking.com,OTA,reservation,True,1,36.0,36.0,14863814,E-09
128748632,2026-04-15,2026-04-17,2026-04,2026,C,Edificio C — Riverside,Airbnb,OTA,reservation,True,2,219.0,109.5,64593939,C-08
132729642,2026-04-15,2026-04-17,2026-04,2026,E,Edificio E — Budget Inn,Booking.com,OTA,reservation,True,2,79.2,39.6,71532254,E-06
133165212,2026-04-15,2026-04-17,2026-04,2026,E,Edificio E — Budget Inn,Booking.com,OTA,reservation,True,2,66.0,33.0,47754189,E-03
135061467,2026-04-15,2026-04-17,2026-04,2026,E,Edificio E — Budget Inn,Booking.com,OTA,reservation,True,2,84.0,42.0,14294007,E-02
134040127,2026-04-15,2026-04-19,2026-04,2026,E,Edificio E — Budget Inn,Booking.com,OTA,modification of booking,False,4,231.0,57.75,44570038,E-11
134531487,2026-04-15,2026-04-21,2026-04,2026,D,Edificio D — Old Quarter,Airbnb,OTA,reservation,True,6,1676.4,279.40000000000003,81813978,D-03
132000882,2026-04-16,2026-04-17,2026-04,2026,E,Edificio E — Budget Inn,Booking.com,OTA,reservation,True,1,33.0,33.0,80095785,E-12
132926937,2026-04-16,2026-04-17,2026-04,2026,B,Edificio B — City Center,Booking.com,OTA,reservation,True,1,100.0,100.0,63802931,B-02
134376787,2026-04-16,2026-04-17,2026-04,2026,A,Edificio A — Urban District,Booking.com,OTA,reservation,True,1,63.0,63.0,17519914,A-02
134642427,2026-04-16,2026-04-17,2026-04,2026,B,Edificio B — City Center,Booking.com,OTA,modification of booking,False,1,110.0,110.0,11899401,B-09
134985862,2026-04-16,2026-04-17,2026-04,2026,C,Edificio C — Riverside,Booking.com,OTA,reservation,True,1,63.9,63.9,68515748,C-03
135177762,2026-04-16,2026-04-17,2026-04,2026,C,Edificio C — Riverside,Booking.com,OTA,reservation,True,1,58.5,58.5,60442266,C-02
135192087,2026-04-16,2026-04-17,2026-04,2026,D,Edificio D — Old Quarter,Booking.com,OTA,reservation,True,1,80.0,80.0,24240074,D-08
135196597,2026-04-16,2026-04-17,2026-04,2026,E,Edificio E — Budget Inn,Booking.com,OTA,reservation,True,1,36.0,36.0,90197495,E-07
135375967,2026-04-16,2026-04-17,2026-04,2026,C,Edificio C — Riverside,Booking.com,OTA,reservation,True,1,71.0,71.0,64538339,C-04
135448682,2026-04-16,2026-04-17,2026-04,2026,C,Edificio C — Riverside,Booking.com,OTA,reservation,True,1,65.0,65.0,74942182,C-09
135464592,2026-04-16,2026-04-17,2026-04,2026,E,Edificio E — Budget Inn,Booking.com,OTA,reservation,True,1,36.0,36.0,91686626,E-04
135541482,2026-04-16,2026-04-17,2026-04,2026,E,Edificio E — Budget Inn,Booking.com,OTA,reservation,True,1,36.0,36.0,67395570,E-10
135661207,2026-04-16,2026-04-17,2026-04,2026,C,Edificio C — Riverside,Booking.com,OTA,reservation,True,1,71.0,71.0,88355853,C-01
135713817,2026-04-16,2026-04-17,2026-04,2026,C,Edificio C — Riverside,Booking.com,OTA,reservation,True,1,71.0,71.0,72413439,C-06
128866227,2026-04-16,2026-04-18,2026-04,2026,D,Edificio D — Old Quarter,Booking.com,OTA,cancellation,False,2,312.0,156.0,20741066,D-08
128866232,2026-04-16,2026-04-18,2026-04,2026,D,Edificio D — Old Quarter,Booking.com,OTA,cancellation,False,2,793.2,396.6,20741066,D-01
128866237,2026-04-16,2026-04-18,2026-04,2026,D,Edificio D — Old Quarter,Booking.com,OTA,cancellation,False,2,312.0,156.0,20741066,D-05
130802360,2026-04-16,2026-04-18,2026-04,2026,E,Edificio E — Budget Inn,Airbnb,OTA,reservation,True,2,80.0,40.0,78292798,E-05
132664642,2026-04-16,2026-04-18,2026-04,2026,A,Edificio A — Urban District,Booking.com,OTA,cancellation,False,2,320.76,160.38,58996248,A-02
135001692,2026-04-16,2026-04-18,2026-04,2026,D,Edificio D — Old Quarter,Airbnb,OTA,reservation,True,2,487.3,243.65,61865197,D-01
131644420,2026-04-16,2026-04-19,2026-04,2026,D,Edificio D — Old Quarter,Booking.com,OTA,reservation,True,3,435.0,145.0,52781878,D-07
132345907,2026-04-16,2026-04-19,2026-04,2026,E,Edificio E — Budget Inn,Booking.com,OTA,modification of booking,False,3,214.0,71.33333333333333,68190785,E-18
128516267,2026-04-16,2026-04-20,2026-04,2026,B,Edificio B — City Center,Booking.com,OTA,modification of booking,False,4,600.0,150.0,64524652,B-01
130580555,2026-04-16,2026-04-20,2026-04,2026,E,Edificio E — Budget Inn,Airbnb,OTA,reservation,True,4,167.0,41.75,29757991,E-13
132458737,2026-04-16,2026-04-20,2026-04,2026,B,Edificio B — City Center,Booking.com,OTA,modification of booking,False,4,743.0,185.75,25888059,B-06
133951182,2026-04-16,2026-04-20,2026-04,2026,E,Edificio E — Budget Inn,Booking.com,OTA,reservation,True,4,231.0,57.75,31149136,E-09
129666330,2026-04-16,2026-04-21,2026-04,2026,E,Edificio E — Budget Inn,Booking.com,OTA,reservation,True,5,273.0,54.6,15239757,E-08
129666335,2026-04-16,2026-04-21,2026-04,2026,E,Edificio E — Budget Inn,Booking.com,OTA,reservation,True,5,200.0,40.0,15239757,E-01
125296736,2026-04-17,2026-04-18,2026-04,2026,E,Edificio E — Budget Inn,Booking.com,OTA,reservation,True,1,48.0,48.0,81621066,E-02
128532732,2026-04-17,2026-04-18,2026-04,2026,E,Edificio E — Budget Inn,Booking.com,OTA,reservation,True,1,47.0,47.0,65064507,E-06
133274732,2026-04-17,2026-04-18,2026-04,2026,E,Edificio E — Budget Inn,Booking.com,OTA,reservation,True,1,70.0,70.0,81783794,E-10
133979932,2026-04-17,2026-04-18,2026-04,2026,A,Edificio A — Urban District,Booking.com,OTA,reservation,True,1,169.0,169.0,78022951,A-02
134497247,2026-04-17,2026-04-18,2026-04,2026,C,Edificio C — Riverside,Booking.com,OTA,reservation,True,1,195.0,195.0,49300628,C-01
135106847,2026-04-17,2026-04-18,2026-04,2026,B,Edificio B — City Center,Airbnb,OTA,reservation,True,1,166.0,166.0,12518559,B-02
135173692,2026-04-17,2026-04-18,2026-04,2026,E,Edificio E — Budget Inn,Airbnb,OTA,reservation,True,1,82.0,82.0,91176098,E-04
135333167,2026-04-17,2026-04-18,2026-04,2026,C,Edificio C — Riverside,Airbnb,OTA,reservation,True,1,160.0,160.0,68357976,C-08
135389022,2026-04-17,2026-04-18,2026-04,2026,B,Edificio B — City Center,Booking.com,OTA,reservation,True,1,296.0,296.0,39453896,B-05
135876757,2026-04-17,2026-04-18,2026-04,2026,B,Edificio B — City Center,Booking.com,OTA,reservation,True,1,151.0,151.0,21128978,B-04
135880292,2026-04-17,2026-04-18,2026-04,2026,D,Edificio D — Old Quarter,Airbnb,OTA,reservation,True,1,189.2,189.2,64348904,D-08
124992986,2026-04-17,2026-04-19,2026-04,2026,E,Edificio E — Budget Inn,Booking.com,OTA,reservation,True,2,68.0,34.0,20650868,E-12
127683412,2026-04-17,2026-04-19,2026-04,2026,D,Edificio D — Old Quarter,Booking.com,OTA,cancellation,False,2,176.4,88.2,76612460,D-07
128930087,2026-04-17,2026-04-19,2026-04,2026,B,Edificio B — City Center,Airbnb,OTA,modification of booking,False,2,360.0,180.0,67545072,B-09
129993620,2026-04-17,2026-04-19,2026-04,2026,C,Edificio C — Riverside,Booking.com,OTA,reservation,True,2,399.6,199.8,52417382,C-03
129993625,2026-04-17,2026-04-19,2026-04,2026,C,Edificio C — Riverside,Booking.com,OTA,reservation,True,2,384.0,192.0,52417382,C-09
129993630,2026-04-17,2026-04-19,2026-04,2026,C,Edificio C — Riverside,Booking.com,OTA,reservation,True,2,399.6,199.8,52417382,C-02
130140685,2026-04-17,2026-04-19,2026-04,2026,E,Edificio E — Budget Inn,Booking.com,OTA,reservation,True,2,101.0,50.5,49432939,E-03
130377790,2026-04-17,2026-04-19,2026-04,2026,C,Edificio C — Riverside,Booking.com,OTA,reservation,True,2,390.0,195.0,62297336,C-05
130377795,2026-04-17,2026-04-19,2026-04,2026,C,Edificio C — Riverside,Booking.com,OTA,reservation,True,2,390.0,195.0,62297336,C-06
131517980,2026-04-17,2026-04-19,2026-04,2026,D,Edificio D — Old Quarter,Booking.com,OTA,reservation,True,2,1102.0,551.0,83566026,D-04
131517985,2026-04-17,2026-04-19,2026-04,2026,D,Edificio D — Old Quarter,Booking.com,OTA,reservation,True,2,1102.0,551.0,23385547,D-02
135562527,2026-04-17,2026-04-19,2026-04,2026,OTRO,Otros,Direct booking,Directo,reservation,True,2,50.0,25.0,85503487,OTRO-02
124966346,2026-04-17,2026-04-20,2026-04,2026,E,Edificio E — Budget Inn,Booking.com,OTA,cancellation,False,3,137.0,45.66666666666666,63610633,E-09
124966351,2026-04-17,2026-04-20,2026-04,2026,E,Edificio E — Budget Inn,Booking.com,OTA,cancellation,False,3,137.0,45.66666666666666,63610633,E-11
124966361,2026-04-17,2026-04-20,2026-04,2026,E,Edificio E — Budget Inn,Booking.com,OTA,cancellation,False,3,137.0,45.66666666666666,63610633,E-07
127709627,2026-04-17,2026-04-20,2026-04,2026,B,Edificio B — City Center,Booking.com,OTA,reservation,True,3,460.0,153.33333333333334,83209168,B-07
134063027,2026-04-17,2026-04-20,2026-04,2026,E,Edificio E — Budget Inn,Booking.com,OTA,reservation,True,3,189.0,63.0,53075266,E-07
132082157,2026-04-17,2026-04-23,2026-04,2026,C,Edificio C — Riverside,Airbnb,OTA,reservation,True,6,790.0,131.66666666666666,74683268,C-04
128361787,2026-04-17,2026-04-25,2026-04,2026,E,Edificio E — Budget Inn,Booking.com,OTA,cancellation,False,8,512.4,64.05,54724137,E-04
129744285,2026-04-18,2026-04-19,2026-04,2026,C,Edificio C — Riverside,Airbnb,OTA,reservation,True,1,205.0,205.0,49246851,C-07
129808565,2026-04-18,2026-04-19,2026-04,2026,D,Edificio D — Old Quarter,Booking.com,OTA,reservation,True,1,190.0,190.0,19218927,D-05
129808570,2026-04-18,2026-04-19,2026-04,2026,D,Edificio D — Old Quarter,Booking.com,OTA,reservation,True,1,521.0,521.0,19218927,D-01
130447460,2026-04-18,2026-04-19,2026-04,2026,C,Edificio C — Riverside,Booking.com,OTA,reservation,True,1,228.0,228.0,34931317,C-01
130898785,2026-04-18,2026-04-19,2026-04,2026,C,Edificio C — Riverside,Booking.com,OTA,cancellation,False,1,213.0,213.0,62119675,C-04
132022827,2026-04-18,2026-04-19,2026-04,2026,D,Edificio D — Old Quarter,Booking.com,OTA,reservation,True,1,160.0,160.0,44697543,D-08
134232762,2026-04-18,2026-04-19,2026-04,2026,A,Edificio A — Urban District,Booking.com,OTA,reservation,True,1,131.4,131.4,86360930,A-01
135152917,2026-04-18,2026-04-19,2026-04,2026,E,Edificio E — Budget Inn,Booking.com,OTA,reservation,True,1,107.0,107.0,76680492,E-02
135238082,2026-04-18,2026-04-19,2026-04,2026,B,Edificio B — City Center,Airbnb,OTA,reservation,True,1,229.0,229.0,61107823,B-03
135309367,2026-04-18,2026-04-19,2026-04,2026,B,Edificio B — City Center,Booking.com,OTA,reservation,True,1,204.0,204.0,55821968,B-08
135430437,2026-04-18,2026-04-19,2026-04,2026,E,Edificio E — Budget Inn,Booking.com,OTA,reservation,True,1,59.0,59.0,29166181,E-06
135430442,2026-04-18,2026-04-19,2026-04,2026,E,Edificio E — Budget Inn,Booking.com,OTA,reservation,True,1,83.0,83.0,29166181,E-04
135531962,2026-04-18,2026-04-19,2026-04,2026,E,Edificio E — Budget Inn,Booking.com,OTA,reservation,True,1,59.0,59.0,74720974,E-14
125053091,2026-04-18,2026-04-20,2026-04,2026,E,Edificio E — Budget Inn,Booking.com,OTA,cancellation,False,2,89.0,44.5,76617960,E-10
129965995,2026-04-18,2026-04-20,2026-04,2026,A,Edificio A — Urban District,Booking.com,OTA,reservation,True,2,288.0,144.0,61946689,A-02
130211150,2026-04-18,2026-04-20,2026-04,2026,C,Edificio C — Riverside,Airbnb,OTA,reservation,True,2,250.0,125.0,74941031,C-08
131907687,2026-04-18,2026-04-20,2026-04,2026,E,Edificio E — Budget Inn,Booking.com,OTA,reservation,True,2,87.0,43.5,90488219,E-05
135316712,2026-04-18,2026-04-20,2026-04,2026,E,Edificio E — Budget Inn,Booking.com,OTA,reservation,True,2,128.0,64.0,71985142,E-10
125052581,2026-04-18,2026-04-21,2026-04,2026,E,Edificio E — Budget Inn,Booking.com,OTA,cancellation,False,3,90.0,30.0,44498264,E-06
130325320,2026-04-18,2026-04-21,2026-04,2026,B,Edificio B — City Center,Booking.com,OTA,reservation,True,3,504.0,168.0,60883394,B-02
130325325,2026-04-18,2026-04-21,2026-04,2026,B,Edificio B — City Center,Booking.com,OTA,reservation,True,3,1006.0,335.3333333333333,60883394,B-05
136725857,2026-04-26,2026-04-27,2026-04,2026,E,Edificio E — Budget Inn,Booking.com,OTA,reservation,True,1,26.0,26.0,41608346,E-14
136802137,2026-04-26,2026-04-27,2026-04,2026,E,Edificio E — Budget Inn,Booking.com,OTA,reservation,True,1,26.0,26.0,85159441,E-03
136868047,2026-04-26,2026-04-27,2026-04,2026,E,Edificio E — Budget Inn,Booking.com,OTA,reservation,True,1,30.0,30.0,64869451,E-02
136904537,2026-04-26,2026-04-27,2026-04,2026,E,Edificio E — Budget Inn,Booking.com,OTA,reservation,True,1,30.0,30.0,19325947,E-07
136906087,2026-04-26,2026-04-27,2026-04,2026,E,Edificio E — Budget Inn,Booking.com,OTA,reservation,True,1,30.0,30.0,75012896,E-11
136979442,2026-04-26,2026-04-27,2026-04,2026,E,Edificio E — Budget Inn,Booking.com,OTA,reservation,True,1,30.0,30.0,31120377,E-04
136991242,2026-04-26,2026-04-27,2026-04,2026,D,Edificio D — Old Quarter,Booking.com,OTA,reservation,True,1,59.0,59.0,37629121,D-08
137004657,2026-04-26,2026-04-27,2026-04,2026,E,Edificio E — Budget Inn,Booking.com,OTA,modification of booking,False,1,30.0,30.0,38010938,E-10
137014297,2026-04-26,2026-04-27,2026-04,2026,D,Edificio D — Old Quarter,Booking.com,OTA,reservation,True,1,71.0,71.0,74261555,D-01
137024497,2026-04-26,2026-04-27,2026-04,2026,D,Edificio D — Old Quarter,Booking.com,OTA,reservation,True,1,86.0,86.0,42742779,D-03
137056107,2026-04-26,2026-04-27,2026-04,2026,C,Edificio C — Riverside,Airbnb,OTA,reservation,True,1,59.0,59.0,83117383,C-01
137074832,2026-04-26,2026-04-27,2026-04,2026,C,Edificio C — Riverside,Airbnb,OTA,reservation,True,1,59.0,59.0,55712579,C-05
131063920,2026-04-26,2026-04-28,2026-04,2026,B,Edificio B — City Center,Airbnb,OTA,reservation,True,2,202.0,101.0,50956678,B-09
133999832,2026-04-26,2026-04-28,2026-04,2026,B,Edificio B — City Center,Booking.com,OTA,reservation,True,2,178.0,89.0,85115059,B-02
135840217,2026-04-26,2026-04-28,2026-04,2026,E,Edificio E — Budget Inn,Airbnb,OTA,reservation,True,2,62.0,31.0,20220266,E-12
136649062,2026-04-26,2026-04-28,2026-04,2026,C,Edificio C — Riverside,Airbnb,OTA,reservation,True,2,136.0,68.0,84017659,C-09
132018462,2026-04-26,2026-04-29,2026-04,2026,D,Edificio D — Old Quarter,Airbnb,OTA,cancellation,False,3,660.0,220.0,92135401,D-01
136298107,2026-04-26,2026-04-29,2026-04,2026,D,Edificio D — Old Quarter,Airbnb,OTA,reservation,True,3,352.0,117.33333333333331,29868473,D-02
136738857,2026-04-26,2026-04-29,2026-04,2026,E,Edificio E — Budget Inn,Booking.com,OTA,reservation,True,3,113.0,37.66666666666666,45745660,E-08
136901502,2026-04-26,2026-04-29,2026-04,2026,D,Edificio D — Old Quarter,Booking.com,OTA,reservation,True,3,255.0,85.0,69495939,D-04
128862857,2026-04-26,2026-05-01,2026-04,2026,B,Edificio B — City Center,Booking.com,OTA,cancellation,False,5,600.0,120.0,65345839,B-07
129664020,2026-04-27,2026-04-28,2026-04,2026,A,Edificio A — Urban District,Booking.com,OTA,reservation,True,1,60.3,60.3,78242717,A-01
135369932,2026-04-27,2026-04-28,2026-04,2026,C,Edificio C — Riverside,Direct booking,Directo,reservation,True,1,82.0,82.0,77629074,C-05
135748167,2026-04-27,2026-04-28,2026-04,2026,B,Edificio B — City Center,Booking.com,OTA,reservation,True,1,89.0,89.0,72706821,B-03
135872987,2026-04-27,2026-04-28,2026-04,2026,E,Edificio E — Budget Inn,Booking.com,OTA,reservation,True,1,30.0,30.0,47456201,E-01
135935962,2026-04-27,2026-04-28,2026-04,2026,E,Edificio E — Budget Inn,Airbnb,OTA,reservation,True,1,30.0,30.0,30754287,E-05
136447872,2026-04-27,2026-04-28,2026-04,2026,E,Edificio E — Budget Inn,Booking.com,OTA,reservation,True,1,30.0,30.0,49952332,E-03
136980867,2026-04-27,2026-04-28,2026-04,2026,E,Edificio E — Budget Inn,Booking.com,OTA,reservation,True,1,36.0,36.0,18152428,E-10
137024127,2026-04-27,2026-04-28,2026-04,2026,B,Edificio B — City Center,Airbnb,OTA,modification of booking,False,1,95.0,95.0,79710488,B-05
137055752,2026-04-27,2026-04-28,2026-04,2026,B,Edificio B — City Center,Booking.com,OTA,reservation,True,1,71.0,71.0,20656856,B-07
137093137,2026-04-27,2026-04-28,2026-04,2026,C,Edificio C — Riverside,Booking.com,OTA,reservation,True,1,65.0,65.0,85344808,C-04
137105497,2026-04-27,2026-04-28,2026-04,2026,E,Edificio E — Budget Inn,Booking.com,OTA,reservation,True,1,30.0,30.0,91245311,E-07
137127992,2026-04-27,2026-04-28,2026-04,2026,D,Edificio D — Old Quarter,Booking.com,OTA,reservation,True,1,71.0,71.0,84205207,D-03
131087590,2026-04-27,2026-04-29,2026-04,2026,E,Edificio E — Budget Inn,Airbnb,OTA,reservation,True,2,94.0,47.0,14403180,E-04
132312107,2026-04-27,2026-04-29,2026-04,2026,A,Edificio A — Urban District,Booking.com,OTA,reservation,True,2,160.2,80.1,11131735,A-02
133619307,2026-04-27,2026-04-29,2026-04,2026,C,Edificio C — Riverside,Booking.com,OTA,reservation,True,2,144.0,72.0,61235326,C-03
134266487,2026-04-27,2026-04-29,2026-04,2026,D,Edificio D — Old Quarter,Airbnb,OTA,reservation,True,2,292.6,146.3,45548800,D-01
135038167,2026-04-27,2026-04-29,2026-04,2026,C,Edificio C — Riverside,Website,Directo,reservation,True,2,144.0,72.0,50179640,C-06
136865937,2026-04-27,2026-04-29,2026-04,2026,C,Edificio C — Riverside,Airbnb,OTA,reservation,True,2,148.0,74.0,68372658,C-08
136875687,2026-04-27,2026-04-29,2026-04,2026,E,Edificio E — Budget Inn,Booking.com,OTA,reservation,True,2,58.0,29.0,19851919,E-06
136889617,2026-04-27,2026-04-29,2026-04,2026,E,Edificio E — Budget Inn,Booking.com,OTA,reservation,True,2,72.0,36.0,88187429,E-09
136889622,2026-04-27,2026-04-29,2026-04,2026,E,Edificio E — Budget Inn,Booking.com,OTA,reservation,True,2,72.0,36.0,88187429,E-02
129839910,2026-04-27,2026-04-30,2026-04,2026,C,Edificio C — Riverside,Booking.com,OTA,reservation,True,3,297.0,99.0,18930942,C-02
131422735,2026-04-27,2026-04-30,2026-04,2026,E,Edificio E — Budget Inn,Booking.com,OTA,reservation,True,3,126.0,42.0,72083421,E-11
133331902,2026-04-27,2026-04-30,2026-04,2026,B,Edificio B — City Center,Booking.com,OTA,reservation,True,3,303.0,101.0,16717129,B-06
136498937,2026-04-27,2026-04-30,2026-04,2026,E,Edificio E — Budget Inn,Booking.com,OTA,reservation,True,3,96.0,32.0,76415880,E-14
130158490,2026-04-27,2026-05-01,2026-04,2026,D,Edificio D — Old Quarter,Booking.com,OTA,reservation,True,4,380.0,95.0,49730175,D-08
132868067,2026-04-27,2026-05-01,2026-04,2026,C,Edificio C — Riverside,Airbnb,OTA,reservation,True,4,340.0,85.0,78017414,C-01
130648045,2026-04-27,2026-05-04,2026-04,2026,E,Edificio E — Budget Inn,Booking.com,OTA,cancellation,False,7,343.2,49.02857142857143,66870949,E-03
134388552,2026-04-28,2026-04-29,2026-04,2026,D,Edificio D — Old Quarter,Airbnb,OTA,reservation,True,1,104.5,104.5,23200230,D-05
134841682,2026-04-28,2026-04-29,2026-04,2026,B,Edificio B — City Center,Booking.com,OTA,reservation,True,1,100.0,100.0,40666954,B-07
136232447,2026-04-28,2026-04-29,2026-04,2026,B,Edificio B — City Center,Booking.com,OTA,reservation,True,1,95.0,95.0,89761000,B-03
136290152,2026-04-28,2026-04-29,2026-04,2026,A,Edificio A — Urban District,Booking.com,OTA,reservation,True,1,74.0,74.0,93099477,A-01
136698722,2026-04-28,2026-04-29,2026-04,2026,E,Edificio E — Budget Inn,Airbnb,OTA,reservation,True,1,30.0,30.0,28173186,E-13
136859537,2026-04-28,2026-04-29,2026-04,2026,D,Edificio D — Old Quarter,Booking.com,OTA,reservation,True,1,65.0,65.0,68280411,D-07
136903752,2026-04-28,2026-04-29,2026-04,2026,E,Edificio E — Budget Inn,Booking.com,OTA,reservation,True,1,29.0,29.0,37508494,E-03
136999517,2026-04-28,2026-04-29,2026-04,2026,E,Edificio E — Budget Inn,Booking.com,OTA,reservation,True,1,32.0,32.0,65368220,E-10
137066467,2026-04-28,2026-04-29,2026-04,2026,B,Edificio B — City Center,Booking.com,OTA,reservation,True,1,71.0,71.0,10281637,B-09
137116087,2026-04-28,2026-04-29,2026-04,2026,B,Edificio B — City Center,Airbnb,OTA,reservation,True,1,107.0,107.0,55888233,B-05
137154422,2026-04-28,2026-04-29,2026-04,2026,OTRO,Otros,Direct booking,Directo,modification of booking,False,1,25.0,25.0,56719880,OTRO-01
137331137,2026-04-28,2026-04-29,2026-04,2026,C,Edificio C — Riverside,Airbnb,OTA,reservation,True,1,59.0,59.0,58096965,C-07
137336702,2026-04-28,2026-04-29,2026-04,2026,C,Edificio C — Riverside,Booking.com,OTA,reservation,True,1,59.0,59.0,16131418,C-09
137351817,2026-04-28,2026-04-29,2026-04,2026,D,Edificio D — Old Quarter,Booking.com,OTA,reservation,True,1,71.0,71.0,61186371,D-03
128850957,2026-04-28,2026-04-30,2026-04,2026,B,Edificio B — City Center,Booking.com,OTA,reservation,True,2,160.0,80.0,70472257,B-02
131435350,2026-04-28,2026-04-30,2026-04,2026,B,Edificio B — City Center,Booking.com,OTA,cancellation,False,2,228.0,114.0,15986319,B-04
131738885,2026-04-28,2026-04-30,2026-04,2026,C,Edificio C — Riverside,Airbnb,OTA,reservation,True,2,170.0,85.0,59291912,C-04
134211902,2026-04-28,2026-04-30,2026-04,2026,B,Edificio B — City Center,Booking.com,OTA,reservation,True,2,190.0,95.0,27635466,B-04
136790432,2026-04-28,2026-04-30,2026-04,2026,E,Edificio E — Budget Inn,Airbnb,OTA,reservation,True,2,60.0,30.0,58675062,E-12
136954357,2026-04-28,2026-04-30,2026-04,2026,B,Edificio B — City Center,Booking.com,OTA,reservation,True,2,166.0,83.0,21409396,B-01
137011312,2026-04-28,2026-04-30,2026-04,2026,E,Edificio E — Budget Inn,Booking.com,OTA,reservation,True,2,72.0,36.0,69254843,E-07
137128742,2026-04-28,2026-04-30,2026-04,2026,B,Edificio B — City Center,Booking.com,OTA,reservation,True,2,154.0,77.0,77485721,B-08
131675280,2026-04-28,2026-05-01,2026-04,2026,C,Edificio C — Riverside,Booking.com,OTA,reservation,True,3,255.0,85.0,66675727,C-05
130376750,2026-04-28,2026-05-02,2026-04,2026,E,Edificio E — Budget Inn,Booking.com,OTA,reservation,True,4,149.0,37.25,66564754,E-05
131193265,2026-04-28,2026-05-02,2026-04,2026,E,Edificio E — Budget Inn,Booking.com,OTA,reservation,True,4,153.0,38.25,62942147,E-01
129751635,2026-04-29,2026-04-30,2026-04,2026,C,Edificio C — Riverside,Booking.com,OTA,reservation,True,1,85.0,85.0,23714563,C-07
130647895,2026-04-29,2026-04-30,2026-04,2026,E,Edificio E — Budget Inn,Booking.com,OTA,modification of booking,False,1,50.4,50.4,41551336,E-10
131303330,2026-04-29,2026-04-30,2026-04,2026,E,Edificio E — Budget Inn,Booking.com,OTA,cancellation,False,1,39.6,39.6,21239688,E-13
133530692,2026-04-29,2026-04-30,2026-04,2026,C,Edificio C — Riverside,Booking.com,OTA,reservation,True,1,72.0,72.0,69235974,C-03
133860957,2026-04-29,2026-04-30,2026-04,2026,B,Edificio B — City Center,Airbnb,OTA,reservation,True,1,197.0,197.0,24894904,B-05
135040707,2026-04-29,2026-04-30,2026-04,2026,C,Edificio C — Riverside,Website,Directo,reservation,True,1,67.0,67.0,89276281,C-09
135667687,2026-04-29,2026-04-30,2026-04,2026,B,Edificio B — City Center,Booking.com,OTA,reservation,True,1,116.0,116.0,89582352,B-07
136200842,2026-04-29,2026-04-30,2026-04,2026,D,Edificio D — Old Quarter,Booking.com,OTA,reservation,True,1,80.0,80.0,80476229,D-05
136337787,2026-04-29,2026-04-30,2026-04,2026,A,Edificio A — Urban District,Booking.com,OTA,reservation,True,1,53.1,53.1,58827208,A-02
136892717,2026-04-29,2026-04-30,2026-04,2026,B,Edificio B — City Center,Booking.com,OTA,reservation,True,1,77.0,77.0,30574846,B-09
137144827,2026-04-29,2026-04-30,2026-04,2026,B,Edificio B — City Center,Booking.com,OTA,reservation,True,1,71.0,71.0,69805716,B-03
137191927,2026-04-29,2026-04-30,2026-04,2026,E,Edificio E — Budget Inn,Booking.com,OTA,reservation,True,1,32.0,32.0,14973532,E-04
137268852,2026-04-29,2026-04-30,2026-04,2026,D,Edificio D — Old Quarter,Booking.com,OTA,reservation,True,1,92.0,92.0,32035071,D-01
137297447,2026-04-29,2026-04-30,2026-04,2026,E,Edificio E — Budget Inn,Booking.com,OTA,reservation,True,1,32.0,32.0,70674863,E-08
137335012,2026-04-29,2026-04-30,2026-04,2026,D,Edificio D — Old Quarter,Airbnb,OTA,reservation,True,1,64.9,64.9,88836063,D-07
137362242,2026-04-29,2026-04-30,2026-04,2026,D,Edificio D — Old Quarter,Airbnb,OTA,reservation,True,1,97.9,97.9,92161519,D-03
137363077,2026-04-29,2026-04-30,2026-04,2026,E,Edificio E — Budget Inn,Booking.com,OTA,reservation,True,1,34.0,34.0,13251349,E-06
137427452,2026-04-29,2026-04-30,2026-04,2026,D,Edificio D — Old Quarter,Booking.com,OTA,reservation,True,1,107.0,107.0,57775083,D-04
137440187,2026-04-29,2026-04-30,2026-04,2026,E,Edificio E — Budget Inn,Booking.com,OTA,reservation,True,1,30.0,30.0,61224426,E-13
137462792,2026-04-29,2026-04-30,2026-04,2026,E,Edificio E — Budget Inn,Booking.com,OTA,reservation,True,1,30.0,30.0,31160580,E-03
137462912,2026-04-29,2026-04-30,2026-04,2026,D,Edificio D — Old Quarter,Booking.com,OTA,reservation,True,1,71.0,71.0,43296493,D-02
128586852,2026-04-29,2026-05-01,2026-04,2026,A,Edificio A — Urban District,Booking.com,OTA,reservation,True,2,134.0,67.0,52859646,A-01
130520525,2026-04-29,2026-05-01,2026-04,2026,C,Edificio C — Riverside,Airbnb,OTA,modification of booking,False,2,210.0,105.0,62171003,C-08
133313762,2026-04-29,2026-05-01,2026-04,2026,C,Edificio C — Riverside,Booking.com,OTA,reservation,True,2,170.0,85.0,82172055,C-06
136648647,2026-04-29,2026-05-01,2026-04,2026,E,Edificio E — Budget Inn,Booking.com,OTA,reservation,True,2,84.0,42.0,84504534,E-02
137013062,2026-04-29,2026-05-01,2026-04,2026,E,Edificio E — Budget Inn,Booking.com,OTA,reservation,True,2,72.0,36.0,67737301,E-09
131897602,2026-04-29,2026-05-03,2026-04,2026,E,Edificio E — Budget Inn,Booking.com,OTA,modification of booking,False,4,292.8,73.2,23366692,E-18
128921367,2026-04-29,2026-05-04,2026-04,2026,E,Edificio E — Budget Inn,Booking.com,OTA,modification of booking,False,5,207.0,41.4,99905227,E-15
129040007,2026-04-30,2026-05-01,2026-04,2026,B,Edificio B — City Center,Booking.com,OTA,reservation,True,1,105.0,105.0,64086698,B-08
129303547,2026-04-30,2026-05-01,2026-04,2026,B,Edificio B — City Center,Airbnb,OTA,reservation,True,1,177.0,177.0,97639484,B-05
129456830,2026-04-30,2026-05-01,2026-04,2026,C,Edificio C — Riverside,Booking.com,OTA,reservation,True,1,72.0,72.0,31599834,C-03
129456840,2026-04-30,2026-05-01,2026-04,2026,C,Edificio C — Riverside,Booking.com,OTA,reservation,True,1,72.0,72.0,31599834,C-02
129894185,2026-04-30,2026-05-01,2026-04,2026,D,Edificio D — Old Quarter,Booking.com,OTA,reservation,True,1,80.0,80.0,21622787,D-05
130113185,2026-04-30,2026-05-01,2026-04,2026,A,Edificio A — Urban District,Website,Directo,reservation,True,1,62.0,62.0,43721538,A-02
130178050,2026-04-30,2026-05-01,2026-04,2026,D,Edificio D — Old Quarter,Airbnb,OTA,reservation,True,1,187.0,187.0,60200459,D-01
130327960,2026-04-30,2026-05-01,2026-04,2026,B,Edificio B — City Center,Booking.com,OTA,reservation,True,1,122.0,122.0,83337198,B-01
131851492,2026-04-30,2026-05-01,2026-04,2026,D,Edificio D — Old Quarter,Booking.com,OTA,reservation,True,1,85.0,85.0,90038276,D-07
132635367,2026-04-30,2026-05-01,2026-04,2026,D,Edificio D — Old Quarter,Airbnb,OTA,modification of booking,False,1,187.0,187.0,68971696,D-03
132798282,2026-04-30,2026-05-01,2026-04,2026,C,Edificio C — Riverside,Booking.com,OTA,reservation,True,1,80.0,80.0,52088850,C-09
133074172,2026-04-30,2026-05-01,2026-04,2026,E,Edificio E — Budget Inn,Airbnb,OTA,reservation,True,1,47.0,47.0,17679770,E-04
133611382,2026-04-30,2026-05-01,2026-04,2026,E,Edificio E — Budget Inn,Booking.com,OTA,cancellation,False,1,50.4,50.4,92492538,E-02
134158737,2026-04-30,2026-05-01,2026-04,2026,B,Edificio B — City Center,Booking.com,OTA,reservation,True,1,100.0,100.0,37383575,B-07
134239042,2026-04-30,2026-05-01,2026-04,2026,E,Edificio E — Budget Inn,Airbnb,OTA,reservation,True,1,47.0,47.0,75976373,E-10
135673362,2026-04-30,2026-05-01,2026-04,2026,E,Edificio E — Budget Inn,Booking.com,OTA,reservation,True,1,33.0,33.0,10717694,E-03
135794587,2026-04-30,2026-05-01,2026-04,2026,E,Edificio E — Budget Inn,Booking.com,OTA,cancellation,False,1,39.6,39.6,41287973,E-12
135825392,2026-04-30,2026-05-01,2026-04,2026,E,Edificio E — Budget Inn,Booking.com,OTA,reservation,True,1,33.0,33.0,10945096,E-14
135825397,2026-04-30,2026-05-01,2026-04,2026,E,Edificio E — Budget Inn,Booking.com,OTA,reservation,True,1,42.0,42.0,10945096,E-08
136055282,2026-04-30,2026-05-01,2026-04,2026,E,Edificio E — Budget Inn,Airbnb,OTA,reservation,True,1,33.0,33.0,65148632,E-13
136354272,2026-04-30,2026-05-01,2026-04,2026,E,Edificio E — Budget Inn,Booking.com,OTA,reservation,True,1,33.0,33.0,51983395,E-06
136378872,2026-04-30,2026-05-01,2026-04,2026,E,Edificio E — Budget Inn,Booking.com,OTA,reservation,True,1,42.0,42.0,72692478,E-07
137289127,2026-04-30,2026-05-01,2026-04,2026,E,Edificio E — Budget Inn,Booking.com,OTA,reservation,True,1,28.0,28.0,68440590,E-12
131178805,2026-04-30,2026-05-02,2026-04,2026,E,Edificio E — Budget Inn,Booking.com,OTA,cancellation,False,2,99.6,49.8,19688956,E-13
131381835,2026-04-30,2026-05-02,2026-04,2026,C,Edificio C — Riverside,Booking.com,OTA,reservation,True,2,381.0,190.5,41545092,C-07
136217022,2026-04-30,2026-05-02,2026-04,2026,D,Edificio D — Old Quarter,Booking.com,OTA,reservation,True,2,738.0,369.0,16256849,D-02
128792247,2026-04-30,2026-05-03,2026-04,2026,B,Edificio B — City Center,Booking.com,OTA,modification of booking,False,3,600.0,200.0,45640831,B-03
128792252,2026-04-30,2026-05-03,2026-04,2026,B,Edificio B — City Center,Booking.com,OTA,modification of booking,False,3,600.0,200.0,45640831,B-04
128792257,2026-04-30,2026-05-03,2026-04,2026,B,Edificio B — City Center,Booking.com,OTA,modification of booking,False,3,600.0,200.0,45640831,B-09
128792262,2026-04-30,2026-05-03,2026-04,2026,B,Edificio B — City Center,Booking.com,OTA,modification of booking,False,3,632.0,210.66666666666663,45640831,B-02
128792267,2026-04-30,2026-05-03,2026-04,2026,B,Edificio B — City Center,Booking.com,OTA,modification of booking,False,3,645.0,215.0,45640831,B-06
130075345,2026-04-30,2026-05-03,2026-04,2026,E,Edificio E — Budget Inn,Booking.com,OTA,cancellation,False,3,242.4,80.8,48730643,E-11
132624407,2026-04-30,2026-05-03,2026-04,2026,C,Edificio C — Riverside,Booking.com,OTA,reservation,True,3,647.0,215.66666666666663,13053625,C-04
130099615,2026-04-30,2026-05-05,2026-04,2026,E,Edificio E — Budget Inn,Booking.com,OTA,reservation,True,5,302.0,60.4,13447399,E-11
131182910,2026-04-30,2026-05-06,2026-04,2026,D,Edificio D — Old Quarter,Airbnb,OTA,reservation,True,6,2211.0,368.5,52665208,D-04
129117382,2026-05-01,2026-05-02,2026-05,2026,E,Edificio E — Budget Inn,Airbnb,OTA,reservation,True,1,70.0,70.0,66328136,E-10
131998547,2026-05-01,2026-05-02,2026-05,2026,E,Edificio E — Budget Inn,Booking.com,OTA,reservation,True,1,64.8,64.8,48782277,E-14
132297822,2026-05-01,2026-05-02,2026-05,2026,E,Edificio E — Budget Inn,Booking.com,OTA,reservation,True,1,65.0,65.0,43870202,E-07
133307782,2026-05-01,2026-05-02,2026-05,2026,E,Edificio E — Budget Inn,Booking.com,OTA,reservation,True,1,50.0,50.0,40402038,E-13
135209197,2026-05-01,2026-05-02,2026-05,2026,E,Edificio E — Budget Inn,Airbnb,OTA,reservation,True,1,71.0,71.0,66885946,E-12
135902607,2026-05-01,2026-05-02,2026-05,2026,B,Edificio B — City Center,Booking.com,OTA,reservation,True,1,236.0,236.0,24470916,B-08
136066332,2026-05-01,2026-05-02,2026-05,2026,E,Edificio E — Budget Inn,Booking.com,OTA,reservation,True,1,118.0,118.0,76975529,E-09
137258967,2026-05-01,2026-05-02,2026-05,2026,C,Edificio C — Riverside,Airbnb,OTA,reservation,True,1,203.0,203.0,45992032,C-01
137282667,2026-05-01,2026-05-02,2026-05,2026,C,Edificio C — Riverside,Booking.com,OTA,reservation,True,1,225.0,225.0,17890052,C-06
137313967,2026-05-01,2026-05-02,2026-05,2026,C,Edificio C — Riverside,Booking.com,OTA,reservation,True,1,159.3,159.3,38131880,C-02
128303977,2026-05-01,2026-05-03,2026-05,2026,E,Edificio E — Budget Inn,Booking.com,OTA,cancellation,False,2,156.0,78.0,32301143,E-02
128446282,2026-05-01,2026-05-03,2026-05,2026,E,Edificio E — Budget Inn,Airbnb,OTA,reservation,True,2,140.0,70.0,79486628,E-04
128792692,2026-05-01,2026-05-03,2026-05,2026,B,Edificio B — City Center,Booking.com,OTA,reservation,True,2,540.0,270.0,45640831,B-01
129370050,2026-05-01,2026-05-03,2026-05,2026,E,Edificio E — Budget Inn,Booking.com,OTA,reservation,True,2,120.0,60.0,54932251,E-06
129444405,2026-05-01,2026-05-03,2026-05,2026,B,Edificio B — City Center,Airbnb,OTA,reservation,True,2,750.0,375.0,59776304,B-07
130554595,2026-05-01,2026-05-03,2026-05,2026,E,Edificio E — Budget Inn,Booking.com,OTA,reservation,True,2,160.0,80.0,66400629,E-08
133428572,2026-05-01,2026-05-03,2026-05,2026,A,Edificio A — Urban District,Booking.com,OTA,reservation,True,2,450.0,225.0,28033686,A-02
135434677,2026-05-01,2026-05-03,2026-05,2026,E,Edificio E — Budget Inn,Booking.com,OTA,reservation,True,2,113.0,56.5,55489285,E-03
135756947,2026-05-01,2026-05-03,2026-05,2026,A,Edificio A — Urban District,Booking.com,OTA,reservation,True,2,378.0,189.0,65592763,A-01
136036152,2026-05-01,2026-05-03,2026-05,2026,C,Edificio C — Riverside,Booking.com,OTA,reservation,True,2,502.0,251.0,63581319,C-08
136123482,2026-05-01,2026-05-03,2026-05,2026,D,Edificio D — Old Quarter,Airbnb,OTA,reservation,True,2,1199.0,599.5,66988271,D-01
136376332,2026-05-01,2026-05-03,2026-05,2026,D,Edificio D — Old Quarter,Booking.com,OTA,reservation,True,2,522.0,261.0,49589857,D-05
136678867,2026-05-01,2026-05-03,2026-05,2026,B,Edificio B — City Center,Airbnb,OTA,modification of booking,False,2,1182.0,591.0,46216974,B-05
137299442,2026-05-01,2026-05-03,2026-05,2026,C,Edificio C — Riverside,Booking.com,OTA,reservation,True,2,410.4,205.2,90363302,C-03
137320282,2026-05-01,2026-05-03,2026-05,2026,C,Edificio C — Riverside,Airbnb,OTA,reservation,True,2,452.0,226.0,12114836,C-09
137388227,2026-05-01,2026-05-03,2026-05,2026,D,Edificio D — Old Quarter,Booking.com,OTA,reservation,True,2,332.0,166.0,58786299,D-07
131813470,2026-05-01,2026-05-04,2026-05,2026,C,Edificio C — Riverside,Booking.com,OTA,reservation,True,3,557.0,185.66666666666663,24288583,C-05
134428527,2026-05-01,2026-05-04,2026-05,2026,D,Edificio D — Old Quarter,Website,Directo,reservation,True,3,502.0,167.33333333333334,26348297,D-08
135307007,2026-05-01,2026-05-04,2026-05,2026,E,Edificio E — Budget Inn,Booking.com,OTA,cancellation,False,3,343.2,114.4,12097653,E-09
137241647,2026-05-01,2026-05-04,2026-05,2026,D,Edificio D — Old Quarter,Booking.com,OTA,reservation,True,3,1042.0,347.3333333333333,25254564,D-03
137440267,2026-05-01,2026-05-04,2026-05,2026,OTRO,Otros,Direct booking,Directo,modification of booking,False,3,75.0,25.0,62262774,OTRO-02
131123315,2026-05-01,2026-05-05,2026-05,2026,E,Edificio E — Budget Inn,Booking.com,OTA,reservation,True,4,230.0,57.5,33789923,E-02
135699777,2026-05-01,2026-05-31,2026-05,2026,E,Edificio E — Budget Inn,Direct booking,Directo,modification of booking,False,30,2500.0,83.33333333333333,35799257,E-19
128555857,2026-05-02,2026-05-03,2026-05,2026,E,Edificio E — Budget Inn,Booking.com,OTA,cancellation,False,1,78.0,78.0,69749139,E-10
128663827,2026-05-02,2026-05-03,2026-05,2026,E,Edificio E — Budget Inn,Booking.com,OTA,reservation,True,1,78.0,78.0,72434820,E-07
129723020,2026-05-02,2026-05-03,2026-05,2026,E,Edificio E — Budget Inn,Booking.com,OTA,cancellation,False,1,60.0,60.0,26781166,E-13
134574357,2026-05-02,2026-05-03,2026-05,2026,C,Edificio C — Riverside,Airbnb,OTA,reservation,True,1,276.0,276.0,84092425,C-07
136682487,2026-05-02,2026-05-03,2026-05,2026,E,Edificio E — Budget Inn,Booking.com,OTA,reservation,True,1,78.0,78.0,37856636,E-12
136764662,2026-05-02,2026-05-03,2026-05,2026,E,Edificio E — Budget Inn,Booking.com,OTA,cancellation,False,1,78.0,78.0,52804726,E-09
136885327,2026-05-02,2026-05-03,2026-05,2026,E,Edificio E — Budget Inn,Direct booking,Directo,modification of booking,False,1,80.0,80.0,26635477,E-10
137108972,2026-05-02,2026-05-03,2026-05,2026,C,Edificio C — Riverside,Booking.com,OTA,reservation,True,1,213.3,213.3,65885249,C-02
137458667,2026-05-02,2026-05-03,2026-05,2026,C,Edificio C — Riverside,Booking.com,OTA,reservation,True,1,231.0,231.0,60461988,C-06
137507477,2026-05-02,2026-05-03,2026-05,2026,E,Edificio E — Budget Inn,Booking.com,OTA,reservation,True,1,59.0,59.0,31145851,E-05
129183027,2026-05-02,2026-05-04,2026-05,2026,D,Edificio D — Old Quarter,Website,Directo,reservation,True,2,691.0,345.5,25850144,D-02
134647527,2026-05-02,2026-05-04,2026-05,2026,E,Edificio E — Budget Inn,Booking.com,OTA,reservation,True,2,91.0,45.5,76452881,E-13
136179747,2026-05-02,2026-05-04,2026-05,2026,E,Edificio E — Budget Inn,Booking.com,OTA,reservation,True,2,100.0,50.0,66222773,E-14
137185077,2026-05-02,2026-05-04,2026-05,2026,E,Edificio E — Budget Inn,Booking.com,OTA,reservation,True,2,149.0,74.5,17441584,E-09
133255312,2026-05-02,2026-05-05,2026-05,2026,E,Edificio E — Budget Inn,Booking.com,OTA,modification of booking,False,3,141.0,47.0,36623153,E-01
133652697,2026-05-02,2026-05-05,2026-05,2026,B,Edificio B — City Center,Booking.com,OTA,reservation,True,3,543.0,181.0,10377653,B-08
130858150,2026-05-02,2026-05-08,2026-05,2026,C,Edificio C — Riverside,Booking.com,OTA,reservation,True,6,660.0,110.0,19710982,C-01
128777617,2026-05-03,2026-05-04,2026-05,2026,D,Edificio D — Old Quarter,Airbnb,OTA,reservation,True,1,187.0,187.0,36123844,D-01
129446695,2026-05-03,2026-05-04,2026-05,2026,E,Edificio E — Budget Inn,Booking.com,OTA,cancellation,False,1,49.2,49.2,26781166,E-06
129716380,2026-05-03,2026-05-04,2026-05,2026,B,Edificio B — City Center,Airbnb,OTA,reservation,True,1,237.0,237.0,45358092,B-05
132122502,2026-05-03,2026-05-04,2026-05,2026,B,Edificio B — City Center,Airbnb,OTA,reservation,True,1,147.0,147.0,76561883,B-01
133585732,2026-05-03,2026-05-04,2026-05,2026,C,Edificio C — Riverside,Booking.com,OTA,reservation,True,1,99.9,99.9,45365647,C-03
134097577,2026-05-03,2026-05-04,2026-05,2026,D,Edificio D — Old Quarter,Booking.com,OTA,reservation,True,1,95.0,95.0,83561493,D-05
134872107,2026-05-03,2026-05-04,2026-05,2026,A,Edificio A — Urban District,Booking.com,OTA,reservation,True,1,58.5,58.5,10914772,A-02
135025732,2026-05-03,2026-05-04,2026-05,2026,A,Edificio A — Urban District,Booking.com,OTA,reservation,True,1,72.0,72.0,90508441,A-01
136940472,2026-05-03,2026-05-04,2026-05,2026,B,Edificio B — City Center,Booking.com,OTA,reservation,True,1,95.0,95.0,22817906,B-02
137262257,2026-05-03,2026-05-04,2026-05,2026,E,Edificio E — Budget Inn,Booking.com,OTA,reservation,True,1,36.0,36.0,49123767,E-07
137653792,2026-05-03,2026-05-04,2026-05,2026,E,Edificio E — Budget Inn,Airbnb,OTA,reservation,True,1,41.0,41.0,60762574,E-04
137668847,2026-05-03,2026-05-04,2026-05,2026,B,Edificio B — City Center,Booking.com,OTA,reservation,True,1,65.0,65.0,84169931,B-06
137786112,2026-05-03,2026-05-04,2026-05,2026,E,Edificio E — Budget Inn,Booking.com,OTA,reservation,True,1,28.0,28.0,87873433,E-06
136492937,2026-04-22,2026-04-23,2026-04,2026,C,Edificio C — Riverside,Booking.com,OTA,reservation,True,1,58.5,58.5,28656166,C-03
136505357,2026-04-22,2026-04-23,2026-04,2026,D,Edificio D — Old Quarter,Booking.com,OTA,reservation,True,1,77.0,77.0,63204499,D-04
136566532,2026-04-22,2026-04-23,2026-04,2026,C,Edificio C — Riverside,Airbnb,OTA,reservation,True,1,59.0,59.0,30347998,C-09
136608717,2026-04-22,2026-04-23,2026-04,2026,C,Edificio C — Riverside,Booking.com,OTA,reservation,True,1,65.0,65.0,39249485,C-06
136614697,2026-04-22,2026-04-23,2026-04,2026,D,Edificio D — Old Quarter,Booking.com,OTA,reservation,True,1,54.0,54.0,78731449,D-07
129133892,2026-04-22,2026-04-24,2026-04,2026,D,Edificio D — Old Quarter,Airbnb,OTA,modification of booking,False,2,440.0,220.0,22496167,D-01
133133777,2026-04-22,2026-04-24,2026-04,2026,C,Edificio C — Riverside,Airbnb,OTA,reservation,True,2,170.0,85.0,38417327,C-01
135925637,2026-04-22,2026-04-24,2026-04,2026,E,Edificio E — Budget Inn,Booking.com,OTA,modification of booking,False,2,72.0,36.0,86892459,E-07
136229097,2026-04-22,2026-04-24,2026-04,2026,D,Edificio D — Old Quarter,Booking.com,OTA,reservation,True,2,220.0,110.0,41761366,D-03
125622031,2026-04-22,2026-04-26,2026-04,2026,E,Edificio E — Budget Inn,Booking.com,OTA,reservation,True,4,124.0,31.0,46967027,E-12
125622036,2026-04-22,2026-04-26,2026-04,2026,E,Edificio E — Budget Inn,Booking.com,OTA,reservation,True,4,178.0,44.5,46967027,E-09
125622041,2026-04-22,2026-04-26,2026-04,2026,E,Edificio E — Budget Inn,Booking.com,OTA,modification of booking,False,4,178.0,44.5,46967027,E-18
130874290,2026-04-22,2026-04-28,2026-04,2026,E,Edificio E — Budget Inn,Airbnb,OTA,reservation,True,6,250.0,41.66666666666666,17487583,E-13
125766066,2026-04-23,2026-04-24,2026-04,2026,E,Edificio E — Budget Inn,Booking.com,OTA,cancellation,False,1,41.0,41.0,37048575,E-07
125854661,2026-04-23,2026-04-24,2026-04,2026,E,Edificio E — Budget Inn,Booking.com,OTA,reservation,True,1,28.0,28.0,19133829,E-05
127752577,2026-04-23,2026-04-24,2026-04,2026,D,Edificio D — Old Quarter,Booking.com,OTA,cancellation,False,1,43.0,43.0,73464808,D-01
133240312,2026-04-23,2026-04-24,2026-04,2026,D,Edificio D — Old Quarter,Booking.com,OTA,reservation,True,1,95.0,95.0,10204170,D-05
134164437,2026-04-23,2026-04-24,2026-04,2026,E,Edificio E — Budget Inn,Booking.com,OTA,modification of booking,False,1,39.6,39.6,20323224,E-14
134974137,2026-04-23,2026-04-24,2026-04,2026,E,Edificio E — Budget Inn,Booking.com,OTA,modification of booking,False,1,39.6,39.6,48667371,E-03
135702142,2026-04-23,2026-04-24,2026-04,2026,E,Edificio E — Budget Inn,Booking.com,OTA,reservation,True,1,39.0,39.0,51225314,E-08
135872157,2026-04-23,2026-04-24,2026-04,2026,A,Edificio A — Urban District,Booking.com,OTA,reservation,True,1,53.1,53.1,91665991,A-02
135900307,2026-04-23,2026-04-24,2026-04,2026,D,Edificio D — Old Quarter,Airbnb,OTA,reservation,True,1,200.2,200.2,89315649,D-02
135936477,2026-04-23,2026-04-24,2026-04,2026,E,Edificio E — Budget Inn,Airbnb,OTA,reservation,True,1,39.0,39.0,78766487,E-04
135952997,2026-04-23,2026-04-24,2026-04,2026,E,Edificio E — Budget Inn,Booking.com,OTA,reservation,True,1,39.0,39.0,36040883,E-02
136021192,2026-04-23,2026-04-24,2026-04,2026,E,Edificio E — Budget Inn,Booking.com,OTA,modification of booking,False,1,39.0,39.0,78515282,E-10
136093372,2026-04-23,2026-04-24,2026-04,2026,D,Edificio D — Old Quarter,Airbnb,OTA,reservation,True,1,150.7,150.7,28603372,D-04
136347537,2026-04-23,2026-04-24,2026-04,2026,C,Edificio C — Riverside,Booking.com,OTA,reservation,True,1,77.0,77.0,69109343,C-06
127906637,2026-04-23,2026-04-25,2026-04,2026,D,Edificio D — Old Quarter,Booking.com,OTA,cancellation,False,2,146.4,73.2,15899125,D-07
131637445,2026-04-23,2026-04-25,2026-04,2026,C,Edificio C — Riverside,Booking.com,OTA,reservation,True,2,330.0,165.0,12952584,C-04
131729185,2026-04-23,2026-04-25,2026-04,2026,E,Edificio E — Budget Inn,Booking.com,OTA,reservation,True,2,92.0,46.0,91271417,E-06
128304802,2026-04-23,2026-04-26,2026-04,2026,B,Edificio B — City Center,Booking.com,OTA,modification of booking,False,3,505.0,168.33333333333334,65243769,B-09
128304807,2026-04-23,2026-04-26,2026-04,2026,B,Edificio B — City Center,Booking.com,OTA,modification of booking,False,3,490.0,163.33333333333334,67586209,B-02
128304812,2026-04-23,2026-04-26,2026-04,2026,B,Edificio B — City Center,Booking.com,OTA,modification of booking,False,3,505.0,168.33333333333334,24154598,B-03
128593227,2026-04-23,2026-04-26,2026-04,2026,B,Edificio B — City Center,Airbnb,OTA,reservation,True,3,1132.0,377.3333333333333,63009280,B-05
128645027,2026-04-23,2026-04-26,2026-04,2026,B,Edificio B — City Center,Airbnb,OTA,modification of booking,False,3,613.0,204.3333333333333,69385514,B-07
129030042,2026-04-23,2026-04-26,2026-04,2026,C,Edificio C — Riverside,Airbnb,OTA,reservation,True,3,415.0,138.33333333333334,56503723,C-08
129350575,2026-04-23,2026-04-26,2026-04,2026,C,Edificio C — Riverside,Booking.com,OTA,reservation,True,3,441.0,147.0,84986991,C-02
129350580,2026-04-23,2026-04-26,2026-04,2026,C,Edificio C — Riverside,Booking.com,OTA,reservation,True,3,441.0,147.0,84986991,C-03
129350585,2026-04-23,2026-04-26,2026-04,2026,C,Edificio C — Riverside,Booking.com,OTA,reservation,True,3,400.0,133.33333333333334,84986991,C-09
128050627,2026-04-23,2026-04-27,2026-04,2026,B,Edificio B — City Center,Booking.com,OTA,modification of booking,False,4,660.0,165.0,77337069,B-06
129458280,2026-04-23,2026-04-27,2026-04,2026,A,Edificio A — Urban District,Booking.com,OTA,reservation,True,4,383.4,95.85,19754046,A-01
133998552,2026-04-23,2026-04-28,2026-04,2026,D,Edificio D — Old Quarter,Booking.com,OTA,reservation,True,5,494.0,98.8,15041904,D-07
128342082,2026-04-24,2026-04-25,2026-04,2026,E,Edificio E — Budget Inn,Booking.com,OTA,cancellation,False,1,56.4,56.4,18326023,E-05
128405077,2026-04-24,2026-04-25,2026-04,2026,E,Edificio E — Budget Inn,Booking.com,OTA,reservation,True,1,47.0,47.0,85551447,E-01
134641462,2026-04-24,2026-04-25,2026-04,2026,B,Edificio B — City Center,Airbnb,OTA,reservation,True,1,189.0,189.0,87748919,B-08
135036207,2026-04-24,2026-04-25,2026-04,2026,E,Edificio E — Budget Inn,Booking.com,OTA,reservation,True,1,54.0,54.0,28167708,E-05
135927917,2026-04-24,2026-04-25,2026-04,2026,E,Edificio E — Budget Inn,Booking.com,OTA,reservation,True,1,48.0,48.0,87650253,E-03
136054792,2026-04-24,2026-04-25,2026-04,2026,E,Edificio E — Budget Inn,Airbnb,OTA,reservation,True,1,71.0,71.0,55849199,E-04
136204872,2026-04-24,2026-04-25,2026-04,2026,E,Edificio E — Budget Inn,Booking.com,OTA,reservation,True,1,71.0,71.0,86213523,E-10
136469412,2026-04-24,2026-04-25,2026-04,2026,E,Edificio E — Budget Inn,Booking.com,OTA,reservation,True,1,65.0,65.0,45745660,E-02
136626182,2026-04-24,2026-04-25,2026-04,2026,E,Edificio E — Budget Inn,Booking.com,OTA,reservation,True,1,65.0,65.0,65976655,E-08
136636622,2026-04-24,2026-04-25,2026-04,2026,E,Edificio E — Budget Inn,Booking.com,OTA,reservation,True,1,65.0,65.0,67606081,E-07
136679817,2026-04-24,2026-04-25,2026-04,2026,D,Edificio D — Old Quarter,Direct booking,Directo,modification of booking,False,1,125.0,125.0,74239150,D-08
136866772,2026-04-24,2026-04-25,2026-04,2026,B,Edificio B — City Center,Booking.com,OTA,reservation,True,1,130.0,130.0,95263572,B-04
136878412,2026-04-24,2026-04-25,2026-04,2026,D,Edificio D — Old Quarter,Booking.com,OTA,reservation,True,1,118.0,118.0,67185602,D-02
123282771,2026-04-24,2026-04-26,2026-04,2026,D,Edificio D — Old Quarter,Booking.com,OTA,cancellation,False,2,2548.8,1274.4,68552449,D-03
123282776,2026-04-24,2026-04-26,2026-04,2026,D,Edificio D — Old Quarter,Booking.com,OTA,cancellation,False,2,2548.8,1274.4,68552449,D-02
125496306,2026-04-24,2026-04-26,2026-04,2026,E,Edificio E — Budget Inn,Booking.com,OTA,cancellation,False,2,96.0,48.0,45827025,E-02
125577356,2026-04-24,2026-04-26,2026-04,2026,E,Edificio E — Budget Inn,Booking.com,OTA,cancellation,False,2,96.0,48.0,31832766,E-08
129837800,2026-04-24,2026-04-26,2026-04,2026,C,Edificio C — Riverside,Booking.com,OTA,cancellation,False,2,426.0,213.0,19016832,C-06
131379950,2026-04-24,2026-04-26,2026-04,2026,E,Edificio E — Budget Inn,Booking.com,OTA,reservation,True,2,118.0,59.0,85358082,E-14
131598100,2026-04-24,2026-04-26,2026-04,2026,C,Edificio C — Riverside,Booking.com,OTA,reservation,True,2,330.0,165.0,30872320,C-06
131923012,2026-04-24,2026-04-26,2026-04,2026,A,Edificio A — Urban District,Booking.com,OTA,cancellation,False,2,386.64,193.32,11834896,A-02
132761987,2026-04-24,2026-04-26,2026-04,2026,C,Edificio C — Riverside,Booking.com,OTA,reservation,True,2,372.0,186.0,82570386,C-05
133207272,2026-04-24,2026-04-26,2026-04,2026,D,Edificio D — Old Quarter,Booking.com,OTA,modification of booking,False,2,397.0,198.5,76268189,D-05
133207277,2026-04-24,2026-04-26,2026-04,2026,D,Edificio D — Old Quarter,Booking.com,OTA,reservation,True,2,993.0,496.5,76268189,D-03
133521417,2026-04-24,2026-04-26,2026-04,2026,C,Edificio C — Riverside,Airbnb,OTA,reservation,True,2,342.0,171.0,51389481,C-01
136300782,2026-04-24,2026-04-26,2026-04,2026,D,Edificio D — Old Quarter,Airbnb,OTA,reservation,True,2,598.4,299.2,19146821,D-01
134604692,2026-04-24,2026-04-27,2026-04,2026,A,Edificio A — Urban District,Booking.com,OTA,reservation,True,3,384.3,128.1,43402347,A-02
125626056,2026-04-25,2026-04-26,2026-04,2026,E,Edificio E — Budget Inn,Booking.com,OTA,modification of booking,False,1,34.0,34.0,74163918,E-01
125663331,2026-04-25,2026-04-26,2026-04,2026,E,Edificio E — Budget Inn,Booking.com,OTA,reservation,True,1,34.0,34.0,63212045,E-03
125663336,2026-04-25,2026-04-26,2026-04,2026,E,Edificio E — Budget Inn,Booking.com,OTA,reservation,True,1,48.0,48.0,28580539,E-04
125698191,2026-04-25,2026-04-26,2026-04,2026,E,Edificio E — Budget Inn,Booking.com,OTA,cancellation,False,1,48.0,48.0,40044815,E-07
125777781,2026-04-25,2026-04-26,2026-04,2026,E,Edificio E — Budget Inn,Booking.com,OTA,reservation,True,1,48.0,48.0,19777103,E-10
127657242,2026-04-25,2026-04-26,2026-04,2026,D,Edificio D — Old Quarter,Booking.com,OTA,cancellation,False,1,73.0,73.0,23281234,D-07
128421852,2026-04-25,2026-04-26,2026-04,2026,D,Edificio D — Old Quarter,Direct booking,Directo,modification of booking,False,1,389.0,389.0,28059847,D-02
128421997,2026-04-25,2026-04-26,2026-04,2026,D,Edificio D — Old Quarter,Direct booking,Directo,reservation,True,1,389.0,389.0,28059847,D-04
128836982,2026-04-25,2026-04-26,2026-04,2026,E,Edificio E — Budget Inn,Booking.com,OTA,reservation,True,1,77.0,77.0,66400629,E-07
130638145,2026-04-25,2026-04-26,2026-04,2026,E,Edificio E — Budget Inn,Booking.com,OTA,reservation,True,1,99.6,99.6,32896532,E-08
131731385,2026-04-25,2026-04-26,2026-04,2026,E,Edificio E — Budget Inn,Booking.com,OTA,modification of booking,False,1,54.0,54.0,23009632,E-06
132304552,2026-04-25,2026-04-26,2026-04,2026,E,Edificio E — Budget Inn,Booking.com,OTA,reservation,True,1,59.0,59.0,19545633,E-05
132680227,2026-04-25,2026-04-26,2026-04,2026,C,Edificio C — Riverside,Booking.com,OTA,reservation,True,1,207.0,207.0,45532864,C-04
133604507,2026-04-25,2026-04-26,2026-04,2026,E,Edificio E — Budget Inn,Booking.com,OTA,reservation,True,1,106.8,106.8,46632922,E-02
135568047,2026-04-25,2026-04-26,2026-04,2026,D,Edificio D — Old Quarter,Booking.com,OTA,modification of booking,False,1,177.0,177.0,53639196,D-08
136440742,2026-04-25,2026-04-26,2026-04,2026,E,Edificio E — Budget Inn,Booking.com,OTA,reservation,True,1,89.0,89.0,70111533,E-11
127971782,2026-04-25,2026-04-28,2026-04,2026,B,Edificio B — City Center,Booking.com,OTA,reservation,True,3,350.0,116.66666666666669,28966602,B-08
128714222,2026-04-25,2026-04-28,2026-04,2026,B,Edificio B — City Center,Booking.com,OTA,modification of booking,False,3,387.0,129.0,60920082,B-04
133454237,2026-04-25,2026-04-28,2026-04,2026,C,Edificio C — Riverside,Booking.com,OTA,reservation,True,3,392.0,130.66666666666666,83402272,C-07
136972367,2026-04-25,2026-04-28,2026-04,2026,OTRO,Otros,Direct booking,Directo,modification of booking,False,3,75.0,25.0,64274191,OTRO-02
129972165,2026-04-26,2026-04-27,2026-04,2026,D,Edificio D — Old Quarter,Booking.com,OTA,reservation,True,1,80.0,80.0,73866503,D-05
133700752,2026-04-26,2026-04-27,2026-04,2026,E,Edificio E — Budget Inn,Booking.com,OTA,reservation,True,1,33.0,33.0,22689542,E-01
134790182,2026-04-26,2026-04-27,2026-04,2026,E,Edificio E — Budget Inn,Booking.com,OTA,reservation,True,1,42.0,42.0,91159485,E-09
135246717,2026-04-26,2026-04-27,2026-04,2026,B,Edificio B — City Center,Booking.com,OTA,reservation,True,1,115.0,115.0,56681772,B-07
135411427,2026-04-26,2026-04-27,2026-04,2026,C,Edificio C — Riverside,Airbnb,OTA,reservation,True,1,85.0,85.0,30947758,C-08
135549177,2026-04-26,2026-04-27,2026-04,2026,B,Edificio B — City Center,Airbnb,OTA,reservation,True,1,89.0,89.0,81046031,B-03
135561447,2026-04-26,2026-04-27,2026-04,2026,OTRO,Otros,Direct booking,Directo,reservation,True,1,25.0,25.0,57786705,OTRO-01
136003142,2026-04-26,2026-04-27,2026-04,2026,E,Edificio E — Budget Inn,Booking.com,OTA,reservation,True,1,29.0,29.0,38694726,E-06
136120392,2026-04-26,2026-04-27,2026-04,2026,C,Edificio C — Riverside,Booking.com,OTA,reservation,True,1,86.0,86.0,59173684,C-04
136611252,2026-04-26,2026-04-27,2026-04,2026,E,Edificio E — Budget Inn,Airbnb,OTA,reservation,True,1,26.0,26.0,42036292,E-05
136681577,2026-04-26,2026-04-27,2026-04,2026,B,Edificio B — City Center,Booking.com,OTA,reservation,True,1,95.0,95.0,86143285,B-05
133477552,2026-04-18,2026-04-24,2026-04,2026,B,Edificio B — City Center,Booking.com,OTA,modification of booking,False,6,912.0,152.0,49242531,B-04
129769675,2026-04-19,2026-04-20,2026-04,2026,E,Edificio E — Budget Inn,Booking.com,OTA,reservation,True,1,50.4,50.4,57899293,E-04
132185902,2026-04-19,2026-04-20,2026-04,2026,A,Edificio A — Urban District,Booking.com,OTA,reservation,True,1,60.3,60.3,53937706,A-01
135466497,2026-04-19,2026-04-20,2026-04,2026,E,Edificio E — Budget Inn,Booking.com,OTA,reservation,True,1,36.0,36.0,31424110,E-11
135724337,2026-04-19,2026-04-20,2026-04,2026,E,Edificio E — Budget Inn,Booking.com,OTA,reservation,True,1,28.0,28.0,89856481,E-06
135949967,2026-04-19,2026-04-20,2026-04,2026,C,Edificio C — Riverside,Booking.com,OTA,reservation,True,1,53.1,53.1,90967078,C-02
136040517,2026-04-19,2026-04-20,2026-04,2026,D,Edificio D — Old Quarter,Booking.com,OTA,reservation,True,1,74.0,74.0,52781878,D-07
136087397,2026-04-19,2026-04-20,2026-04,2026,C,Edificio C — Riverside,Booking.com,OTA,reservation,True,1,65.0,65.0,40190825,C-05
136108252,2026-04-19,2026-04-20,2026-04,2026,B,Edificio B — City Center,Airbnb,OTA,reservation,True,1,85.0,85.0,88722277,B-09
136118742,2026-04-19,2026-04-20,2026-04,2026,E,Edificio E — Budget Inn,Booking.com,OTA,reservation,True,1,42.0,42.0,42126017,E-02
136121637,2026-04-19,2026-04-20,2026-04,2026,D,Edificio D — Old Quarter,Booking.com,OTA,reservation,True,1,71.0,71.0,14387110,D-04
128820002,2026-04-19,2026-04-21,2026-04,2026,C,Edificio C — Riverside,Airbnb,OTA,reservation,True,2,200.0,100.0,61652238,C-01
130005220,2026-04-19,2026-04-21,2026-04,2026,E,Edificio E — Budget Inn,Booking.com,OTA,reservation,True,2,66.0,33.0,49548064,E-14
133172417,2026-04-19,2026-04-21,2026-04,2026,E,Edificio E — Budget Inn,Airbnb,OTA,reservation,True,2,66.0,33.0,39272363,E-12
133617347,2026-04-19,2026-04-21,2026-04,2026,C,Edificio C — Riverside,Airbnb,OTA,modification of booking,False,2,160.0,80.0,58362739,C-03
135582742,2026-04-19,2026-04-21,2026-04,2026,C,Edificio C — Riverside,Website,Directo,reservation,True,2,137.0,68.5,60642547,C-06
135962587,2026-04-19,2026-04-21,2026-04,2026,B,Edificio B — City Center,Booking.com,OTA,reservation,True,2,136.0,68.0,47806440,B-03
135980217,2026-04-19,2026-04-21,2026-04,2026,D,Edificio D — Old Quarter,Booking.com,OTA,reservation,True,2,268.0,134.0,49161112,D-02
135991827,2026-04-19,2026-04-21,2026-04,2026,C,Edificio C — Riverside,Booking.com,OTA,reservation,True,2,124.0,62.0,69740994,C-09
136128067,2026-04-19,2026-04-21,2026-04,2026,OTRO,Otros,Direct booking,Directo,modification of booking,False,2,50.0,25.0,54118656,OTRO-02
127782097,2026-04-19,2026-04-22,2026-04,2026,B,Edificio B — City Center,Booking.com,OTA,cancellation,False,3,351.0,117.0,85565830,B-03
131833715,2026-04-19,2026-04-22,2026-04,2026,E,Edificio E — Budget Inn,Booking.com,OTA,modification of booking,False,3,126.0,42.0,65386408,E-18
134966387,2026-04-19,2026-04-22,2026-04,2026,D,Edificio D — Old Quarter,Booking.com,OTA,reservation,True,3,240.0,80.0,36712265,D-05
135405522,2026-04-19,2026-04-22,2026-04,2026,E,Edificio E — Budget Inn,Booking.com,OTA,reservation,True,3,90.0,30.0,13153945,E-03
135983467,2026-04-19,2026-04-22,2026-04,2026,D,Edificio D — Old Quarter,Airbnb,OTA,reservation,True,3,303.6,101.2,46464606,D-01
130245535,2026-04-19,2026-04-24,2026-04,2026,B,Edificio B — City Center,Booking.com,OTA,reservation,True,5,535.0,107.0,80984911,B-08
135499722,2026-04-19,2026-04-24,2026-04,2026,D,Edificio D — Old Quarter,Booking.com,OTA,reservation,True,5,400.0,80.0,17278063,D-08
132294922,2026-04-19,2026-04-25,2026-04,2026,C,Edificio C — Riverside,Airbnb,OTA,reservation,True,6,590.0,98.33333333333331,46236024,C-07
131321875,2026-04-20,2026-04-21,2026-04,2026,E,Edificio E — Budget Inn,Booking.com,OTA,reservation,True,1,33.0,33.0,10651355,E-05
133024747,2026-04-20,2026-04-21,2026-04,2026,B,Edificio B — City Center,Airbnb,OTA,reservation,True,1,101.0,101.0,10866544,B-06
134609327,2026-04-20,2026-04-21,2026-04,2026,A,Edificio A — Urban District,Booking.com,OTA,reservation,True,1,66.6,66.6,12834482,A-02
134889717,2026-04-20,2026-04-21,2026-04,2026,D,Edificio D — Old Quarter,Website,Directo,reservation,True,1,59.0,59.0,10722616,D-07
135350922,2026-04-20,2026-04-21,2026-04,2026,C,Edificio C — Riverside,Booking.com,OTA,reservation,True,1,69.3,69.3,20803558,C-02
135690017,2026-04-20,2026-04-21,2026-04,2026,E,Edificio E — Budget Inn,Booking.com,OTA,reservation,True,1,30.0,30.0,49018168,E-13
135752347,2026-04-20,2026-04-21,2026-04,2026,E,Edificio E — Budget Inn,Booking.com,OTA,reservation,True,1,28.0,28.0,61463892,E-06
136081652,2026-04-20,2026-04-21,2026-04,2026,E,Edificio E — Budget Inn,Booking.com,OTA,cancellation,False,1,32.0,32.0,36778276,E-04
136153957,2026-04-20,2026-04-21,2026-04,2026,E,Edificio E — Budget Inn,Booking.com,OTA,reservation,True,1,32.0,32.0,26046958,E-11
136239337,2026-04-20,2026-04-21,2026-04,2026,B,Edificio B — City Center,Booking.com,OTA,reservation,True,1,71.0,71.0,32101035,B-01
136272672,2026-04-20,2026-04-21,2026-04,2026,E,Edificio E — Budget Inn,Booking.com,OTA,reservation,True,1,32.0,32.0,28373989,E-02
136286832,2026-04-20,2026-04-21,2026-04,2026,E,Edificio E — Budget Inn,Booking.com,OTA,reservation,True,1,32.0,32.0,71985142,E-10
136305417,2026-04-20,2026-04-21,2026-04,2026,D,Edificio D — Old Quarter,Booking.com,OTA,reservation,True,1,77.0,77.0,52931669,D-04
136354317,2026-04-20,2026-04-21,2026-04,2026,C,Edificio C — Riverside,Booking.com,OTA,reservation,True,1,95.0,95.0,13455254,C-08
135378842,2026-04-20,2026-04-22,2026-04,2026,E,Edificio E — Budget Inn,Booking.com,OTA,reservation,True,2,78.0,39.0,54583790,E-09
135925112,2026-04-20,2026-04-22,2026-04,2026,E,Edificio E — Budget Inn,Booking.com,OTA,reservation,True,2,64.0,32.0,86892459,E-07
129102292,2026-04-20,2026-04-23,2026-04,2026,B,Edificio B — City Center,Website,Directo,reservation,True,3,252.0,84.0,14846011,B-07
130213825,2026-04-20,2026-04-23,2026-04,2026,A,Edificio A — Urban District,Booking.com,OTA,cancellation,False,3,241.2,80.39999999999999,48299802,A-01
132735137,2026-04-20,2026-04-23,2026-04,2026,B,Edificio B — City Center,Airbnb,OTA,reservation,True,3,285.0,95.0,26630004,B-09
130177965,2026-04-20,2026-04-24,2026-04,2026,C,Edificio C — Riverside,Airbnb,OTA,reservation,True,4,340.0,85.0,43556167,C-05
128581887,2026-04-21,2026-04-22,2026-04,2026,E,Edificio E — Budget Inn,Booking.com,OTA,cancellation,False,1,39.6,39.6,76532911,E-03
128581892,2026-04-21,2026-04-22,2026-04,2026,E,Edificio E — Budget Inn,Booking.com,OTA,cancellation,False,1,50.4,50.4,76532911,E-11
128581897,2026-04-21,2026-04-22,2026-04,2026,E,Edificio E — Budget Inn,Booking.com,OTA,cancellation,False,1,50.4,50.4,76532911,E-10
131113155,2026-04-21,2026-04-22,2026-04,2026,C,Edificio C — Riverside,Booking.com,OTA,reservation,True,1,102.0,102.0,56470250,C-08
131849217,2026-04-21,2026-04-22,2026-04,2026,E,Edificio E — Budget Inn,Booking.com,OTA,modification of booking,False,1,33.0,33.0,45569266,E-13
132581932,2026-04-21,2026-04-22,2026-04,2026,E,Edificio E — Budget Inn,Booking.com,OTA,cancellation,False,1,50.4,50.4,48718244,E-09
132581937,2026-04-21,2026-04-22,2026-04,2026,E,Edificio E — Budget Inn,Booking.com,OTA,cancellation,False,1,50.4,50.4,48718244,E-08
132581942,2026-04-21,2026-04-22,2026-04,2026,E,Edificio E — Budget Inn,Booking.com,OTA,cancellation,False,1,50.4,50.4,48718244,E-07
133276222,2026-04-21,2026-04-22,2026-04,2026,E,Edificio E — Budget Inn,Booking.com,OTA,reservation,True,1,33.0,33.0,81783794,E-06
134888012,2026-04-21,2026-04-22,2026-04,2026,C,Edificio C — Riverside,Airbnb,OTA,reservation,True,1,105.0,105.0,70906156,C-01
135458427,2026-04-21,2026-04-22,2026-04,2026,E,Edificio E — Budget Inn,Booking.com,OTA,reservation,True,1,30.0,30.0,87459985,E-12
135561222,2026-04-21,2026-04-22,2026-04,2026,E,Edificio E — Budget Inn,Airbnb,OTA,reservation,True,1,44.0,44.0,34044532,E-04
135587227,2026-04-21,2026-04-22,2026-04,2026,B,Edificio B — City Center,Airbnb,OTA,modification of booking,False,1,150.0,150.0,83631826,B-05
135707607,2026-04-21,2026-04-22,2026-04,2026,E,Edificio E — Budget Inn,Booking.com,OTA,reservation,True,1,39.0,39.0,30420214,E-08
135747967,2026-04-21,2026-04-22,2026-04,2026,E,Edificio E — Budget Inn,Booking.com,OTA,reservation,True,1,30.0,30.0,84909455,E-05
135797737,2026-04-21,2026-04-22,2026-04,2026,E,Edificio E — Budget Inn,Booking.com,OTA,reservation,True,1,30.0,30.0,26281020,E-14
135924212,2026-04-21,2026-04-22,2026-04,2026,E,Edificio E — Budget Inn,Booking.com,OTA,reservation,True,1,32.0,32.0,14283814,E-10
135947692,2026-04-21,2026-04-22,2026-04,2026,B,Edificio B — City Center,Booking.com,OTA,reservation,True,1,77.0,77.0,20327589,B-02
135982332,2026-04-21,2026-04-22,2026-04,2026,OTRO,Otros,Direct booking,Directo,reservation,True,1,25.0,25.0,81039238,OTRO-01
136013427,2026-04-21,2026-04-22,2026-04,2026,C,Edificio C — Riverside,Booking.com,OTA,modification of booking,False,1,69.3,69.3,70008581,C-02
136120407,2026-04-21,2026-04-22,2026-04,2026,B,Edificio B — City Center,Booking.com,OTA,reservation,True,1,83.0,83.0,48109008,B-06
136139077,2026-04-21,2026-04-22,2026-04,2026,E,Edificio E — Budget Inn,Booking.com,OTA,reservation,True,1,42.0,42.0,56615707,E-02
136201187,2026-04-21,2026-04-22,2026-04,2026,C,Edificio C — Riverside,Booking.com,OTA,reservation,True,1,77.0,77.0,14084403,C-06
136268067,2026-04-21,2026-04-22,2026-04,2026,D,Edificio D — Old Quarter,Airbnb,OTA,reservation,True,1,101.2,101.2,60611721,D-02
136289427,2026-04-21,2026-04-22,2026-04,2026,C,Edificio C — Riverside,Booking.com,OTA,reservation,True,1,65.0,65.0,63328827,C-03
136366472,2026-04-21,2026-04-22,2026-04,2026,C,Edificio C — Riverside,Booking.com,OTA,reservation,True,1,65.0,65.0,42687245,C-09
136374482,2026-04-21,2026-04-22,2026-04,2026,D,Edificio D — Old Quarter,Airbnb,OTA,reservation,True,1,101.2,101.2,91267524,D-04
136392322,2026-04-21,2026-04-22,2026-04,2026,OTRO,Otros,Booking.com,OTA,modification of booking,False,1,74.0,74.0,46087409,OTRO-03
136412047,2026-04-21,2026-04-22,2026-04,2026,D,Edificio D — Old Quarter,Airbnb,OTA,reservation,True,1,101.2,101.2,41496290,D-03
136482137,2026-04-21,2026-04-22,2026-04,2026,A,Edificio A — Urban District,Booking.com,OTA,reservation,True,1,60.3,60.3,23204865,A-01
136492282,2026-04-21,2026-04-22,2026-04,2026,D,Edificio D — Old Quarter,Website,Directo,reservation,True,1,60.0,60.0,82280739,D-07
130593790,2026-04-21,2026-04-23,2026-04,2026,B,Edificio B — City Center,Booking.com,OTA,reservation,True,2,210.0,105.0,77514285,B-03
133659487,2026-04-21,2026-04-23,2026-04,2026,A,Edificio A — Urban District,Booking.com,OTA,reservation,True,2,148.0,74.0,54443688,A-02
132929257,2026-04-21,2026-04-24,2026-04,2026,E,Edificio E — Budget Inn,Booking.com,OTA,reservation,True,3,99.0,33.0,41898724,E-01
135265552,2026-04-21,2026-04-25,2026-04,2026,E,Edificio E — Budget Inn,Booking.com,OTA,reservation,True,4,194.0,48.5,64062264,E-11
128332872,2026-04-21,2026-04-28,2026-04,2026,B,Edificio B — City Center,Booking.com,OTA,modification of booking,False,7,1009.2,144.17142857142858,54696652,B-01
130612245,2026-04-22,2026-04-23,2026-04,2026,C,Edificio C — Riverside,Airbnb,OTA,modification of booking,False,1,105.0,105.0,64593939,C-08
130712520,2026-04-22,2026-04-23,2026-04,2026,B,Edificio B — City Center,Airbnb,OTA,reservation,True,1,141.0,141.0,89926318,B-06
131897182,2026-04-22,2026-04-23,2026-04,2026,E,Edificio E — Budget Inn,Booking.com,OTA,reservation,True,1,50.4,50.4,49991762,E-04
132663017,2026-04-22,2026-04-23,2026-04,2026,E,Edificio E — Budget Inn,Booking.com,OTA,cancellation,False,1,50.4,50.4,82649998,E-08
132904502,2026-04-22,2026-04-23,2026-04,2026,B,Edificio B — City Center,Booking.com,OTA,reservation,True,1,89.0,89.0,30597083,B-02
135636152,2026-04-22,2026-04-23,2026-04,2026,B,Edificio B — City Center,Airbnb,OTA,reservation,True,1,130.0,130.0,35657700,B-05
135935947,2026-04-22,2026-04-23,2026-04,2026,E,Edificio E — Budget Inn,Airbnb,OTA,reservation,True,1,30.0,30.0,55112344,E-05
135957452,2026-04-22,2026-04-23,2026-04,2026,C,Edificio C — Riverside,Booking.com,OTA,reservation,True,1,69.3,69.3,53851531,C-02
136049367,2026-04-22,2026-04-23,2026-04,2026,E,Edificio E — Budget Inn,Booking.com,OTA,cancellation,False,1,36.0,36.0,38669348,E-08
136152432,2026-04-22,2026-04-23,2026-04,2026,E,Edificio E — Budget Inn,Booking.com,OTA,reservation,True,1,30.0,30.0,53799728,E-06
136190647,2026-04-22,2026-04-23,2026-04,2026,E,Edificio E — Budget Inn,Booking.com,OTA,reservation,True,1,30.0,30.0,29996189,E-14
136219842,2026-04-22,2026-04-23,2026-04,2026,E,Edificio E — Budget Inn,Booking.com,OTA,reservation,True,1,30.0,30.0,17480369,E-03
136341302,2026-04-22,2026-04-23,2026-04,2026,E,Edificio E — Budget Inn,Booking.com,OTA,reservation,True,1,36.0,36.0,50453416,E-02
136444537,2026-04-22,2026-04-23,2026-04,2026,D,Edificio D — Old Quarter,Booking.com,OTA,reservation,True,1,65.0,65.0,86293739,D-05
136467247,2026-04-22,2026-04-23,2026-04,2026,E,Edificio E — Budget Inn,Booking.com,OTA,reservation,True,1,36.0,36.0,45745660,E-10
136490182,2026-04-22,2026-04-23,2026-04,2026,A,Edificio A — Urban District,Booking.com,OTA,reservation,True,1,60.3,60.3,73240041,A-01
137803407,2026-05-03,2026-05-04,2026-05,2026,D,Edificio D — Old Quarter,Booking.com,OTA,reservation,True,1,54.0,54.0,28918248,D-07
137819312,2026-05-03,2026-05-04,2026-05,2026,B,Edificio B — City Center,Airbnb,OTA,reservation,True,1,65.0,65.0,86685510,B-09
137860667,2026-05-03,2026-05-04,2026-05,2026,E,Edificio E — Budget Inn,Booking.com,OTA,reservation,True,1,32.0,32.0,80577552,E-08
137875947,2026-05-03,2026-05-04,2026-05,2026,C,Edificio C — Riverside,Booking.com,OTA,reservation,True,1,48.6,48.6,63075348,C-02
137169007,2026-05-03,2026-05-05,2026-05,2026,E,Edificio E — Budget Inn,Booking.com,OTA,reservation,True,2,64.0,32.0,47156971,E-03
128850757,2026-05-03,2026-05-06,2026-05,2026,B,Edificio B — City Center,Booking.com,OTA,reservation,True,3,255.0,85.0,53219287,B-04
134047567,2026-05-03,2026-05-06,2026-05,2026,E,Edificio E — Budget Inn,Booking.com,OTA,modification of booking,False,3,180.0,60.0,78233668,E-10
135618327,2026-05-03,2026-05-07,2026-05,2026,E,Edificio E — Budget Inn,Airbnb,OTA,reservation,True,4,164.0,41.0,40718434,E-05
137346377,2026-05-03,2026-05-08,2026-05,2026,E,Edificio E — Budget Inn,Booking.com,OTA,reservation,True,5,156.0,31.2,18398662,E-12
128258342,2026-05-04,2026-05-05,2026-05,2026,B,Edificio B — City Center,Airbnb,OTA,reservation,True,1,100.0,100.0,30395910,B-06
128940942,2026-05-04,2026-05-05,2026-05,2026,C,Edificio C — Riverside,Airbnb,OTA,reservation,True,1,85.0,85.0,35820355,C-08
128966477,2026-05-04,2026-05-05,2026-05,2026,B,Edificio B — City Center,Booking.com,OTA,reservation,True,1,80.0,80.0,77815903,B-02
130828900,2026-05-04,2026-05-05,2026-05,2026,A,Edificio A — Urban District,Booking.com,OTA,reservation,True,1,58.5,58.5,17767057,A-01
131534280,2026-05-04,2026-05-05,2026-05,2026,B,Edificio B — City Center,Airbnb,OTA,reservation,True,1,217.0,217.0,67479052,B-05
135578702,2026-05-04,2026-05-05,2026-05,2026,E,Edificio E — Budget Inn,Booking.com,OTA,reservation,True,1,50.0,50.0,64377512,E-08
136518987,2026-05-04,2026-05-05,2026-05,2026,C,Edificio C — Riverside,Booking.com,OTA,reservation,True,1,99.0,99.0,26427460,C-03
136518992,2026-05-04,2026-05-05,2026-05,2026,C,Edificio C — Riverside,Booking.com,OTA,reservation,True,1,85.0,85.0,26427460,C-04
136560427,2026-05-04,2026-05-05,2026-05,2026,E,Edificio E — Budget Inn,Booking.com,OTA,reservation,True,1,50.0,50.0,20850249,E-04
136809332,2026-05-04,2026-05-05,2026-05,2026,B,Edificio B — City Center,Airbnb,OTA,reservation,True,1,101.0,101.0,45331689,B-03
137513477,2026-05-04,2026-05-05,2026-05,2026,D,Edificio D — Old Quarter,Airbnb,OTA,reservation,True,1,150.7,150.7,23124418,D-01
137656162,2026-05-04,2026-05-05,2026-05,2026,C,Edificio C — Riverside,Airbnb,OTA,reservation,True,1,65.0,65.0,10531384,C-02
137660022,2026-05-04,2026-05-05,2026-05,2026,OTRO,Otros,Direct booking,Directo,modification of booking,False,1,25.0,25.0,21814998,OTRO-02
130140950,2026-05-04,2026-05-06,2026-05,2026,B,Edificio B — City Center,Booking.com,OTA,reservation,True,2,242.4,121.2,76535244,B-09
131485165,2026-05-04,2026-05-06,2026-05,2026,B,Edificio B — City Center,Airbnb,OTA,reservation,True,2,236.0,118.0,78850866,B-07
133447752,2026-05-04,2026-05-06,2026-05,2026,C,Edificio C — Riverside,Airbnb,OTA,reservation,True,2,170.0,85.0,86943703,C-07
137745062,2026-05-04,2026-05-06,2026-05,2026,E,Edificio E — Budget Inn,Airbnb,OTA,reservation,True,2,60.0,30.0,50256159,E-13
137815192,2026-05-04,2026-05-06,2026-05,2026,E,Edificio E — Budget Inn,Booking.com,OTA,reservation,True,2,72.0,36.0,83345244,E-09
137833712,2026-05-04,2026-05-06,2026-05,2026,C,Edificio C — Riverside,Booking.com,OTA,reservation,True,2,136.0,68.0,17455603,C-09
131340145,2026-05-04,2026-05-07,2026-05,2026,C,Edificio C — Riverside,Booking.com,OTA,reservation,True,3,306.0,102.0,70484757,C-05
137421832,2026-05-04,2026-05-07,2026-05,2026,E,Edificio E — Budget Inn,Booking.com,OTA,reservation,True,3,96.0,32.0,36460690,E-06
128492382,2026-05-04,2026-05-08,2026-05,2026,B,Edificio B — City Center,Booking.com,OTA,reservation,True,4,360.0,90.0,18602052,B-01
128880347,2026-05-04,2026-05-08,2026-05,2026,D,Edificio D — Old Quarter,Booking.com,OTA,reservation,True,4,320.0,80.0,43927505,D-08
131234710,2026-05-04,2026-05-08,2026-05,2026,A,Edificio A — Urban District,Booking.com,OTA,reservation,True,4,336.0,84.0,73810309,A-02
132686687,2026-05-04,2026-05-08,2026-05,2026,C,Edificio C — Riverside,Booking.com,OTA,cancellation,False,4,408.0,102.0,86432508,C-07
137481412,2026-05-04,2026-05-08,2026-05,2026,E,Edificio E — Budget Inn,Booking.com,OTA,reservation,True,4,137.0,34.25,60145714,E-14
131029455,2026-05-04,2026-05-09,2026-05,2026,C,Edificio C — Riverside,Booking.com,OTA,reservation,True,5,576.0,115.2,31110954,C-06
129814865,2026-05-05,2026-05-06,2026-05,2026,D,Edificio D — Old Quarter,Booking.com,OTA,reservation,True,1,95.0,95.0,76857996,D-05
130114610,2026-05-05,2026-05-06,2026-05,2026,E,Edificio E — Budget Inn,Airbnb,OTA,reservation,True,1,55.0,55.0,73422554,E-04
130695245,2026-05-05,2026-05-06,2026-05,2026,B,Edificio B — City Center,Airbnb,OTA,cancellation,False,1,101.0,101.0,44245637,B-06
132635767,2026-05-05,2026-05-06,2026-05,2026,C,Edificio C — Riverside,Airbnb,OTA,reservation,True,1,100.0,100.0,21599633,C-03
134516077,2026-05-05,2026-05-06,2026-05,2026,C,Edificio C — Riverside,Airbnb,OTA,reservation,True,1,85.0,85.0,87021453,C-04
137707922,2026-05-05,2026-05-06,2026-05,2026,B,Edificio B — City Center,Booking.com,OTA,reservation,True,1,89.0,89.0,14561540,B-02
137761717,2026-05-05,2026-05-06,2026-05,2026,B,Edificio B — City Center,Airbnb,OTA,reservation,True,1,83.0,83.0,69970793,B-06
137763507,2026-05-05,2026-05-06,2026-05,2026,E,Edificio E — Budget Inn,Booking.com,OTA,reservation,True,1,36.0,36.0,44974459,E-11
137821702,2026-05-05,2026-05-06,2026-05,2026,E,Edificio E — Budget Inn,Booking.com,OTA,reservation,True,1,36.0,36.0,23282995,E-08
137891512,2026-05-05,2026-05-06,2026-05,2026,C,Edificio C — Riverside,Booking.com,OTA,reservation,True,1,63.9,63.9,13061960,C-02
129288787,2026-05-05,2026-05-07,2026-05,2026,B,Edificio B — City Center,Airbnb,OTA,reservation,True,2,354.0,177.0,51420337,B-05
129310457,2026-05-05,2026-05-07,2026-05,2026,OTRO,Otros,Direct booking,Directo,modification of booking,False,2,50.0,25.0,65805813,OTRO-01
129671290,2026-05-05,2026-05-07,2026-05,2026,D,Edificio D — Old Quarter,Booking.com,OTA,reservation,True,2,280.0,140.0,63299631,D-03
129021532,2026-05-05,2026-05-08,2026-05,2026,B,Edificio B — City Center,Booking.com,OTA,reservation,True,3,270.0,90.0,35385081,B-08
129744630,2026-05-05,2026-05-08,2026-05,2026,D,Edificio D — Old Quarter,Booking.com,OTA,reservation,True,3,255.0,85.0,81151770,D-07
129800385,2026-05-05,2026-05-08,2026-05,2026,B,Edificio B — City Center,Airbnb,OTA,reservation,True,3,303.0,101.0,59148008,B-03
131437865,2026-05-05,2026-05-08,2026-05,2026,C,Edificio C — Riverside,Airbnb,OTA,reservation,True,3,255.0,85.0,14732868,C-08
132915987,2026-05-05,2026-05-08,2026-05,2026,A,Edificio A — Urban District,Website,Directo,reservation,True,3,165.0,55.0,11850141,A-01
133067712,2026-05-05,2026-05-08,2026-05,2026,OTRO,Otros,Direct booking,Directo,modification of booking,False,3,75.0,25.0,68433664,OTRO-03
133261582,2026-05-05,2026-05-08,2026-05,2026,E,Edificio E — Budget Inn,Booking.com,OTA,reservation,True,3,150.0,50.0,36623153,E-07
137710052,2026-05-05,2026-05-08,2026-05,2026,E,Edificio E — Budget Inn,Booking.com,OTA,reservation,True,3,108.0,36.0,13819654,E-02
134593122,2026-05-05,2026-05-09,2026-05,2026,D,Edificio D — Old Quarter,Booking.com,OTA,reservation,True,4,1464.0,366.0,42074525,D-02
128711112,2026-05-06,2026-05-07,2026-05,2026,B,Edificio B — City Center,Booking.com,OTA,reservation,True,1,85.0,85.0,12753722,B-09
129017807,2026-05-06,2026-05-07,2026-05,2026,E,Edificio E — Budget Inn,Booking.com,OTA,cancellation,False,1,60.0,60.0,71546632,E-11
129017812,2026-05-06,2026-05-07,2026-05,2026,E,Edificio E — Budget Inn,Booking.com,OTA,cancellation,False,1,60.0,60.0,80516470,E-04
129842435,2026-05-06,2026-05-07,2026-05,2026,B,Edificio B — City Center,Booking.com,OTA,reservation,True,1,85.0,85.0,52028229,B-04
130490110,2026-05-06,2026-05-07,2026-05,2026,B,Edificio B — City Center,Booking.com,OTA,reservation,True,1,110.0,110.0,57756891,B-02
130571245,2026-05-06,2026-05-07,2026-05,2026,C,Edificio C — Riverside,Booking.com,OTA,cancellation,False,1,86.4,86.4,59029138,C-03
131880362,2026-05-06,2026-05-07,2026-05,2026,C,Edificio C — Riverside,Booking.com,OTA,reservation,True,1,85.5,85.5,48463319,C-03
132747987,2026-05-06,2026-05-07,2026-05,2026,D,Edificio D — Old Quarter,Booking.com,OTA,reservation,True,1,110.0,110.0,18299863,D-05
137380207,2026-05-06,2026-05-07,2026-05,2026,E,Edificio E — Budget Inn,Booking.com,OTA,reservation,True,1,32.0,32.0,16260269,E-01
137516192,2026-05-06,2026-05-07,2026-05,2026,E,Edificio E — Budget Inn,Airbnb,OTA,reservation,True,1,32.0,32.0,50053658,E-13
137610562,2026-05-06,2026-05-07,2026-05,2026,C,Edificio C — Riverside,Booking.com,OTA,reservation,True,1,80.0,80.0,13522034,C-09
137770642,2026-05-06,2026-05-07,2026-05,2026,C,Edificio C — Riverside,Booking.com,OTA,reservation,True,1,63.9,63.9,37896538,C-02
137793987,2026-05-06,2026-05-07,2026-05,2026,B,Edificio B — City Center,Airbnb,OTA,reservation,True,1,83.0,83.0,87434691,B-07
137852607,2026-05-06,2026-05-07,2026-05,2026,E,Edificio E — Budget Inn,Booking.com,OTA,reservation,True,1,36.0,36.0,68831829,E-11
129040267,2026-05-06,2026-05-08,2026-05,2026,B,Edificio B — City Center,Booking.com,OTA,cancellation,False,2,204.0,102.0,34034843,B-04
132254932,2026-05-06,2026-05-08,2026-05,2026,C,Edificio C — Riverside,Booking.com,OTA,reservation,True,2,170.0,85.0,85571607,C-04
133041692,2026-05-06,2026-05-08,2026-05,2026,C,Edificio C — Riverside,Airbnb,OTA,reservation,True,2,170.0,85.0,16026164,C-07
128545452,2026-05-06,2026-05-10,2026-05,2026,B,Edificio B — City Center,Booking.com,OTA,reservation,True,4,760.0,190.0,77156458,B-06
128243922,2026-05-07,2026-05-08,2026-05,2026,D,Edificio D — Old Quarter,Airbnb,OTA,reservation,True,1,88.0,88.0,63202313,D-05
130231835,2026-05-07,2026-05-08,2026-05,2026,C,Edificio C — Riverside,Booking.com,OTA,reservation,True,1,72.0,72.0,57364722,C-03
130975075,2026-05-07,2026-05-08,2026-05,2026,C,Edificio C — Riverside,Airbnb,OTA,reservation,True,1,85.0,85.0,97436286,C-05
131946447,2026-05-07,2026-05-08,2026-05,2026,B,Edificio B — City Center,Booking.com,OTA,reservation,True,1,95.0,95.0,20708172,B-02
132143302,2026-05-07,2026-05-08,2026-05,2026,B,Edificio B — City Center,Booking.com,OTA,reservation,True,1,118.0,118.0,65076776,B-07
133761472,2026-05-07,2026-05-08,2026-05,2026,E,Edificio E — Budget Inn,Booking.com,OTA,reservation,True,1,50.0,50.0,72162003,E-08
133890337,2026-05-07,2026-05-08,2026-05,2026,E,Edificio E — Budget Inn,Booking.com,OTA,reservation,True,1,60.0,60.0,30837038,E-11
134689792,2026-05-07,2026-05-08,2026-05,2026,B,Edificio B — City Center,Booking.com,OTA,reservation,True,1,101.0,101.0,89216229,B-04
135207277,2026-05-07,2026-05-08,2026-05,2026,B,Edificio B — City Center,Airbnb,OTA,reservation,True,1,121.0,121.0,43522694,B-09
135826552,2026-05-07,2026-05-08,2026-05,2026,E,Edificio E — Budget Inn,Booking.com,OTA,reservation,True,1,49.2,49.2,59614071,E-13
135926972,2026-05-07,2026-05-08,2026-05,2026,D,Edificio D — Old Quarter,Airbnb,OTA,reservation,True,1,154.0,154.0,91245036,D-01
136183332,2026-05-07,2026-05-08,2026-05,2026,E,Edificio E — Budget Inn,Airbnb,OTA,reservation,True,1,41.0,41.0,12577652,E-05
136391692,2026-05-07,2026-05-08,2026-05,2026,D,Edificio D — Old Quarter,Booking.com,OTA,reservation,True,1,155.0,155.0,35882117,D-04
137561472,2026-05-07,2026-05-08,2026-05,2026,E,Edificio E — Budget Inn,Booking.com,OTA,reservation,True,1,32.0,32.0,89882483,E-06
137669932,2026-05-07,2026-05-08,2026-05,2026,E,Edificio E — Budget Inn,Airbnb,OTA,reservation,True,1,41.0,41.0,59964729,E-04
137765757,2026-05-07,2026-05-08,2026-05,2026,C,Edificio C — Riverside,Booking.com,OTA,reservation,True,1,63.9,63.9,65020262,C-02
137774792,2026-05-07,2026-05-08,2026-05,2026,C,Edificio C — Riverside,Booking.com,OTA,reservation,True,1,71.0,71.0,23950429,C-09
137815617,2026-05-07,2026-05-08,2026-05,2026,E,Edificio E — Budget Inn,Booking.com,OTA,reservation,True,1,36.0,36.0,54410777,E-10
134949752,2026-05-07,2026-05-09,2026-05,2026,E,Edificio E — Budget Inn,Booking.com,OTA,reservation,True,2,95.0,47.5,71946900,E-01
135980582,2026-05-07,2026-05-09,2026-05,2026,E,Edificio E — Budget Inn,Booking.com,OTA,reservation,True,2,95.0,47.5,57065295,E-03
136106362,2026-05-07,2026-05-09,2026-05,2026,E,Edificio E — Budget Inn,Booking.com,OTA,cancellation,False,2,134.4,67.2,73291643,E-14
136563072,2026-05-07,2026-05-09,2026-05,2026,E,Edificio E — Budget Inn,Booking.com,OTA,reservation,True,2,201.6,100.8,79620809,E-09
133256602,2026-05-07,2026-05-10,2026-05,2026,E,Edificio E — Budget Inn,Booking.com,OTA,modification of booking,False,3,184.8,61.6,51475443,E-15
136701807,2026-05-07,2026-05-10,2026-05,2026,D,Edificio D — Old Quarter,Booking.com,OTA,reservation,True,3,1500.0,500.0,33617795,D-03
128498877,2026-05-07,2026-05-12,2026-05,2026,B,Edificio B — City Center,Airbnb,OTA,reservation,True,5,1750.0,350.0,55924761,B-05
128630387,2026-05-08,2026-05-09,2026-05,2026,E,Edificio E — Budget Inn,Airbnb,OTA,reservation,True,1,69.0,69.0,21603196,E-04
130114055,2026-05-08,2026-05-09,2026-05,2026,E,Edificio E — Budget Inn,Booking.com,OTA,reservation,True,1,65.0,65.0,12318067,E-07
132578117,2026-05-08,2026-05-09,2026-05,2026,E,Edificio E — Budget Inn,Booking.com,OTA,reservation,True,1,50.0,50.0,89762990,E-13
134705977,2026-05-08,2026-05-09,2026-05,2026,E,Edificio E — Budget Inn,Booking.com,OTA,reservation,True,1,65.0,65.0,82380318,E-10
134883697,2026-05-08,2026-05-09,2026-05,2026,E,Edificio E — Budget Inn,Booking.com,OTA,reservation,True,1,60.0,60.0,80011042,E-06
137371702,2026-05-08,2026-05-09,2026-05,2026,E,Edificio E — Budget Inn,Booking.com,OTA,reservation,True,1,71.0,71.0,32189745,E-14
128439137,2026-05-08,2026-05-10,2026-05,2026,B,Edificio B — City Center,Airbnb,OTA,reservation,True,2,592.0,296.0,31948153,B-07
128677952,2026-05-08,2026-05-10,2026-05,2026,A,Edificio A — Urban District,Booking.com,OTA,reservation,True,2,460.0,230.0,41146457,A-01
128805127,2026-05-08,2026-05-10,2026-05,2026,E,Edificio E — Budget Inn,Booking.com,OTA,cancellation,False,2,120.0,60.0,19704637,E-13
129008492,2026-05-08,2026-05-10,2026-05,2026,E,Edificio E — Budget Inn,Booking.com,OTA,reservation,True,2,130.0,65.0,22407354,E-08
129008497,2026-05-08,2026-05-10,2026-05,2026,E,Edificio E — Budget Inn,Booking.com,OTA,reservation,True,2,130.0,65.0,22407354,E-11
129681020,2026-05-08,2026-05-10,2026-05,2026,E,Edificio E — Budget Inn,Booking.com,OTA,cancellation,False,2,192.0,96.0,81549323,E-02
129975595,2026-05-08,2026-05-10,2026-05,2026,C,Edificio C — Riverside,Booking.com,OTA,reservation,True,2,552.96,276.48,49441430,C-03
129975600,2026-05-08,2026-05-10,2026-05,2026,C,Edificio C — Riverside,Booking.com,OTA,reservation,True,2,626.4,313.2,49441430,C-04
129975605,2026-05-08,2026-05-10,2026-05,2026,C,Edificio C — Riverside,Booking.com,OTA,reservation,True,2,624.0,312.0,49441430,C-01
129975610,2026-05-08,2026-05-10,2026-05,2026,C,Edificio C — Riverside,Booking.com,OTA,reservation,True,2,626.4,313.2,49441430,C-07
130136280,2026-05-08,2026-05-10,2026-05,2026,E,Edificio E — Budget Inn,Booking.com,OTA,reservation,True,2,100.0,50.0,87861772,E-05
134374177,2026-05-08,2026-05-10,2026-05,2026,E,Edificio E — Budget Inn,Booking.com,OTA,cancellation,False,2,206.4,103.2,88308294,E-02
134489082,2026-05-08,2026-05-10,2026-05,2026,E,Edificio E — Budget Inn,Booking.com,OTA,reservation,True,2,172.0,86.0,69616424,E-02
136342547,2026-05-08,2026-05-10,2026-05,2026,A,Edificio A — Urban District,Booking.com,OTA,reservation,True,2,396.0,198.0,33297086,A-02
136387992,2026-05-08,2026-05-10,2026-05,2026,D,Edificio D — Old Quarter,Website,Directo,reservation,True,2,1026.0,513.0,89135266,D-01
137530347,2026-05-08,2026-05-10,2026-05,2026,B,Edificio B — City Center,Booking.com,OTA,reservation,True,2,402.0,201.0,80553224,B-03
137763807,2026-05-08,2026-05-10,2026-05,2026,D,Edificio D — Old Quarter,Booking.com,OTA,reservation,True,2,296.0,148.0,59768150,D-08
137846067,2026-05-08,2026-05-10,2026-05,2026,B,Edificio B — City Center,Booking.com,OTA,reservation,True,2,332.0,166.0,42521246,B-02
137869032,2026-05-08,2026-05-10,2026-05,2026,D,Edificio D — Old Quarter,Website,Directo,reservation,True,2,250.0,125.0,25058469,D-05
129266682,2026-05-08,2026-05-11,2026-05,2026,B,Edificio B — City Center,Booking.com,OTA,reservation,True,3,645.0,215.0,25797420,B-09
130953560,2026-05-08,2026-05-11,2026-05,2026,E,Edificio E — Budget Inn,Booking.com,OTA,reservation,True,3,150.0,50.0,85997415,E-12
136350937,2026-05-08,2026-05-11,2026-05,2026,B,Edificio B — City Center,Booking.com,OTA,reservation,True,3,697.0,232.3333333333333,24334008,B-08
136374697,2026-05-08,2026-05-11,2026-05,2026,D,Edificio D — Old Quarter,Airbnb,OTA,reservation,True,3,1452.0,484.0,36098995,D-04
132123757,2026-05-08,2026-05-12,2026-05,2026,E,Edificio E — Budget Inn,Booking.com,OTA,modification of booking,False,4,326.4,81.6,91298962,E-18
128662812,2026-05-08,2026-05-15,2026-05,2026,B,Edificio B — City Center,Airbnb,OTA,reservation,True,7,883.5,126.21428571428572,68200660,B-01
128474197,2026-05-09,2026-05-10,2026-05,2026,E,Edificio E — Budget Inn,Booking.com,OTA,reservation,True,1,65.0,65.0,53387582,E-10
129008957,2026-05-09,2026-05-10,2026-05,2026,E,Edificio E — Budget Inn,Booking.com,OTA,reservation,True,1,50.0,50.0,22407354,E-13
129518860,2026-05-09,2026-05-10,2026-05,2026,E,Edificio E — Budget Inn,Booking.com,OTA,cancellation,False,1,78.0,78.0,35558167,E-07
131255030,2026-05-09,2026-05-10,2026-05,2026,C,Edificio C — Riverside,Booking.com,OTA,cancellation,False,1,262.98,262.98,44417764,C-02
132520267,2026-05-09,2026-05-10,2026-05,2026,E,Edificio E — Budget Inn,Booking.com,OTA,reservation,True,1,83.0,83.0,82896376,E-04
135564452,2026-05-09,2026-05-10,2026-05,2026,E,Edificio E — Budget Inn,Booking.com,OTA,reservation,True,1,65.0,65.0,65557426,E-01
136409862,2026-05-09,2026-05-10,2026-05,2026,E,Edificio E — Budget Inn,Booking.com,OTA,reservation,True,1,71.0,71.0,91512490,E-14
136469002,2026-05-09,2026-05-10,2026-05,2026,E,Edificio E — Budget Inn,Booking.com,OTA,reservation,True,1,118.0,118.0,33015241,E-09
136510352,2026-05-09,2026-05-10,2026-05,2026,C,Edificio C — Riverside,Booking.com,OTA,reservation,True,1,234.9,234.9,13078189,C-02
136517637,2026-05-09,2026-05-10,2026-05,2026,E,Edificio E — Budget Inn,Booking.com,OTA,reservation,True,1,78.0,78.0,81997359,E-07
137068707,2026-05-09,2026-05-10,2026-05,2026,C,Edificio C — Riverside,Website,Directo,reservation,True,1,210.0,210.0,24422383,C-09
137412247,2026-05-09,2026-05-10,2026-05,2026,C,Edificio C — Riverside,Booking.com,OTA,reservation,True,1,298.2,298.2,77428517,C-08
133653457,2026-05-09,2026-05-11,2026-05,2026,E,Edificio E — Budget Inn,Booking.com,OTA,reservation,True,2,106.0,53.0,79560437,E-03
135460152,2026-05-09,2026-05-11,2026-05,2026,C,Edificio C — Riverside,Booking.com,OTA,reservation,True,2,351.0,175.5,48662687,C-05
135587112,2026-05-09,2026-05-11,2026-05,2026,D,Edificio D — Old Quarter,Airbnb,OTA,reservation,True,2,869.0,434.5,62274537,D-02
129168332,2026-05-09,2026-05-12,2026-05,2026,E,Edificio E — Budget Inn,Booking.com,OTA,reservation,True,3,158.4,52.8,83310459,E-06
135906687,2026-05-09,2026-05-12,2026-05,2026,C,Edificio C — Riverside,Booking.com,OTA,reservation,True,3,451.0,150.33333333333334,51175376,C-06
130525270,2026-05-10,2026-05-11,2026-05,2026,E,Edificio E — Budget Inn,Airbnb,OTA,reservation,True,1,41.0,41.0,29027109,E-13
131218935,2026-05-10,2026-05-11,2026-05,2026,D,Edificio D — Old Quarter,Booking.com,OTA,reservation,True,1,80.0,80.0,51951190,D-08
131368825,2026-05-10,2026-05-11,2026-05,2026,B,Edificio B — City Center,Airbnb,OTA,reservation,True,1,140.0,140.0,52114121,B-07
132043107,2026-05-10,2026-05-11,2026-05,2026,E,Edificio E — Budget Inn,Booking.com,OTA,reservation,True,1,50.0,50.0,26732257,E-02
133147887,2026-05-10,2026-05-11,2026-05,2026,A,Edificio A — Urban District,Booking.com,OTA,reservation,True,1,72.0,72.0,34912272,A-01
133151592,2026-05-10,2026-05-11,2026-05,2026,D,Edificio D — Old Quarter,Website,Directo,reservation,True,1,178.0,178.0,18924592,D-01
133374867,2026-05-10,2026-05-11,2026-05,2026,D,Edificio D — Old Quarter,Airbnb,OTA,reservation,True,1,220.0,220.0,35023317,D-03
133568577,2026-05-10,2026-05-11,2026-05,2026,E,Edificio E — Budget Inn,Booking.com,OTA,cancellation,False,1,60.0,60.0,78626420,E-11
133568582,2026-05-10,2026-05-11,2026-05,2026,E,Edificio E — Budget Inn,Booking.com,OTA,cancellation,False,1,60.0,60.0,57779214,E-04
133932327,2026-05-10,2026-05-11,2026-05,2026,D,Edificio D — Old Quarter,Booking.com,OTA,reservation,True,1,85.0,85.0,34348101,D-07
135371177,2026-05-10,2026-05-11,2026-05,2026,E,Edificio E — Budget Inn,Booking.com,OTA,cancellation,False,1,60.0,60.0,48360558,E-07
136369497,2026-05-10,2026-05-11,2026-05,2026,C,Edificio C — Riverside,Airbnb,OTA,reservation,True,1,85.0,85.0,46211636,C-07
136508962,2026-05-10,2026-05-11,2026-05,2026,C,Edificio C — Riverside,Booking.com,OTA,reservation,True,1,100.0,100.0,99601548,C-04
137314337,2026-05-10,2026-05-11,2026-05,2026,E,Edificio E — Budget Inn,Booking.com,OTA,reservation,True,1,41.0,41.0,17432948,E-05
137766077,2026-05-10,2026-05-11,2026-05,2026,C,Edificio C — Riverside,Booking.com,OTA,reservation,True,1,63.9,63.9,65020262,C-02
137825122,2026-05-10,2026-05-11,2026-05,2026,E,Edificio E — Budget Inn,Booking.com,OTA,reservation,True,1,30.0,30.0,70970241,E-14
129807370,2026-05-10,2026-05-12,2026-05,2026,C,Edificio C — Riverside,Booking.com,OTA,reservation,True,2,172.8,86.4,57796215,C-03
131139670,2026-05-10,2026-05-12,2026-05,2026,C,Edificio C — Riverside,Airbnb,OTA,reservation,True,2,170.0,85.0,65554664,C-01
131513015,2026-05-10,2026-05-12,2026-05,2026,A,Edificio A — Urban District,Booking.com,OTA,reservation,True,2,140.0,70.0,52508082,A-02
131613615,2026-05-10,2026-05-12,2026-05,2026,B,Edificio B — City Center,Booking.com,OTA,reservation,True,2,202.0,101.0,11010187,B-03
133800172,2026-05-10,2026-05-12,2026-05,2026,C,Edificio C — Riverside,Airbnb,OTA,reservation,True,2,170.0,85.0,37168312,C-08
136900402,2026-05-10,2026-05-12,2026-05,2026,E,Edificio E — Budget Inn,Booking.com,OTA,reservation,True,2,100.0,50.0,22818079,E-11
128901362,2026-05-10,2026-05-13,2026-05,2026,B,Edificio B — City Center,Booking.com,OTA,cancellation,False,3,306.0,102.0,21155061,B-03
129459620,2026-05-10,2026-05-13,2026-05,2026,A,Edificio A — Urban District,Booking.com,OTA,cancellation,False,3,226.8,75.60000000000001,71657419,A-02
133748112,2026-05-10,2026-05-13,2026-05,2026,D,Edificio D — Old Quarter,Booking.com,OTA,reservation,True,3,258.0,86.0,14901773,D-05
130717985,2026-05-10,2026-05-14,2026-05,2026,B,Edificio B — City Center,Booking.com,OTA,reservation,True,4,440.0,110.0,42466210,B-02
128830437,2026-05-10,2026-05-15,2026-05,2026,B,Edificio B — City Center,Booking.com,OTA,reservation,True,5,425.0,85.0,64623304,B-04
128427322,2026-05-11,2026-05-12,2026-05,2026,A,Edificio A — Urban District,Booking.com,OTA,reservation,True,1,72.0,72.0,91232895,A-01
132531542,2026-05-11,2026-05-12,2026-05,2026,E,Edificio E — Budget Inn,Airbnb,OTA,reservation,True,1,55.0,55.0,83290920,E-04
133581487,2026-05-11,2026-05-12,2026-05,2026,B,Edificio B — City Center,Booking.com,OTA,reservation,True,1,107.0,107.0,62584439,B-07
134925187,2026-05-11,2026-05-12,2026-05,2026,B,Edificio B — City Center,Booking.com,OTA,reservation,True,1,116.0,116.0,59385379,B-06
135864992,2026-05-11,2026-05-12,2026-05,2026,C,Edificio C — Riverside,Airbnb,OTA,reservation,True,1,85.0,85.0,43890901,C-04
137746247,2026-05-11,2026-05-12,2026-05,2026,E,Edificio E — Budget Inn,Booking.com,OTA,reservation,True,1,30.0,30.0,85958480,E-05
137789702,2026-05-11,2026-05-12,2026-05,2026,E,Edificio E — Budget Inn,Booking.com,OTA,reservation,True,1,42.0,42.0,27839574,E-07
131355850,2026-05-11,2026-05-13,2026-05,2026,C,Edificio C — Riverside,Booking.com,OTA,reservation,True,2,204.0,102.0,34907492,C-07
132529667,2026-05-11,2026-05-13,2026-05,2026,B,Edificio B — City Center,Booking.com,OTA,reservation,True,2,214.0,107.0,18408606,B-08
133118862,2026-05-11,2026-05-13,2026-05,2026,OTRO,Otros,Direct booking,Directo,modification of booking,False,2,50.0,25.0,22906358,OTRO-02
133132512,2026-05-11,2026-05-13,2026-05,2026,OTRO,Otros,Direct booking,Directo,reservation,True,2,50.0,25.0,32082462,OTRO-01
135436572,2026-05-11,2026-05-13,2026-05,2026,D,Edificio D — Old Quarter,Booking.com,OTA,reservation,True,2,170.0,85.0,71875682,D-07
130384410,2026-05-11,2026-05-14,2026-05,2026,B,Edificio B — City Center,Booking.com,OTA,reservation,True,3,303.0,101.0,79078635,B-09
129292442,2026-05-11,2026-05-15,2026-05,2026,D,Edificio D — Old Quarter,Booking.com,OTA,reservation,True,4,380.0,95.0,86714578,D-08
133650637,2026-05-11,2026-05-15,2026-05,2026,E,Edificio E — Budget Inn,Booking.com,OTA,reservation,True,4,200.0,50.0,62175977,E-08
133750532,2026-05-12,2026-05-13,2026-05,2026,A,Edificio A — Urban District,Booking.com,OTA,reservation,True,1,63.0,63.0,49748155,A-02
134833087,2026-05-12,2026-05-13,2026-05,2026,C,Edificio C — Riverside,Booking.com,OTA,reservation,True,1,72.0,72.0,31875873,C-03
135006297,2026-05-12,2026-05-13,2026-05,2026,B,Edificio B — City Center,Airbnb,OTA,modification of booking,False,1,101.0,101.0,14750941,B-03
136089497,2026-05-12,2026-05-13,2026-05,2026,E,Edificio E — Budget Inn,Airbnb,OTA,reservation,True,1,55.0,55.0,66297613,E-04
136397322,2026-05-12,2026-05-13,2026-05,2026,B,Edificio B — City Center,Airbnb,OTA,reservation,True,1,150.0,150.0,92175844,B-05
137817582,2026-05-12,2026-05-13,2026-05,2026,E,Edificio E — Budget Inn,Booking.com,OTA,reservation,True,1,42.0,42.0,69319318,E-10
128668887,2026-05-12,2026-05-14,2026-05,2026,A,Edificio A — Urban District,Booking.com,OTA,reservation,True,2,117.0,58.5,64731486,A-01
128718812,2026-05-12,2026-05-14,2026-05,2026,C,Edificio C — Riverside,Airbnb,OTA,reservation,True,2,170.0,85.0,23641303,C-08
129659885,2026-05-12,2026-05-14,2026-05,2026,B,Edificio B — City Center,Booking.com,OTA,reservation,True,2,242.4,121.2,49533559,B-06
132658727,2026-05-12,2026-05-14,2026-05,2026,E,Edificio E — Budget Inn,Booking.com,OTA,reservation,True,2,82.0,41.0,79589154,E-12
128714267,2026-05-12,2026-05-15,2026-05,2026,B,Edificio B — City Center,Booking.com,OTA,reservation,True,3,300.0,100.0,40890786,B-07
129149577,2026-05-12,2026-05-15,2026-05,2026,C,Edificio C — Riverside,Booking.com,OTA,cancellation,False,3,259.2,86.39999999999999,67979159,C-03
135358437,2026-05-12,2026-05-15,2026-05,2026,E,Edificio E — Budget Inn,Booking.com,OTA,reservation,True,3,147.6,49.2,40429381,E-13
132580017,2026-05-12,2026-05-16,2026-05,2026,E,Edificio E — Budget Inn,Booking.com,OTA,modification of booking,False,4,173.0,43.25,70544127,E-17
129669025,2026-05-13,2026-05-14,2026-05,2026,C,Edificio C — Riverside,Airbnb,OTA,reservation,True,1,85.0,85.0,60252792,C-05
130534005,2026-05-13,2026-05-14,2026-05,2026,A,Edificio A — Urban District,Booking.com,OTA,reservation,True,1,100.0,100.0,83277505,A-02
128989377,2026-05-13,2026-05-15,2026-05,2026,B,Edificio B — City Center,Booking.com,OTA,reservation,True,2,204.0,102.0,25568610,B-03
129354080,2026-05-13,2026-05-15,2026-05,2026,D,Edificio D — Old Quarter,Booking.com,OTA,reservation,True,2,192.0,96.0,57076573,D-05
129954840,2026-05-13,2026-05-15,2026-05,2026,C,Edificio C — Riverside,Booking.com,OTA,reservation,True,2,200.0,100.0,41409996,C-06
130780070,2026-05-13,2026-05-15,2026-05,2026,B,Edificio B — City Center,Booking.com,OTA,reservation,True,2,316.8,158.4,70411074,B-08
131125490,2026-05-13,2026-05-15,2026-05,2026,D,Edificio D — Old Quarter,Booking.com,OTA,reservation,True,2,170.0,85.0,21269670,D-07
131767670,2026-05-13,2026-05-15,2026-05,2026,OTRO,Otros,Direct booking,Directo,modification of booking,False,2,50.0,25.0,69413891,OTRO-01
135312437,2026-05-13,2026-05-15,2026-05,2026,E,Edificio E — Budget Inn,Booking.com,OTA,reservation,True,2,82.0,41.0,24892866,E-01
128649727,2026-05-13,2026-05-16,2026-05,2026,B,Edificio B — City Center,Airbnb,OTA,reservation,True,3,920.0,306.6666666666667,70120392,B-05
135095127,2026-05-13,2026-05-16,2026-05,2026,E,Edificio E — Budget Inn,Airbnb,OTA,modification of booking,False,3,141.0,47.0,60195945,E-05
135480952,2026-05-13,2026-05-16,2026-05,2026,E,Edificio E — Budget Inn,Booking.com,OTA,reservation,True,3,218.0,72.66666666666667,66666142,E-02
129331902,2026-05-13,2026-05-17,2026-05,2026,C,Edificio C — Riverside,Booking.com,OTA,reservation,True,4,762.0,190.5,69442467,C-04
129331912,2026-05-13,2026-05-17,2026-05,2026,C,Edificio C — Riverside,Booking.com,OTA,reservation,True,4,760.0,190.0,69442467,C-01
129331917,2026-05-13,2026-05-17,2026-05,2026,C,Edificio C — Riverside,Booking.com,OTA,reservation,True,4,667.8,166.95,69442467,C-03
130195330,2026-05-13,2026-05-17,2026-05,2026,C,Edificio C — Riverside,Direct booking,Directo,modification of booking,False,4,700.0,175.0,85762339,C-09
130195580,2026-05-13,2026-05-17,2026-05,2026,C,Edificio C — Riverside,Direct booking,Directo,reservation,True,4,700.0,175.0,85762339,C-02
130195880,2026-05-13,2026-05-17,2026-05,2026,C,Edificio C — Riverside,Direct booking,Directo,modification of booking,False,4,740.0,185.0,85762339,C-07
129330732,2026-05-14,2026-05-15,2026-05,2026,C,Edificio C — Riverside,Airbnb,OTA,reservation,True,1,85.0,85.0,17523711,C-08
129419135,2026-05-14,2026-05-15,2026-05,2026,C,Edificio C — Riverside,Airbnb,OTA,reservation,True,1,85.0,85.0,95282120,C-05
132679647,2026-05-14,2026-05-15,2026-05,2026,B,Edificio B — City Center,Booking.com,OTA,reservation,True,1,116.0,116.0,42029890,B-06
132867067,2026-05-14,2026-05-15,2026-05,2026,B,Edificio B — City Center,Booking.com,OTA,reservation,True,1,101.0,101.0,80316462,B-09
133024537,2026-05-14,2026-05-15,2026-05,2026,A,Edificio A — Urban District,Booking.com,OTA,reservation,True,1,58.5,58.5,55207742,A-01
133592407,2026-05-14,2026-05-15,2026-05,2026,A,Edificio A — Urban District,Booking.com,OTA,reservation,True,1,70.0,70.0,65932939,A-02
134284272,2026-05-14,2026-05-15,2026-05,2026,B,Edificio B — City Center,Booking.com,OTA,reservation,True,1,110.0,110.0,26124433,B-02
134564232,2026-05-14,2026-05-15,2026-05,2026,E,Edificio E — Budget Inn,Booking.com,OTA,reservation,True,1,50.0,50.0,61179507,E-11
135007042,2026-05-14,2026-05-15,2026-05,2026,D,Edificio D — Old Quarter,Booking.com,OTA,reservation,True,1,230.0,230.0,56822930,D-02
135007052,2026-05-14,2026-05-15,2026-05,2026,D,Edificio D — Old Quarter,Booking.com,OTA,reservation,True,1,170.0,170.0,56822930,D-04
135336397,2026-05-14,2026-05-15,2026-05,2026,E,Edificio E — Budget Inn,Booking.com,OTA,cancellation,False,1,49.2,49.2,11244850,E-14
136157177,2026-05-14,2026-05-15,2026-05,2026,E,Edificio E — Budget Inn,Booking.com,OTA,reservation,True,1,50.0,50.0,17391533,E-04
137290682,2026-05-14,2026-05-15,2026-05,2026,E,Edificio E — Budget Inn,Booking.com,OTA,cancellation,False,1,60.0,60.0,37002482,E-10
137290687,2026-05-14,2026-05-15,2026-05,2026,E,Edificio E — Budget Inn,Booking.com,OTA,modification of booking,False,1,60.0,60.0,37002482,E-09
137775107,2026-05-14,2026-05-15,2026-05,2026,E,Edificio E — Budget Inn,Booking.com,OTA,reservation,True,1,42.0,42.0,86494212,E-10
134440642,2026-05-14,2026-05-16,2026-05,2026,E,Edificio E — Budget Inn,Booking.com,OTA,reservation,True,2,120.0,60.0,25869783,E-12
129395300,2026-05-14,2026-05-17,2026-05,2026,E,Edificio E — Budget Inn,Booking.com,OTA,cancellation,False,3,182.4,60.8,91860794,E-13
129701380,2026-05-14,2026-05-17,2026-05,2026,D,Edificio D — Old Quarter,Booking.com,OTA,reservation,True,3,1500.0,500.0,13392210,D-01
129702415,2026-05-14,2026-05-17,2026-05,2026,E,Edificio E — Budget Inn,Booking.com,OTA,cancellation,False,3,273.6,91.2,91860794,E-07
133223412,2026-05-14,2026-05-17,2026-05,2026,D,Edificio D — Old Quarter,Booking.com,OTA,reservation,True,3,1562.0,520.6666666666666,80936908,D-03
133276657,2026-05-14,2026-05-17,2026-05,2026,E,Edificio E — Budget Inn,Booking.com,OTA,reservation,True,3,165.0,55.0,88014654,E-06
131642155,2026-05-14,2026-05-19,2026-05,2026,E,Edificio E — Budget Inn,Booking.com,OTA,modification of booking,False,5,328.0,65.6,86507252,E-18
128949547,2026-05-15,2026-05-16,2026-05,2026,E,Edificio E — Budget Inn,Booking.com,OTA,reservation,True,1,60.0,60.0,59137778,E-01
128949552,2026-05-15,2026-05-16,2026-05,2026,E,Edificio E — Budget Inn,Booking.com,OTA,reservation,True,1,78.0,78.0,59137778,E-08
128949557,2026-05-15,2026-05-16,2026-05,2026,E,Edificio E — Budget Inn,Booking.com,OTA,reservation,True,1,78.0,78.0,59137778,E-11
129061502,2026-05-15,2026-05-16,2026-05,2026,E,Edificio E — Budget Inn,Booking.com,OTA,cancellation,False,1,60.0,60.0,10365366,E-05
129249052,2026-05-15,2026-05-16,2026-05,2026,E,Edificio E — Budget Inn,Booking.com,OTA,reservation,True,1,50.0,50.0,91593814,E-14
129249057,2026-05-15,2026-05-16,2026-05,2026,E,Edificio E — Budget Inn,Booking.com,OTA,reservation,True,1,77.0,77.0,91593814,E-09
129249062,2026-05-15,2026-05-16,2026-05,2026,E,Edificio E — Budget Inn,Booking.com,OTA,reservation,True,1,77.0,77.0,91593814,E-04
129301482,2026-05-15,2026-05-16,2026-05,2026,C,Edificio C — Riverside,Airbnb,OTA,reservation,True,1,276.0,276.0,74541080,C-08
129334832,2026-05-15,2026-05-16,2026-05,2026,B,Edificio B — City Center,Booking.com,OTA,reservation,True,1,261.0,261.0,75133242,B-02
130280070,2026-05-15,2026-05-16,2026-05,2026,D,Edificio D — Old Quarter,Booking.com,OTA,reservation,True,1,621.0,621.0,44643681,D-04
130280075,2026-05-15,2026-05-16,2026-05,2026,D,Edificio D — Old Quarter,Booking.com,OTA,reservation,True,1,278.0,278.0,44643681,D-08
135270262,2026-05-15,2026-05-16,2026-05,2026,D,Edificio D — Old Quarter,Airbnb,OTA,reservation,True,1,305.8,305.8,21529305,D-05
137327217,2026-05-15,2026-05-16,2026-05,2026,C,Edificio C — Riverside,Booking.com,OTA,reservation,True,1,266.0,266.0,20977856,C-05
128685702,2026-05-15,2026-05-17,2026-05,2026,B,Edificio B — City Center,Booking.com,OTA,modification of booking,False,2,500.0,250.0,62851365,B-03
128685707,2026-05-15,2026-05-17,2026-05,2026,B,Edificio B — City Center,Booking.com,OTA,modification of booking,False,2,500.0,250.0,86004856,B-09
128685712,2026-05-15,2026-05-17,2026-05,2026,B,Edificio B — City Center,Booking.com,OTA,modification of booking,False,2,500.0,250.0,24525678,B-06
128685722,2026-05-15,2026-05-17,2026-05,2026,B,Edificio B — City Center,Booking.com,OTA,modification of booking,False,2,510.0,255.0,90395330,B-01
128685732,2026-05-15,2026-05-17,2026-05,2026,B,Edificio B — City Center,Booking.com,OTA,modification of booking,False,2,562.0,281.0,68699379,B-07
129268102,2026-05-15,2026-05-17,2026-05,2026,OTRO,Otros,Direct booking,Directo,reservation,True,2,50.0,25.0,36521721,OTRO-01
129565015,2026-05-15,2026-05-17,2026-05,2026,E,Edificio E — Budget Inn,Booking.com,OTA,reservation,True,2,111.0,55.5,20014254,E-03
129566515,2026-05-15,2026-05-17,2026-05,2026,D,Edificio D — Old Quarter,Booking.com,OTA,cancellation,False,2,1500.0,750.0,48553591,D-02
129948430,2026-05-15,2026-05-17,2026-05,2026,E,Edificio E — Budget Inn,Airbnb,OTA,modification of booking,False,2,188.0,94.0,83974548,E-10
130804805,2026-05-15,2026-05-17,2026-05,2026,A,Edificio A — Urban District,Website,Directo,reservation,True,2,432.0,216.0,84592944,A-02
134795947,2026-05-15,2026-05-17,2026-05,2026,E,Edificio E — Budget Inn,Airbnb,OTA,cancellation,False,2,111.0,55.5,53441109,E-13
134983172,2026-05-15,2026-05-17,2026-05,2026,A,Edificio A — Urban District,Booking.com,OTA,reservation,True,2,387.0,193.5,18987161,A-01
135168802,2026-05-15,2026-05-17,2026-05,2026,D,Edificio D — Old Quarter,Airbnb,OTA,reservation,True,2,1166.0,583.0,70061142,D-02
135567632,2026-05-15,2026-05-17,2026-05,2026,E,Edificio E — Budget Inn,Booking.com,OTA,reservation,True,2,133.2,66.6,73106521,E-13
137716132,2026-05-15,2026-05-17,2026-05,2026,E,Edificio E — Budget Inn,Booking.com,OTA,reservation,True,2,213.6,106.8,26597035,E-07
128315917,2026-05-15,2026-05-18,2026-05,2026,B,Edificio B — City Center,Booking.com,OTA,reservation,True,3,600.0,200.0,58667219,B-04
130562945,2026-05-15,2026-05-18,2026-05,2026,D,Edificio D — Old Quarter,Booking.com,OTA,cancellation,False,3,1622.4,540.8000000000001,11077568,D-03
128845822,2026-05-15,2026-05-19,2026-05,2026,B,Edificio B — City Center,Booking.com,OTA,reservation,True,4,792.0,198.0,65854828,B-08
128678342,2026-05-16,2026-05-17,2026-05,2026,E,Edificio E — Budget Inn,Booking.com,OTA,modification of booking,False,1,61.0,61.0,79560437,E-01
129552015,2026-05-16,2026-05-17,2026-05,2026,E,Edificio E — Budget Inn,Booking.com,OTA,reservation,True,1,61.0,61.0,50255146,E-12
129765225,2026-05-16,2026-05-17,2026-05,2026,B,Edificio B — City Center,Airbnb,OTA,reservation,True,1,540.0,540.0,12928637,B-05
131334800,2026-05-16,2026-05-17,2026-05,2026,E,Edificio E — Budget Inn,Booking.com,OTA,reservation,True,1,95.0,95.0,43959764,E-11
132667862,2026-05-16,2026-05-17,2026-05,2026,E,Edificio E — Budget Inn,Booking.com,OTA,reservation,True,1,114.0,114.0,63581426,E-04
132885247,2026-05-16,2026-05-17,2026-05,2026,C,Edificio C — Riverside,Airbnb,OTA,reservation,True,1,288.0,288.0,62606537,C-08
133032847,2026-05-16,2026-05-17,2026-05,2026,D,Edificio D — Old Quarter,Booking.com,OTA,reservation,True,1,278.0,278.0,33624314,D-08
134520622,2026-05-16,2026-05-17,2026-05,2026,D,Edificio D — Old Quarter,Airbnb,OTA,reservation,True,1,617.1,617.1,97651497,D-04
136205807,2026-05-16,2026-05-17,2026-05,2026,D,Edificio D — Old Quarter,Booking.com,OTA,reservation,True,1,263.0,263.0,82664082,D-05
128703022,2026-05-16,2026-05-18,2026-05,2026,E,Edificio E — Budget Inn,Booking.com,OTA,cancellation,False,2,153.6,76.8,19564690,E-11
129395010,2026-05-16,2026-05-18,2026-05,2026,E,Edificio E — Budget Inn,Booking.com,OTA,reservation,True,2,153.6,76.8,84861179,E-08
129899860,2026-05-16,2026-05-18,2026-05,2026,C,Edificio C — Riverside,Booking.com,OTA,modification of booking,False,2,415.2,207.6,46014586,C-06
129899865,2026-05-16,2026-05-18,2026-05,2026,C,Edificio C — Riverside,Booking.com,OTA,reservation,True,2,445.2,222.6,46014586,C-05
132961407,2026-05-16,2026-05-18,2026-05,2026,E,Edificio E — Budget Inn,Booking.com,OTA,reservation,True,2,174.0,87.0,36402933,E-09
133384067,2026-05-16,2026-05-18,2026-05,2026,D,Edificio D — Old Quarter,Booking.com,OTA,reservation,True,2,320.0,160.0,87741127,D-07
136084157,2026-05-16,2026-05-18,2026-05,2026,E,Edificio E — Budget Inn,Booking.com,OTA,reservation,True,2,168.0,84.0,31319201,E-02
136136812,2026-05-16,2026-05-18,2026-05,2026,E,Edificio E — Budget Inn,Booking.com,OTA,reservation,True,2,134.4,67.2,50665372,E-05
136136817,2026-05-16,2026-05-18,2026-05,2026,E,Edificio E — Budget Inn,Booking.com,OTA,reservation,True,2,134.4,67.2,50665372,E-14
131521055,2026-05-16,2026-05-19,2026-05,2026,B,Edificio B — City Center,Booking.com,OTA,reservation,True,3,423.0,141.0,24070393,B-02
133660477,2026-05-16,2026-05-23,2026-05,2026,E,Edificio E — Budget Inn,Booking.com,OTA,modification of booking,False,7,691.2,98.74285714285716,79614186,E-17
134144742,2026-05-17,2026-05-18,2026-05,2026,C,Edificio C — Riverside,Airbnb,OTA,cancellation,False,1,85.0,85.0,21590602,C-08
135531612,2026-05-17,2026-05-18,2026-05,2026,C,Edificio C — Riverside,Airbnb,OTA,reservation,True,1,85.0,85.0,72400900,C-07
128644312,2026-05-17,2026-05-19,2026-05,2026,B,Edificio B — City Center,Booking.com,OTA,reservation,True,2,170.0,85.0,74352023,B-06
129136372,2026-05-17,2026-05-19,2026-05,2026,OTRO,Otros,Direct booking,Directo,reservation,True,2,50.0,25.0,13352989,OTRO-01
129028057,2026-05-21,2026-05-22,2026-05,2026,E,Edificio E — Budget Inn,Booking.com,OTA,reservation,True,1,50.0,50.0,40548833,E-02
129028062,2026-05-21,2026-05-22,2026-05,2026,E,Edificio E — Budget Inn,Booking.com,OTA,reservation,True,1,50.0,50.0,40548833,E-11
129028067,2026-05-21,2026-05-22,2026-05,2026,E,Edificio E — Budget Inn,Booking.com,OTA,reservation,True,1,50.0,50.0,40548833,E-07
129028072,2026-05-21,2026-05-22,2026-05,2026,E,Edificio E — Budget Inn,Booking.com,OTA,modification of booking,False,1,60.0,60.0,40548833,E-09
129187692,2026-05-21,2026-05-22,2026-05,2026,B,Edificio B — City Center,Booking.com,OTA,reservation,True,1,85.0,85.0,21759434,B-04
129546240,2026-05-21,2026-05-22,2026-05,2026,D,Edificio D — Old Quarter,Airbnb,OTA,reservation,True,1,170.5,170.5,14038016,D-01
129955200,2026-05-21,2026-05-22,2026-05,2026,B,Edificio B — City Center,Booking.com,OTA,reservation,True,1,131.0,131.0,37195054,B-03
130160460,2026-05-21,2026-05-22,2026-05,2026,E,Edificio E — Budget Inn,Booking.com,OTA,cancellation,False,1,60.0,60.0,34098829,E-08
130610485,2026-05-21,2026-05-22,2026-05,2026,D,Edificio D — Old Quarter,Booking.com,OTA,reservation,True,1,89.0,89.0,46534487,D-05
130869400,2026-05-21,2026-05-22,2026-05,2026,D,Edificio D — Old Quarter,Airbnb,OTA,reservation,True,1,187.0,187.0,49043500,D-03
130957075,2026-05-21,2026-05-22,2026-05,2026,A,Edificio A — Urban District,Booking.com,OTA,reservation,True,1,58.5,58.5,56357284,A-01
131063555,2026-05-21,2026-05-22,2026-05,2026,D,Edificio D — Old Quarter,Airbnb,OTA,modification of booking,False,1,236.5,236.5,61490735,D-02
131206835,2026-05-21,2026-05-22,2026-05,2026,C,Edificio C — Riverside,Airbnb,OTA,reservation,True,1,80.0,80.0,34788461,C-03
131484365,2026-05-21,2026-05-22,2026-05,2026,E,Edificio E — Budget Inn,Airbnb,OTA,reservation,True,1,41.0,41.0,37678192,E-12
133280302,2026-05-21,2026-05-22,2026-05,2026,C,Edificio C — Riverside,Airbnb,OTA,cancellation,False,1,95.0,95.0,36718832,C-07
134342087,2026-05-21,2026-05-22,2026-05,2026,C,Edificio C — Riverside,Airbnb,OTA,reservation,True,1,95.0,95.0,27414482,C-07
134398917,2026-05-21,2026-05-22,2026-05,2026,E,Edificio E — Budget Inn,Booking.com,OTA,reservation,True,1,50.0,50.0,85748007,E-08
134449842,2026-05-21,2026-05-22,2026-05,2026,E,Edificio E — Budget Inn,Booking.com,OTA,reservation,True,1,49.2,49.2,52274876,E-03
135987867,2026-05-21,2026-05-22,2026-05,2026,B,Edificio B — City Center,Booking.com,OTA,reservation,True,1,133.0,133.0,80212508,B-07
128684237,2026-05-21,2026-05-23,2026-05,2026,E,Edificio E — Budget Inn,Booking.com,OTA,cancellation,False,2,541.2,270.6,42310835,E-08
130432365,2026-05-21,2026-05-23,2026-05,2026,E,Edificio E — Budget Inn,Booking.com,OTA,reservation,True,2,336.0,168.0,45832388,E-14
128419277,2026-05-21,2026-05-24,2026-05,2026,E,Edificio E — Budget Inn,Airbnb,OTA,modification of booking,False,3,641.0,213.66666666666663,71259211,E-06
128581467,2026-05-21,2026-05-24,2026-05,2026,E,Edificio E — Budget Inn,Booking.com,OTA,modification of booking,False,3,852.0,284.0,21959637,E-18
133142837,2026-05-21,2026-05-24,2026-05,2026,E,Edificio E — Budget Inn,Airbnb,OTA,modification of booking,False,3,667.0,222.3333333333333,58137751,E-16
134788787,2026-05-22,2026-05-23,2026-05,2026,E,Edificio E — Budget Inn,Airbnb,OTA,reservation,True,1,359.0,359.0,12834442,E-04
135448492,2026-05-22,2026-05-23,2026-05,2026,A,Edificio A — Urban District,Booking.com,OTA,reservation,True,1,650.7,650.7,87927416,A-01
135448497,2026-05-22,2026-05-23,2026-05,2026,A,Edificio A — Urban District,Booking.com,OTA,reservation,True,1,823.5,823.5,87927416,A-02
128399927,2026-05-22,2026-05-24,2026-05,2026,E,Edificio E — Budget Inn,Booking.com,OTA,modification of booking,False,2,600.0,300.0,68629554,E-15
133774477,2026-05-22,2026-05-24,2026-05,2026,E,Edificio E — Budget Inn,Booking.com,OTA,reservation,True,2,720.0,360.0,86179574,E-13
134582017,2026-05-22,2026-05-24,2026-05,2026,E,Edificio E — Budget Inn,Booking.com,OTA,reservation,True,2,755.0,377.5,68033193,E-10
135170512,2026-05-22,2026-05-24,2026-05,2026,E,Edificio E — Budget Inn,Booking.com,OTA,cancellation,False,2,751.2,375.6,64463591,E-06
136122052,2026-05-22,2026-05-24,2026-05,2026,E,Edificio E — Budget Inn,Booking.com,OTA,reservation,True,2,626.0,313.0,63481592,E-05
137893582,2026-05-22,2026-05-24,2026-05,2026,E,Edificio E — Budget Inn,Booking.com,OTA,reservation,True,2,944.0,472.0,24473836,E-07
128728702,2026-05-23,2026-05-24,2026-05,2026,E,Edificio E — Budget Inn,Airbnb,OTA,reservation,True,1,406.0,406.0,30477386,E-04
128883467,2026-05-23,2026-05-24,2026-05,2026,E,Edificio E — Budget Inn,Booking.com,OTA,reservation,True,1,401.0,401.0,61966587,E-08
128883477,2026-05-23,2026-05-24,2026-05,2026,E,Edificio E — Budget Inn,Booking.com,OTA,reservation,True,1,401.0,401.0,61966587,E-11
128883482,2026-05-23,2026-05-24,2026-05,2026,E,Edificio E — Budget Inn,Booking.com,OTA,reservation,True,1,401.0,401.0,61966587,E-02
134401612,2026-05-23,2026-05-24,2026-05,2026,C,Edificio C — Riverside,Booking.com,OTA,reservation,True,1,1046.52,1046.52,27581218,C-03
137866472,2026-05-23,2026-05-24,2026-05,2026,E,Edificio E — Budget Inn,Booking.com,OTA,reservation,True,1,331.0,331.0,45872326,E-12
137876862,2026-05-23,2026-05-24,2026-05,2026,C,Edificio C — Riverside,Airbnb,OTA,reservation,True,1,1200.0,1200.0,87289715,C-08
130560505,2026-05-23,2026-05-25,2026-05,2026,E,Edificio E — Budget Inn,Booking.com,OTA,reservation,True,2,626.4,313.2,31143324,E-09
131591620,2026-05-24,2026-05-25,2026-05,2026,D,Edificio D — Old Quarter,Booking.com,OTA,reservation,True,1,89.0,89.0,46252468,D-08
131817510,2026-05-24,2026-05-25,2026-05,2026,B,Edificio B — City Center,Booking.com,OTA,reservation,True,1,131.3,131.3,53333734,B-04
133172132,2026-05-24,2026-05-25,2026-05,2026,C,Edificio C — Riverside,Booking.com,OTA,reservation,True,1,89.0,89.0,14314024,C-09
133978492,2026-05-24,2026-05-25,2026-05,2026,D,Edificio D — Old Quarter,Booking.com,OTA,reservation,True,1,89.0,89.0,44421200,D-05
135916957,2026-05-24,2026-05-25,2026-05,2026,B,Edificio B — City Center,Booking.com,OTA,reservation,True,1,133.0,133.0,78952307,B-07
136072862,2026-05-24,2026-05-25,2026-05,2026,E,Edificio E — Budget Inn,Booking.com,OTA,cancellation,False,1,49.2,49.2,81674774,E-14
136072867,2026-05-24,2026-05-25,2026-05,2026,E,Edificio E — Budget Inn,Booking.com,OTA,cancellation,False,1,60.0,60.0,81674774,E-08
136136882,2026-05-24,2026-05-25,2026-05,2026,B,Edificio B — City Center,Airbnb,OTA,cancellation,False,1,217.0,217.0,45345119,B-05
136382602,2026-05-24,2026-05-25,2026-05,2026,C,Edificio C — Riverside,Booking.com,OTA,reservation,True,1,129.0,129.0,48816930,C-05
136517092,2026-05-24,2026-05-25,2026-05,2026,C,Edificio C — Riverside,Website,Directo,reservation,True,1,80.0,80.0,12831816,C-08
136633032,2026-05-24,2026-05-25,2026-05,2026,B,Edificio B — City Center,Airbnb,OTA,reservation,True,1,95.0,95.0,51466742,B-02
136757877,2026-05-24,2026-05-25,2026-05,2026,C,Edificio C — Riverside,Airbnb,OTA,reservation,True,1,95.0,95.0,17267969,C-01
137196207,2026-05-24,2026-05-25,2026-05,2026,D,Edificio D — Old Quarter,Airbnb,OTA,reservation,True,1,220.0,220.0,86726775,D-04
137264147,2026-05-24,2026-05-25,2026-05,2026,C,Edificio C — Riverside,Booking.com,OTA,reservation,True,1,123.12,123.12,81691999,C-02
137435982,2026-05-24,2026-05-25,2026-05,2026,E,Edificio E — Budget Inn,Airbnb,OTA,reservation,True,1,53.0,53.0,48180033,E-04
137860812,2026-05-24,2026-05-25,2026-05,2026,B,Edificio B — City Center,Airbnb,OTA,reservation,True,1,214.0,214.0,13641988,B-05
129892335,2026-05-24,2026-05-26,2026-05,2026,D,Edificio D — Old Quarter,Airbnb,OTA,reservation,True,2,440.0,220.0,78064107,D-01
131435455,2026-05-24,2026-05-26,2026-05,2026,D,Edificio D — Old Quarter,Booking.com,OTA,reservation,True,2,456.0,228.0,91073583,D-02
131759970,2026-05-24,2026-05-26,2026-05,2026,D,Edificio D — Old Quarter,Airbnb,OTA,reservation,True,2,407.0,203.5,44093858,D-03
132190677,2026-05-24,2026-05-26,2026-05,2026,C,Edificio C — Riverside,Booking.com,OTA,cancellation,False,2,246.24,123.12,61732443,C-02
132683062,2026-05-24,2026-05-26,2026-05,2026,C,Edificio C — Riverside,Booking.com,OTA,reservation,True,2,160.2,80.1,48499506,C-03
133173027,2026-05-24,2026-05-26,2026-05,2026,B,Edificio B — City Center,Booking.com,OTA,reservation,True,2,286.8,143.4,78957476,B-01
134778157,2026-05-24,2026-05-26,2026-05,2026,B,Edificio B — City Center,Airbnb,OTA,reservation,True,2,214.0,107.0,34841305,B-09
134913507,2026-05-24,2026-05-26,2026-05,2026,A,Edificio A — Urban District,Booking.com,OTA,reservation,True,2,117.0,58.5,44901817,A-01
135170442,2026-05-24,2026-05-26,2026-05,2026,C,Edificio C — Riverside,Website,Directo,reservation,True,2,190.0,95.0,50966002,C-06
128509017,2026-05-24,2026-05-27,2026-05,2026,B,Edificio B — City Center,Booking.com,OTA,cancellation,False,3,306.0,102.0,74878040,B-06
128959702,2026-05-24,2026-05-27,2026-05,2026,B,Edificio B — City Center,Booking.com,OTA,cancellation,False,3,288.0,96.0,47963319,B-02
129064052,2026-05-24,2026-05-27,2026-05,2026,B,Edificio B — City Center,Booking.com,OTA,reservation,True,3,306.0,102.0,47963319,B-03
129461195,2026-05-24,2026-05-27,2026-05,2026,A,Edificio A — Urban District,Booking.com,OTA,cancellation,False,3,210.6,70.2,71657419,A-01
129627820,2026-05-24,2026-05-27,2026-05,2026,A,Edificio A — Urban District,Booking.com,OTA,reservation,True,3,226.8,75.60000000000001,74878040,A-02
129952295,2026-05-24,2026-05-27,2026-05,2026,B,Edificio B — City Center,Booking.com,OTA,reservation,True,3,300.0,100.0,99533613,B-06
133035947,2026-05-24,2026-05-27,2026-05,2026,C,Edificio C — Riverside,Booking.com,OTA,reservation,True,3,285.0,95.0,30886702,C-07
136686137,2026-05-24,2026-05-27,2026-05,2026,E,Edificio E — Budget Inn,Booking.com,OTA,reservation,True,3,150.0,50.0,17015110,E-11
128433727,2026-05-24,2026-05-28,2026-05,2026,D,Edificio D — Old Quarter,Airbnb,OTA,cancellation,False,4,352.0,88.0,92158418,D-05
129955935,2026-05-24,2026-05-29,2026-05,2026,B,Edificio B — City Center,Booking.com,OTA,reservation,True,5,642.0,128.4,91537303,B-08
132329417,2026-05-24,2026-05-29,2026-05,2026,C,Edificio C — Riverside,Booking.com,OTA,reservation,True,5,550.0,110.0,20311181,C-04
129412800,2026-05-24,2026-05-30,2026-05,2026,D,Edificio D — Old Quarter,Booking.com,OTA,reservation,True,6,684.0,114.0,89332403,D-07
130586965,2026-05-25,2026-05-26,2026-05,2026,E,Edificio E — Budget Inn,Booking.com,OTA,reservation,True,1,41.0,41.0,59649774,E-12
131987767,2026-05-25,2026-05-26,2026-05,2026,D,Edificio D — Old Quarter,Booking.com,OTA,reservation,True,1,89.0,89.0,71813719,D-08
132792722,2026-05-25,2026-05-26,2026-05,2026,E,Edificio E — Budget Inn,Airbnb,OTA,reservation,True,1,55.0,55.0,18979794,E-04
133601097,2026-05-25,2026-05-26,2026-05,2026,C,Edificio C — Riverside,Airbnb,OTA,reservation,True,1,115.0,115.0,14697451,C-01
134940292,2026-05-25,2026-05-26,2026-05,2026,E,Edificio E — Budget Inn,Booking.com,OTA,reservation,True,1,41.0,41.0,53985337,E-13
135108427,2026-05-25,2026-05-26,2026-05,2026,E,Edificio E — Budget Inn,Booking.com,OTA,reservation,True,1,50.0,50.0,78655281,E-07
135138727,2026-05-25,2026-05-26,2026-05,2026,E,Edificio E — Budget Inn,Booking.com,OTA,reservation,True,1,50.0,50.0,33645121,E-02
135242752,2026-05-25,2026-05-26,2026-05,2026,D,Edificio D — Old Quarter,Booking.com,OTA,reservation,True,1,119.0,119.0,66865477,D-05
137078872,2026-05-25,2026-05-26,2026-05,2026,C,Edificio C — Riverside,Booking.com,OTA,reservation,True,1,80.1,80.1,43827959,C-02
128470932,2026-05-25,2026-05-27,2026-05,2026,B,Edificio B — City Center,Airbnb,OTA,reservation,True,2,380.0,190.0,54877676,B-05
129461020,2026-05-25,2026-05-27,2026-05,2026,D,Edificio D — Old Quarter,Booking.com,OTA,cancellation,False,2,516.0,258.0,10420535,D-02
130896250,2026-05-25,2026-05-27,2026-05,2026,B,Edificio B — City Center,Booking.com,OTA,reservation,True,2,228.0,114.0,83760119,B-02
131132080,2026-05-25,2026-05-27,2026-05,2026,D,Edificio D — Old Quarter,Booking.com,OTA,reservation,True,2,460.0,230.0,70861095,D-04
129261272,2026-05-25,2026-05-28,2026-05,2026,C,Edificio C — Riverside,Booking.com,OTA,reservation,True,3,255.0,85.0,50251771,C-05
130564050,2026-05-25,2026-05-28,2026-05,2026,C,Edificio C — Riverside,Website,Directo,reservation,True,3,240.0,80.0,36990130,C-08
128567032,2026-05-25,2026-05-29,2026-05,2026,A,Edificio A — Urban District,Booking.com,OTA,cancellation,False,4,372.0,93.0,88991313,A-01
129817055,2026-05-25,2026-05-30,2026-05,2026,B,Edificio B — City Center,Booking.com,OTA,reservation,True,5,676.0,135.2,73570914,B-04
130724650,2026-05-25,2026-05-30,2026-05,2026,B,Edificio B — City Center,Airbnb,OTA,reservation,True,5,767.0,153.4,88065132,B-07
129553590,2026-05-26,2026-05-27,2026-05,2026,D,Edificio D — Old Quarter,Booking.com,OTA,modification of booking,False,1,110.0,110.0,26196206,D-03
132630377,2026-05-26,2026-05-27,2026-05,2026,E,Edificio E — Budget Inn,Booking.com,OTA,reservation,True,1,41.0,41.0,49907809,E-05
133614572,2026-05-26,2026-05-27,2026-05,2026,E,Edificio E — Budget Inn,Booking.com,OTA,reservation,True,1,49.2,49.2,44806046,E-06
134401512,2026-05-26,2026-05-27,2026-05,2026,C,Edificio C — Riverside,Airbnb,OTA,reservation,True,1,115.0,115.0,26378719,C-01
132192147,2026-05-17,2026-05-19,2026-05,2026,A,Edificio A — Urban District,Booking.com,OTA,reservation,True,2,117.0,58.5,65118163,A-01
128479527,2026-05-17,2026-05-20,2026-05,2026,B,Edificio B — City Center,Booking.com,OTA,reservation,True,3,255.0,85.0,33488096,B-09
129497600,2026-05-17,2026-05-20,2026-05,2026,A,Edificio A — Urban District,Booking.com,OTA,cancellation,False,3,210.6,70.2,71657419,A-01
129542475,2026-05-17,2026-05-20,2026-05,2026,C,Edificio C — Riverside,Airbnb,OTA,modification of booking,False,3,265.0,88.33333333333333,49860894,C-01
136811757,2026-05-17,2026-05-20,2026-05,2026,B,Edificio B — City Center,Booking.com,OTA,reservation,True,3,270.0,90.0,33140956,B-01
137378007,2026-05-17,2026-05-20,2026-05,2026,B,Edificio B — City Center,Airbnb,OTA,reservation,True,3,531.0,177.0,80032257,B-05
128747677,2026-05-17,2026-05-21,2026-05,2026,B,Edificio B — City Center,Booking.com,OTA,cancellation,False,4,432.0,108.0,45964379,B-01
137610767,2026-05-17,2026-05-21,2026-05,2026,E,Edificio E — Budget Inn,Booking.com,OTA,reservation,True,4,192.0,48.0,69471333,E-07
131257965,2026-05-17,2026-05-22,2026-05,2026,D,Edificio D — Old Quarter,Booking.com,OTA,reservation,True,5,1000.0,200.0,54970789,D-04
133210092,2026-05-17,2026-05-22,2026-05,2026,C,Edificio C — Riverside,Airbnb,OTA,reservation,True,5,455.0,91.0,82477665,C-04
134122712,2026-05-17,2026-05-22,2026-05,2026,E,Edificio E — Budget Inn,Booking.com,OTA,reservation,True,5,205.0,41.0,71627105,E-13
130031155,2026-05-18,2026-05-19,2026-05,2026,E,Edificio E — Budget Inn,Booking.com,OTA,reservation,True,1,50.0,50.0,44892194,E-08
130755540,2026-05-18,2026-05-19,2026-05,2026,C,Edificio C — Riverside,Airbnb,OTA,reservation,True,1,85.0,85.0,33667550,C-08
130768975,2026-05-18,2026-05-19,2026-05,2026,E,Edificio E — Budget Inn,Airbnb,OTA,cancellation,False,1,55.0,55.0,91835419,E-04
131172650,2026-05-18,2026-05-19,2026-05,2026,C,Edificio C — Riverside,Booking.com,OTA,cancellation,False,1,99.9,99.9,89919232,C-03
134578147,2026-05-18,2026-05-19,2026-05,2026,B,Edificio B — City Center,Airbnb,OTA,cancellation,False,1,197.0,197.0,48143290,B-05
135002122,2026-05-18,2026-05-19,2026-05,2026,E,Edificio E — Budget Inn,Booking.com,OTA,reservation,True,1,50.0,50.0,68139941,E-10
137607457,2026-05-18,2026-05-19,2026-05,2026,B,Edificio B — City Center,Booking.com,OTA,reservation,True,1,122.0,122.0,67896943,B-07
137718737,2026-05-18,2026-05-19,2026-05,2026,E,Edificio E — Budget Inn,Booking.com,OTA,reservation,True,1,36.0,36.0,89217601,E-05
129055227,2026-05-18,2026-05-20,2026-05,2026,D,Edificio D — Old Quarter,Booking.com,OTA,reservation,True,2,168.0,84.0,99512119,D-07
130202370,2026-05-18,2026-05-20,2026-05,2026,B,Edificio B — City Center,Booking.com,OTA,cancellation,False,2,242.4,121.2,34132088,B-03
130670985,2026-05-18,2026-05-20,2026-05,2026,A,Edificio A — Urban District,Booking.com,OTA,reservation,True,2,126.0,63.0,33445036,A-02
132758017,2026-05-18,2026-05-20,2026-05,2026,C,Edificio C — Riverside,Airbnb,OTA,reservation,True,2,160.0,80.0,30799429,C-03
137465927,2026-05-18,2026-05-20,2026-05,2026,C,Edificio C — Riverside,Booking.com,OTA,reservation,True,2,216.0,108.0,66479340,C-06
132924447,2026-05-18,2026-05-21,2026-05,2026,C,Edificio C — Riverside,Website,Directo,reservation,True,3,322.0,107.33333333333331,25320818,C-07
133096907,2026-05-18,2026-05-21,2026-05,2026,D,Edificio D — Old Quarter,Booking.com,OTA,reservation,True,3,258.0,86.0,46534487,D-05
129065497,2026-05-18,2026-05-22,2026-05,2026,D,Edificio D — Old Quarter,Booking.com,OTA,reservation,True,4,320.0,80.0,60886459,D-08
130811870,2026-05-18,2026-05-22,2026-05,2026,C,Edificio C — Riverside,Booking.com,OTA,reservation,True,4,370.0,92.5,58892950,C-05
134935027,2026-05-18,2026-05-22,2026-05,2026,E,Edificio E — Budget Inn,Booking.com,OTA,cancellation,False,4,196.8,49.2,40429381,E-06
97566328,2026-05-18,2026-05-31,2026-05,2026,A,Edificio A — Urban District,Blocked channel,Bloqueado,cancellation,False,13,0.0,0.0,UNKNOWN,A-01
97566398,2026-05-18,2026-05-31,2026-05,2026,A,Edificio A — Urban District,Blocked channel,Bloqueado,cancellation,False,13,0.0,0.0,UNKNOWN,A-02
97566408,2026-05-18,2026-05-31,2026-05,2026,B,Edificio B — City Center,Blocked channel,Bloqueado,cancellation,False,13,0.0,0.0,UNKNOWN,B-05
97566423,2026-05-18,2026-05-31,2026-05,2026,B,Edificio B — City Center,Blocked channel,Bloqueado,cancellation,False,13,0.0,0.0,UNKNOWN,B-07
97566453,2026-05-18,2026-05-31,2026-05,2026,B,Edificio B — City Center,Blocked channel,Bloqueado,cancellation,False,13,0.0,0.0,UNKNOWN,B-01
97566468,2026-05-18,2026-05-31,2026-05,2026,B,Edificio B — City Center,Blocked channel,Bloqueado,cancellation,False,13,0.0,0.0,UNKNOWN,B-08
97566473,2026-05-18,2026-05-31,2026-05,2026,B,Edificio B — City Center,Blocked channel,Bloqueado,cancellation,False,13,0.0,0.0,UNKNOWN,B-06
97566478,2026-05-18,2026-05-31,2026-05,2026,B,Edificio B — City Center,Blocked channel,Bloqueado,cancellation,False,13,0.0,0.0,UNKNOWN,B-09
97566488,2026-05-18,2026-05-31,2026-05,2026,B,Edificio B — City Center,Blocked channel,Bloqueado,cancellation,False,13,0.0,0.0,UNKNOWN,B-03
97566553,2026-05-18,2026-05-31,2026-05,2026,B,Edificio B — City Center,Blocked channel,Bloqueado,cancellation,False,13,0.0,0.0,UNKNOWN,B-04
97566583,2026-05-18,2026-05-31,2026-05,2026,B,Edificio B — City Center,Blocked channel,Bloqueado,cancellation,False,13,0.0,0.0,UNKNOWN,B-02
97566598,2026-05-18,2026-05-31,2026-05,2026,C,Edificio C — Riverside,Blocked channel,Bloqueado,cancellation,False,13,0.0,0.0,UNKNOWN,C-05
97566613,2026-05-18,2026-05-31,2026-05,2026,C,Edificio C — Riverside,Blocked channel,Bloqueado,cancellation,False,13,0.0,0.0,UNKNOWN,C-03
97566618,2026-05-18,2026-05-31,2026-05,2026,C,Edificio C — Riverside,Blocked channel,Bloqueado,cancellation,False,13,0.0,0.0,UNKNOWN,C-01
97566623,2026-05-18,2026-05-31,2026-05,2026,C,Edificio C — Riverside,Blocked channel,Bloqueado,cancellation,False,13,0.0,0.0,UNKNOWN,C-06
97566633,2026-05-18,2026-05-31,2026-05,2026,C,Edificio C — Riverside,Blocked channel,Bloqueado,cancellation,False,13,0.0,0.0,UNKNOWN,C-07
97566673,2026-05-18,2026-05-31,2026-05,2026,C,Edificio C — Riverside,Blocked channel,Bloqueado,cancellation,False,13,0.0,0.0,UNKNOWN,C-04
97566683,2026-05-18,2026-05-31,2026-05,2026,C,Edificio C — Riverside,Blocked channel,Bloqueado,cancellation,False,13,0.0,0.0,UNKNOWN,C-09
97566733,2026-05-18,2026-05-31,2026-05,2026,C,Edificio C — Riverside,Blocked channel,Bloqueado,cancellation,False,13,0.0,0.0,UNKNOWN,C-02
97566748,2026-05-18,2026-05-31,2026-05,2026,C,Edificio C — Riverside,Blocked channel,Bloqueado,cancellation,False,13,0.0,0.0,UNKNOWN,C-08
97566793,2026-05-18,2026-05-31,2026-05,2026,D,Edificio D — Old Quarter,Blocked channel,Bloqueado,cancellation,False,13,0.0,0.0,UNKNOWN,D-07
97566798,2026-05-18,2026-05-31,2026-05,2026,D,Edificio D — Old Quarter,Blocked channel,Bloqueado,cancellation,False,13,0.0,0.0,UNKNOWN,D-02
97566803,2026-05-18,2026-05-31,2026-05,2026,D,Edificio D — Old Quarter,Blocked channel,Bloqueado,cancellation,False,13,0.0,0.0,UNKNOWN,D-04
97566843,2026-05-18,2026-05-31,2026-05,2026,D,Edificio D — Old Quarter,Blocked channel,Bloqueado,cancellation,False,13,0.0,0.0,UNKNOWN,D-05
97566848,2026-05-18,2026-05-31,2026-05,2026,D,Edificio D — Old Quarter,Blocked channel,Bloqueado,cancellation,False,13,0.0,0.0,UNKNOWN,D-08
97566943,2026-05-18,2026-05-31,2026-05,2026,D,Edificio D — Old Quarter,Blocked channel,Bloqueado,cancellation,False,13,0.0,0.0,UNKNOWN,D-03
97566953,2026-05-18,2026-05-31,2026-05,2026,D,Edificio D — Old Quarter,Blocked channel,Bloqueado,cancellation,False,13,0.0,0.0,UNKNOWN,D-01
97566968,2026-05-18,2026-05-31,2026-05,2026,E,Edificio E — Budget Inn,Blocked channel,Bloqueado,cancellation,False,13,0.0,0.0,UNKNOWN,E-08
97566978,2026-05-18,2026-05-31,2026-05,2026,E,Edificio E — Budget Inn,Blocked channel,Bloqueado,cancellation,False,13,0.0,0.0,UNKNOWN,E-11
97566988,2026-05-18,2026-05-31,2026-05,2026,E,Edificio E — Budget Inn,Blocked channel,Bloqueado,cancellation,False,13,0.0,0.0,UNKNOWN,E-10
97567003,2026-05-18,2026-05-31,2026-05,2026,E,Edificio E — Budget Inn,Blocked channel,Bloqueado,cancellation,False,13,0.0,0.0,UNKNOWN,E-13
97567013,2026-05-18,2026-05-31,2026-05,2026,E,Edificio E — Budget Inn,Blocked channel,Bloqueado,cancellation,False,13,0.0,0.0,UNKNOWN,E-07
97567038,2026-05-18,2026-05-31,2026-05,2026,E,Edificio E — Budget Inn,Blocked channel,Bloqueado,cancellation,False,13,0.0,0.0,UNKNOWN,E-05
97567058,2026-05-18,2026-05-31,2026-05,2026,E,Edificio E — Budget Inn,Blocked channel,Bloqueado,cancellation,False,13,0.0,0.0,UNKNOWN,E-12
97567138,2026-05-18,2026-05-31,2026-05,2026,E,Edificio E — Budget Inn,Blocked channel,Bloqueado,cancellation,False,13,0.0,0.0,UNKNOWN,E-06
97567163,2026-05-18,2026-05-31,2026-05,2026,E,Edificio E — Budget Inn,Blocked channel,Bloqueado,cancellation,False,13,0.0,0.0,UNKNOWN,E-04
97567183,2026-05-18,2026-05-31,2026-05,2026,E,Edificio E — Budget Inn,Blocked channel,Bloqueado,cancellation,False,13,0.0,0.0,UNKNOWN,E-14
97567188,2026-05-18,2026-05-31,2026-05,2026,E,Edificio E — Budget Inn,Blocked channel,Bloqueado,cancellation,False,13,0.0,0.0,UNKNOWN,E-02
97567198,2026-05-18,2026-05-31,2026-05,2026,E,Edificio E — Budget Inn,Blocked channel,Bloqueado,cancellation,False,13,0.0,0.0,UNKNOWN,E-09
97567203,2026-05-18,2026-05-31,2026-05,2026,E,Edificio E — Budget Inn,Blocked channel,Bloqueado,cancellation,False,13,0.0,0.0,UNKNOWN,E-03
97567313,2026-05-18,2026-05-31,2026-05,2026,E,Edificio E — Budget Inn,Blocked channel,Bloqueado,cancellation,False,13,0.0,0.0,UNKNOWN,E-01
135045007,2026-05-19,2026-05-20,2026-05,2026,B,Edificio B — City Center,Booking.com,OTA,reservation,True,1,133.0,133.0,42657104,B-07
136465097,2026-05-19,2026-05-20,2026-05,2026,E,Edificio E — Budget Inn,Booking.com,OTA,reservation,True,1,49.2,49.2,63889705,E-05
137304782,2026-05-19,2026-05-20,2026-05,2026,C,Edificio C — Riverside,Website,Directo,reservation,True,1,80.0,80.0,43031620,C-08
128721632,2026-05-19,2026-05-21,2026-05,2026,B,Edificio B — City Center,Booking.com,OTA,reservation,True,2,170.0,85.0,47709520,B-04
128401047,2026-05-19,2026-05-22,2026-05,2026,B,Edificio B — City Center,Booking.com,OTA,modification of booking,False,3,288.0,96.0,85303253,B-02
134882182,2026-05-19,2026-05-22,2026-05,2026,E,Edificio E — Budget Inn,Booking.com,OTA,reservation,True,3,150.0,50.0,27522278,E-10
130602270,2026-05-19,2026-05-23,2026-05,2026,E,Edificio E — Budget Inn,Booking.com,OTA,cancellation,False,4,648.0,162.0,44957889,E-08
135205517,2026-05-19,2026-06-02,2026-05,2026,E,Edificio E — Budget Inn,Booking.com,OTA,reservation,True,14,1420.8,101.48571428571428,49479158,E-01
130728580,2026-05-20,2026-05-21,2026-05,2026,C,Edificio C — Riverside,Website,Directo,reservation,True,1,67.0,67.0,20369047,C-03
132597122,2026-05-20,2026-05-21,2026-05,2026,A,Edificio A — Urban District,Booking.com,OTA,reservation,True,1,58.5,58.5,63906791,A-01
134533157,2026-05-20,2026-05-21,2026-05,2026,C,Edificio C — Riverside,Airbnb,OTA,reservation,True,1,95.0,95.0,86734234,C-08
134888282,2026-05-20,2026-05-21,2026-05,2026,D,Edificio D — Old Quarter,Airbnb,OTA,reservation,True,1,154.0,154.0,65926964,D-01
137094467,2026-05-20,2026-05-21,2026-05,2026,B,Edificio B — City Center,Booking.com,OTA,reservation,True,1,105.0,105.0,35299374,B-01
137838887,2026-05-20,2026-05-21,2026-05,2026,E,Edificio E — Budget Inn,Booking.com,OTA,reservation,True,1,36.0,36.0,31088027,E-05
128440127,2026-05-20,2026-05-22,2026-05,2026,B,Edificio B — City Center,Booking.com,OTA,reservation,True,2,170.0,85.0,43552851,B-06
128460292,2026-05-20,2026-05-22,2026-05,2026,B,Edificio B — City Center,Airbnb,OTA,reservation,True,2,340.0,170.0,36554815,B-05
128613157,2026-05-20,2026-05-22,2026-05,2026,B,Edificio B — City Center,Booking.com,OTA,reservation,True,2,180.0,90.0,62887947,B-08
128892767,2026-05-20,2026-05-22,2026-05,2026,B,Edificio B — City Center,Booking.com,OTA,reservation,True,2,204.0,102.0,20945795,B-09
128921627,2026-05-20,2026-05-22,2026-05,2026,C,Edificio C — Riverside,Booking.com,OTA,cancellation,False,2,172.8,86.4,31341543,C-03
131131900,2026-05-20,2026-05-22,2026-05,2026,C,Edificio C — Riverside,Airbnb,OTA,reservation,True,2,170.0,85.0,24954722,C-01
131159100,2026-05-20,2026-05-22,2026-05,2026,C,Edificio C — Riverside,Booking.com,OTA,reservation,True,2,160.2,80.1,77540475,C-02
131906312,2026-05-20,2026-05-22,2026-05,2026,A,Edificio A — Urban District,Booking.com,OTA,cancellation,False,2,151.2,75.6,34638737,A-02
133430002,2026-05-20,2026-05-22,2026-05,2026,D,Edificio D — Old Quarter,Booking.com,OTA,reservation,True,2,184.0,92.0,57414916,D-07
133607082,2026-05-20,2026-05-22,2026-05,2026,C,Edificio C — Riverside,Website,Directo,reservation,True,2,160.0,80.0,72172739,C-06
133766407,2026-05-20,2026-05-22,2026-05,2026,A,Edificio A — Urban District,Booking.com,OTA,reservation,True,2,153.0,76.5,84773399,A-02
135637202,2026-05-20,2026-05-22,2026-05,2026,C,Edificio C — Riverside,Booking.com,OTA,modification of booking,False,2,238.0,119.0,81583408,C-09
128476392,2026-05-21,2026-05-22,2026-05,2026,E,Edificio E — Budget Inn,Booking.com,OTA,reservation,True,1,49.2,49.2,70596430,E-05
128655497,2026-05-21,2026-05-22,2026-05,2026,B,Edificio B — City Center,Booking.com,OTA,reservation,True,1,105.0,105.0,55238162,B-01
129014642,2026-05-21,2026-05-22,2026-05,2026,C,Edificio C — Riverside,Airbnb,OTA,reservation,True,1,85.0,85.0,61029467,C-08
129028052,2026-05-21,2026-05-22,2026-05,2026,E,Edificio E — Budget Inn,Booking.com,OTA,reservation,True,1,50.0,50.0,40548833,E-04
134815412,2026-05-26,2026-05-27,2026-05,2026,D,Edificio D — Old Quarter,Booking.com,OTA,reservation,True,1,80.0,80.0,34255658,D-08
136195822,2026-05-26,2026-05-27,2026-05,2026,C,Edificio C — Riverside,Booking.com,OTA,reservation,True,1,80.1,80.1,52501053,C-03
128644322,2026-05-26,2026-05-28,2026-05,2026,B,Edificio B — City Center,Booking.com,OTA,reservation,True,2,180.0,90.0,74352023,B-01
129091967,2026-05-26,2026-05-28,2026-05,2026,OTRO,Otros,Direct booking,Directo,modification of booking,False,2,50.0,25.0,80307603,OTRO-01
133766442,2026-05-26,2026-05-28,2026-05,2026,E,Edificio E — Budget Inn,Booking.com,OTA,reservation,True,2,82.0,41.0,27992611,E-12
134401542,2026-05-26,2026-05-28,2026-05,2026,E,Edificio E — Budget Inn,Airbnb,OTA,reservation,True,2,110.0,55.0,16222196,E-04
135407842,2026-05-26,2026-05-28,2026-05,2026,A,Edificio A — Urban District,Booking.com,OTA,reservation,True,2,130.0,65.0,13279280,A-01
136227777,2026-05-26,2026-05-28,2026-05,2026,C,Edificio C — Riverside,Booking.com,OTA,reservation,True,2,190.0,95.0,86781366,C-06
136691657,2026-05-26,2026-05-28,2026-05,2026,E,Edificio E — Budget Inn,Booking.com,OTA,reservation,True,2,115.2,57.6,60345504,E-08
130640020,2026-05-26,2026-05-29,2026-05,2026,D,Edificio D — Old Quarter,Booking.com,OTA,reservation,True,3,267.0,89.0,88016752,D-05
134171337,2026-05-26,2026-05-29,2026-05,2026,D,Edificio D — Old Quarter,Airbnb,OTA,reservation,True,3,462.0,154.0,34976858,D-01
136551402,2026-05-26,2026-05-29,2026-05,2026,C,Edificio C — Riverside,Airbnb,OTA,reservation,True,3,267.0,89.0,68452599,C-09
128984062,2026-05-26,2026-05-30,2026-05,2026,B,Edificio B — City Center,Booking.com,OTA,reservation,True,4,490.0,122.5,70960451,B-09
132584087,2026-05-26,2026-05-30,2026-05,2026,C,Edificio C — Riverside,Airbnb,OTA,reservation,True,4,498.0,124.5,91018206,C-02
128400837,2026-05-27,2026-05-28,2026-05,2026,B,Edificio B — City Center,Booking.com,OTA,reservation,True,1,95.0,95.0,24864645,B-02
130079600,2026-05-27,2026-05-28,2026-05,2026,E,Edificio E — Budget Inn,Booking.com,OTA,cancellation,False,1,49.2,49.2,25746353,E-05
130625425,2026-05-27,2026-05-28,2026-05,2026,C,Edificio C — Riverside,Airbnb,OTA,cancellation,False,1,95.0,95.0,85583667,C-01
132894952,2026-05-27,2026-05-28,2026-05,2026,B,Edificio B — City Center,Booking.com,OTA,reservation,True,1,116.0,116.0,17885671,B-03
133095032,2026-05-27,2026-05-28,2026-05,2026,D,Edificio D — Old Quarter,Direct booking,Directo,cancellation,False,1,148.0,148.0,52389535,D-03
133117692,2026-05-27,2026-05-28,2026-05,2026,D,Edificio D — Old Quarter,Direct booking,Directo,modification of booking,False,1,230.0,230.0,87037624,D-03
133264782,2026-05-27,2026-05-28,2026-05,2026,E,Edificio E — Budget Inn,Booking.com,OTA,reservation,True,1,49.2,49.2,20711074,E-13
134417262,2026-05-27,2026-05-28,2026-05,2026,E,Edificio E — Budget Inn,Booking.com,OTA,cancellation,False,1,60.0,60.0,17357643,E-07
135700852,2026-05-27,2026-05-28,2026-05,2026,B,Edificio B — City Center,Booking.com,OTA,reservation,True,1,207.0,207.0,17903421,B-05
136405642,2026-05-27,2026-05-28,2026-05,2026,B,Edificio B — City Center,Booking.com,OTA,reservation,True,1,122.0,122.0,34128869,B-06
132832332,2026-05-27,2026-05-29,2026-05,2026,D,Edificio D — Old Quarter,Booking.com,OTA,reservation,True,2,178.0,89.0,67252735,D-08
137095692,2026-05-27,2026-05-29,2026-05,2026,E,Edificio E — Budget Inn,Booking.com,OTA,reservation,True,2,82.0,41.0,38077468,E-06
131391100,2026-05-27,2026-05-31,2026-05,2026,C,Edificio C — Riverside,Booking.com,OTA,cancellation,False,4,794.4,198.6,75768626,C-04
129047967,2026-05-28,2026-05-29,2026-05,2026,A,Edificio A — Urban District,Booking.com,OTA,reservation,True,1,58.5,58.5,25806923,A-01
129181897,2026-05-28,2026-05-29,2026-05,2026,C,Edificio C — Riverside,Booking.com,OTA,cancellation,False,1,86.4,86.4,20463225,C-03
129453980,2026-05-28,2026-05-29,2026-05,2026,C,Edificio C — Riverside,Booking.com,OTA,reservation,True,1,105.3,105.3,30842706,C-07
130343405,2026-05-28,2026-05-29,2026-05,2026,E,Edificio E — Budget Inn,Booking.com,OTA,reservation,True,1,49.2,49.2,78442942,E-12
132508137,2026-05-28,2026-05-29,2026-05,2026,C,Edificio C — Riverside,Airbnb,OTA,cancellation,False,1,115.0,115.0,67859333,C-01
132560342,2026-05-28,2026-05-29,2026-05,2026,B,Edificio B — City Center,Airbnb,OTA,reservation,True,1,107.0,107.0,42683890,B-06
133307917,2026-05-28,2026-05-29,2026-05,2026,E,Edificio E — Budget Inn,Booking.com,OTA,modification of booking,False,1,50.0,50.0,12876822,E-08
133339767,2026-05-28,2026-05-29,2026-05,2026,B,Edificio B — City Center,Booking.com,OTA,reservation,True,1,101.0,101.0,15142570,B-03
134146937,2026-05-28,2026-05-29,2026-05,2026,B,Edificio B — City Center,Booking.com,OTA,reservation,True,1,95.0,95.0,36231557,B-02
135993702,2026-05-28,2026-05-29,2026-05,2026,D,Edificio D — Old Quarter,Booking.com,OTA,reservation,True,1,170.0,170.0,87234337,D-02
136091467,2026-05-28,2026-05-29,2026-05,2026,B,Edificio B — City Center,Booking.com,OTA,reservation,True,1,107.0,107.0,39170374,B-01
136632027,2026-05-28,2026-05-29,2026-05,2026,D,Edificio D — Old Quarter,Airbnb,OTA,cancellation,False,1,154.0,154.0,52517803,D-04
137443882,2026-05-28,2026-05-29,2026-05,2026,C,Edificio C — Riverside,Airbnb,OTA,reservation,True,1,115.0,115.0,70530707,C-01
137601972,2026-05-28,2026-05-29,2026-05,2026,E,Edificio E — Budget Inn,Airbnb,OTA,reservation,True,1,36.0,36.0,60678388,E-13
137868312,2026-05-28,2026-05-29,2026-05,2026,E,Edificio E — Budget Inn,Booking.com,OTA,reservation,True,1,41.0,41.0,71711961,E-05
131636110,2026-05-28,2026-05-30,2026-05,2026,E,Edificio E — Budget Inn,Booking.com,OTA,modification of booking,False,2,109.2,54.6,66494522,E-15
133021032,2026-05-28,2026-05-30,2026-05,2026,E,Edificio E — Budget Inn,Booking.com,OTA,cancellation,False,2,174.0,87.0,19202002,E-09
134463162,2026-05-28,2026-05-30,2026-05,2026,A,Edificio A — Urban District,Booking.com,OTA,reservation,True,2,261.0,130.5,93238911,A-02
135538402,2026-05-28,2026-05-30,2026-05,2026,C,Edificio C — Riverside,Booking.com,OTA,reservation,True,2,306.9,153.45,12196228,C-03
137165867,2026-05-28,2026-05-30,2026-05,2026,C,Edificio C — Riverside,Booking.com,OTA,reservation,True,2,397.2,198.6,54165628,C-08
129106017,2026-05-28,2026-05-31,2026-05,2026,B,Edificio B — City Center,Booking.com,OTA,reservation,True,3,1330.0,443.3333333333333,18209433,B-05
130146360,2026-05-28,2026-05-31,2026-05,2026,E,Edificio E — Budget Inn,Booking.com,OTA,modification of booking,False,3,288.0,96.0,43785255,E-18
133162397,2026-05-28,2026-06-02,2026-05,2026,C,Edificio C — Riverside,Booking.com,OTA,reservation,True,5,990.6,198.12,43388393,C-05
128555282,2026-05-29,2026-05-30,2026-05,2026,E,Edificio E — Budget Inn,Airbnb,OTA,cancellation,False,1,100.0,100.0,44345878,E-10
129627165,2026-05-29,2026-05-30,2026-05,2026,E,Edificio E — Budget Inn,Booking.com,OTA,reservation,True,1,60.0,60.0,22099341,E-12
129627170,2026-05-29,2026-05-30,2026-05,2026,E,Edificio E — Budget Inn,Booking.com,OTA,reservation,True,1,60.0,60.0,51819330,E-05
129804935,2026-05-29,2026-05-30,2026-05,2026,E,Edificio E — Budget Inn,Booking.com,OTA,reservation,True,1,95.0,95.0,65784024,E-02
131838970,2026-05-29,2026-05-30,2026-05,2026,E,Edificio E — Budget Inn,Booking.com,OTA,modification of booking,False,1,60.0,60.0,34097766,E-17
132317997,2026-05-29,2026-05-30,2026-05,2026,E,Edificio E — Budget Inn,Booking.com,OTA,reservation,True,1,95.0,95.0,17743501,E-08
133146917,2026-05-29,2026-05-30,2026-05,2026,E,Edificio E — Budget Inn,Booking.com,OTA,reservation,True,1,114.0,114.0,70479984,E-09
133437577,2026-05-29,2026-05-30,2026-05,2026,C,Edificio C — Riverside,Airbnb,OTA,reservation,True,1,255.0,255.0,61769494,C-01
137095867,2026-05-29,2026-05-30,2026-05,2026,C,Edificio C — Riverside,Booking.com,OTA,reservation,True,1,251.0,251.0,46855273,C-04
137202317,2026-05-29,2026-05-30,2026-05,2026,E,Edificio E — Budget Inn,Booking.com,OTA,reservation,True,1,71.0,71.0,79744798,E-14
137471557,2026-05-29,2026-05-30,2026-05,2026,E,Edificio E — Budget Inn,Airbnb,OTA,reservation,True,1,100.0,100.0,16461207,E-04
128671172,2026-05-29,2026-05-31,2026-05,2026,B,Edificio B — City Center,Booking.com,OTA,reservation,True,2,624.0,312.0,62378358,B-06
128671177,2026-05-29,2026-05-31,2026-05,2026,B,Edificio B — City Center,Booking.com,OTA,reservation,True,2,614.4,307.2,62378358,B-02
128671182,2026-05-29,2026-05-31,2026-05,2026,B,Edificio B — City Center,Booking.com,OTA,reservation,True,2,594.0,297.0,62378358,B-03
128820112,2026-05-29,2026-05-31,2026-05,2026,E,Edificio E — Budget Inn,Airbnb,OTA,reservation,True,2,111.0,55.5,53975288,E-13
128984687,2026-05-29,2026-05-31,2026-05,2026,E,Edificio E — Budget Inn,Booking.com,OTA,cancellation,False,2,228.0,114.0,84585026,E-04
129389500,2026-05-29,2026-05-31,2026-05,2026,E,Edificio E — Budget Inn,Booking.com,OTA,cancellation,False,2,228.0,114.0,73096966,E-07
131186885,2026-05-29,2026-05-31,2026-05,2026,E,Edificio E — Budget Inn,Booking.com,OTA,reservation,True,2,202.0,101.0,12876822,E-11
132063007,2026-05-29,2026-05-31,2026-05,2026,D,Edificio D — Old Quarter,Booking.com,OTA,reservation,True,2,1300.0,650.0,42995880,D-04
133694352,2026-05-29,2026-05-31,2026-05,2026,E,Edificio E — Budget Inn,Booking.com,OTA,reservation,True,2,190.0,95.0,48055400,E-07
135312042,2026-05-29,2026-05-31,2026-05,2026,C,Edificio C — Riverside,Booking.com,OTA,reservation,True,2,502.0,251.0,29150680,C-07
135312047,2026-05-29,2026-05-31,2026-05,2026,C,Edificio C — Riverside,Booking.com,OTA,reservation,True,2,532.0,266.0,29150680,C-06
135633042,2026-05-29,2026-05-31,2026-05,2026,E,Edificio E — Budget Inn,Booking.com,OTA,cancellation,False,2,177.6,88.8,38511975,E-06
135675157,2026-05-29,2026-05-31,2026-05,2026,E,Edificio E — Budget Inn,Booking.com,OTA,cancellation,False,2,283.2,141.6,38511975,E-10
136276212,2026-05-29,2026-05-31,2026-05,2026,E,Edificio E — Budget Inn,Booking.com,OTA,reservation,True,2,148.0,74.0,24647897,E-06
128457667,2026-05-29,2026-06-01,2026-05,2026,D,Edificio D — Old Quarter,Booking.com,OTA,reservation,True,3,1320.0,440.0,77741729,D-02
128457672,2026-05-29,2026-06-01,2026-05,2026,D,Edificio D — Old Quarter,Booking.com,OTA,reservation,True,3,632.0,210.66666666666663,77741729,D-08
128621837,2026-05-29,2026-06-01,2026-05,2026,B,Edificio B — City Center,Booking.com,OTA,reservation,True,3,684.0,228.0,46763481,B-01
128776522,2026-05-29,2026-06-01,2026-05,2026,E,Edificio E — Budget Inn,Booking.com,OTA,modification of booking,False,3,152.0,50.66666666666666,12554811,E-03
128776622,2026-05-29,2026-06-01,2026-05,2026,E,Edificio E — Budget Inn,Booking.com,OTA,modification of booking,False,3,152.0,50.66666666666666,30452056,E-16
129181697,2026-05-29,2026-06-01,2026-05,2026,D,Edificio D — Old Quarter,Booking.com,OTA,cancellation,False,3,1728.0,576.0,47979662,D-04
137248167,2026-05-29,2026-06-01,2026-05,2026,D,Edificio D — Old Quarter,Booking.com,OTA,reservation,True,3,592.0,197.3333333333333,49904516,D-05
132438677,2026-05-29,2026-06-02,2026-05,2026,B,Edificio B — City Center,Booking.com,OTA,reservation,True,4,785.0,196.25,75034271,B-08
136678577,2026-05-29,2026-06-02,2026-05,2026,OTRO,Otros,Direct booking,Directo,modification of booking,False,4,100.0,25.0,11269453,OTRO-01
131584640,2026-05-29,2026-06-03,2026-05,2026,A,Edificio A — Urban District,Booking.com,OTA,reservation,True,5,649.8,129.95999999999998,11797112,A-01
133161847,2026-05-29,2026-06-03,2026-05,2026,C,Edificio C — Riverside,Booking.com,OTA,cancellation,False,5,972.6,194.52,80386299,C-08
135409937,2026-05-29,2026-06-03,2026-05,2026,E,Edificio E — Budget Inn,Booking.com,OTA,cancellation,False,5,325.2,65.03999999999999,52501914,E-14
136022122,2026-05-29,2026-06-03,2026-05,2026,E,Edificio E — Budget Inn,Booking.com,OTA,reservation,True,5,463.2,92.64,52501914,E-10
128400952,2026-05-30,2026-05-31,2026-05,2026,E,Edificio E — Budget Inn,Booking.com,OTA,reservation,True,1,73.2,73.2,72270298,E-12
128782522,2026-05-30,2026-05-31,2026-05,2026,B,Edificio B — City Center,Airbnb,OTA,reservation,True,1,311.0,311.0,83436166,B-07
128964762,2026-05-30,2026-05-31,2026-05,2026,E,Edificio E — Budget Inn,Booking.com,OTA,reservation,True,1,114.0,114.0,91190292,E-08
129609600,2026-05-30,2026-05-31,2026-05,2026,B,Edificio B — City Center,Booking.com,OTA,reservation,True,1,302.0,302.0,36349124,B-09
130614260,2026-05-30,2026-05-31,2026-05,2026,E,Edificio E — Budget Inn,Booking.com,OTA,reservation,True,1,95.0,95.0,36090683,E-02
132552482,2026-05-30,2026-05-31,2026-05,2026,E,Edificio E — Budget Inn,Booking.com,OTA,reservation,True,1,128.4,128.4,31483125,E-09
132740142,2026-05-30,2026-05-31,2026-05,2026,E,Edificio E — Budget Inn,Booking.com,OTA,reservation,True,1,78.0,78.0,20708589,E-05
132913412,2026-05-30,2026-05-31,2026-05,2026,E,Edificio E — Budget Inn,Booking.com,OTA,modification of booking,False,1,85.2,85.2,53730539,E-17
134101877,2026-05-30,2026-05-31,2026-05,2026,E,Edificio E — Budget Inn,Booking.com,OTA,modification of booking,False,1,71.0,71.0,87247289,E-15
134751697,2026-05-30,2026-05-31,2026-05,2026,B,Edificio B — City Center,Airbnb,OTA,reservation,True,1,312.0,312.0,51199849,B-04
134884417,2026-05-30,2026-05-31,2026-05,2026,C,Edificio C — Riverside,Booking.com,OTA,reservation,True,1,298.2,298.2,87203996,C-04
136247772,2026-05-30,2026-05-31,2026-05,2026,C,Edificio C — Riverside,Booking.com,OTA,reservation,True,1,313.2,313.2,56070710,C-08
132983532,2026-06-20,2026-06-21,2026-06,2026,E,Edificio E — Budget Inn,Booking.com,OTA,reservation,True,1,73.2,73.2,42547506,E-05
133021177,2026-06-20,2026-06-21,2026-06,2026,E,Edificio E — Budget Inn,Booking.com,OTA,cancellation,False,1,73.2,73.2,86354948,E-13
133155097,2026-06-20,2026-06-21,2026-06,2026,C,Edificio C — Riverside,Airbnb,OTA,cancellation,False,1,215.0,215.0,63185654,C-09
133172487,2026-06-20,2026-06-21,2026-06,2026,C,Edificio C — Riverside,Airbnb,OTA,reservation,True,1,215.0,215.0,64347446,C-09
133250957,2026-06-20,2026-06-21,2026-06,2026,E,Edificio E — Budget Inn,Booking.com,OTA,reservation,True,1,73.2,73.2,34433625,E-14
133250967,2026-06-20,2026-06-21,2026-06,2026,E,Edificio E — Budget Inn,Booking.com,OTA,reservation,True,1,73.2,73.2,34433625,E-12
133250972,2026-06-20,2026-06-21,2026-06,2026,E,Edificio E — Budget Inn,Booking.com,OTA,reservation,True,1,78.0,78.0,34433625,E-03
133250977,2026-06-20,2026-06-21,2026-06,2026,E,Edificio E — Budget Inn,Booking.com,OTA,reservation,True,1,78.0,78.0,34433625,E-01
133250982,2026-06-20,2026-06-21,2026-06,2026,E,Edificio E — Budget Inn,Booking.com,OTA,modification of booking,False,1,73.2,73.2,34433625,E-15
133981452,2026-06-20,2026-06-21,2026-06,2026,B,Edificio B — City Center,Booking.com,OTA,reservation,True,1,290.0,290.0,51042276,B-07
134711007,2026-06-20,2026-06-21,2026-06,2026,C,Edificio C — Riverside,Booking.com,OTA,reservation,True,1,270.0,270.0,33340565,C-04
135385507,2026-06-20,2026-06-21,2026-06,2026,E,Edificio E — Budget Inn,Booking.com,OTA,cancellation,False,1,141.6,141.6,27242070,E-08
135849402,2026-06-20,2026-06-21,2026-06,2026,E,Edificio E — Budget Inn,Booking.com,OTA,cancellation,False,1,73.2,73.2,84674439,E-13
136139092,2026-06-20,2026-06-21,2026-06,2026,E,Edificio E — Budget Inn,Booking.com,OTA,reservation,True,1,61.0,61.0,42750281,E-13
136585307,2026-06-20,2026-06-21,2026-06,2026,C,Edificio C — Riverside,Booking.com,OTA,reservation,True,1,194.4,194.4,71802320,C-02
136753172,2026-06-20,2026-06-21,2026-06,2026,C,Edificio C — Riverside,Booking.com,OTA,reservation,True,1,270.0,270.0,74783704,C-06
136800362,2026-06-20,2026-06-21,2026-06,2026,C,Edificio C — Riverside,Booking.com,OTA,reservation,True,1,270.0,270.0,83745925,C-01
137680122,2026-06-20,2026-06-21,2026-06,2026,A,Edificio A — Urban District,Booking.com,OTA,reservation,True,1,135.0,135.0,80151370,A-01
137709712,2026-06-20,2026-06-21,2026-06,2026,E,Edificio E — Budget Inn,Booking.com,OTA,reservation,True,1,141.6,141.6,74493362,E-08
131386000,2026-06-20,2026-06-22,2026-06,2026,A,Edificio A — Urban District,Booking.com,OTA,cancellation,False,2,249.48,124.74,54640065,A-01
132510472,2026-06-20,2026-06-23,2026-06,2026,A,Edificio A — Urban District,Booking.com,OTA,reservation,True,3,337.5,112.5,29153961,A-02
136103032,2026-06-20,2026-06-23,2026-06,2026,D,Edificio D — Old Quarter,Booking.com,OTA,reservation,True,3,323.0,107.66666666666669,45771506,D-07
132560657,2026-06-21,2026-06-23,2026-06,2026,C,Edificio C — Riverside,Airbnb,OTA,reservation,True,2,180.0,90.0,71077403,C-03
132758027,2026-06-21,2026-06-23,2026-06,2026,B,Edificio B — City Center,Airbnb,OTA,reservation,True,2,360.0,180.0,20368073,B-05
133451907,2026-06-21,2026-06-23,2026-06,2026,D,Edificio D — Old Quarter,Booking.com,OTA,reservation,True,2,180.0,90.0,39511810,D-08
130680150,2026-06-21,2026-06-24,2026-06,2026,B,Edificio B — City Center,Booking.com,OTA,reservation,True,3,324.0,108.0,60505107,B-02
133153107,2026-06-21,2026-06-24,2026-06,2026,D,Edificio D — Old Quarter,Airbnb,OTA,reservation,True,3,643.5,214.5,34997718,D-01
135735377,2026-06-21,2026-06-24,2026-06,2026,D,Edificio D — Old Quarter,Airbnb,OTA,reservation,True,3,594.0,198.0,38484152,D-04
133224597,2026-06-22,2026-06-23,2026-06,2026,B,Edificio B — City Center,Airbnb,OTA,reservation,True,1,170.0,170.0,59190118,B-07
135518342,2026-06-22,2026-06-23,2026-06,2026,E,Edificio E — Budget Inn,Booking.com,OTA,reservation,True,1,48.0,48.0,14117814,E-09
137213492,2026-06-22,2026-06-23,2026-06,2026,B,Edificio B — City Center,Airbnb,OTA,reservation,True,1,110.0,110.0,32502726,B-06
132803557,2026-06-22,2026-06-25,2026-06,2026,C,Edificio C — Riverside,Booking.com,OTA,reservation,True,3,332.1,110.7,13926597,C-09
135427337,2026-06-22,2026-06-26,2026-06,2026,D,Edificio D — Old Quarter,Booking.com,OTA,reservation,True,4,420.0,105.0,84015169,D-05
137201667,2026-06-22,2026-06-26,2026-06,2026,C,Edificio C — Riverside,Booking.com,OTA,reservation,True,4,580.0,145.0,17595899,C-07
131003455,2026-06-23,2026-06-24,2026-06,2026,C,Edificio C — Riverside,Booking.com,OTA,cancellation,False,1,99.63,99.63,26798416,C-03
131226980,2026-06-23,2026-06-24,2026-06,2026,C,Edificio C — Riverside,Booking.com,OTA,reservation,True,1,111.78,111.78,21691578,C-02
132581372,2026-06-23,2026-06-24,2026-06,2026,B,Edificio B — City Center,Airbnb,OTA,reservation,True,1,170.0,170.0,13806195,B-07
134570767,2026-06-23,2026-06-24,2026-06,2026,B,Edificio B — City Center,Booking.com,OTA,reservation,True,1,125.0,125.0,43086649,B-04
130625365,2026-06-23,2026-06-25,2026-06,2026,B,Edificio B — City Center,Airbnb,OTA,cancellation,False,2,320.0,160.0,36895306,B-05
134232727,2026-06-23,2026-06-25,2026-06,2026,B,Edificio B — City Center,Booking.com,OTA,reservation,True,2,250.0,125.0,51112223,B-03
136380377,2026-06-23,2026-06-25,2026-06,2026,D,Edificio D — Old Quarter,Booking.com,OTA,reservation,True,2,224.4,112.2,74055926,D-07
137577217,2026-06-23,2026-06-25,2026-06,2026,C,Edificio C — Riverside,Booking.com,OTA,reservation,True,2,262.0,131.0,20795921,C-06
132733157,2026-06-23,2026-06-26,2026-06,2026,B,Edificio B — City Center,Booking.com,OTA,reservation,True,3,363.0,121.0,21800534,B-08
133366812,2026-06-23,2026-06-26,2026-06,2026,B,Edificio B — City Center,Airbnb,OTA,reservation,True,3,330.0,110.0,46059693,B-06
134500042,2026-06-23,2026-06-26,2026-06,2026,C,Edificio C — Riverside,Booking.com,OTA,reservation,True,3,363.6,121.2,21334956,C-08
136644712,2026-06-23,2026-06-26,2026-06,2026,C,Edificio C — Riverside,Airbnb,OTA,reservation,True,3,303.0,101.0,76004016,C-01
134374507,2026-06-23,2026-06-28,2026-06,2026,E,Edificio E — Budget Inn,Booking.com,OTA,reservation,True,5,291.6,58.32000000000001,62845476,E-12
133426422,2026-06-24,2026-06-25,2026-06,2026,B,Edificio B — City Center,Airbnb,OTA,reservation,True,1,200.0,200.0,19651411,B-05
136031662,2026-06-24,2026-06-25,2026-06,2026,D,Edificio D — Old Quarter,Booking.com,OTA,reservation,True,1,120.0,120.0,23011870,D-08
136387017,2026-06-24,2026-06-25,2026-06,2026,E,Edificio E — Budget Inn,Airbnb,OTA,cancellation,False,1,55.0,55.0,33604415,E-04
136593472,2026-06-24,2026-06-25,2026-06,2026,C,Edificio C — Riverside,Booking.com,OTA,reservation,True,1,138.0,138.0,72324831,C-02
131156420,2026-06-24,2026-06-26,2026-06,2026,B,Edificio B — City Center,Booking.com,OTA,reservation,True,2,242.0,121.0,72597523,B-01
132202022,2026-06-24,2026-06-26,2026-06,2026,B,Edificio B — City Center,Booking.com,OTA,reservation,True,2,264.0,132.0,30690714,B-09
133077352,2026-06-24,2026-06-26,2026-06,2026,C,Edificio C — Riverside,Airbnb,OTA,reservation,True,2,180.0,90.0,37899649,C-03
137052332,2026-06-24,2026-06-26,2026-06,2026,D,Edificio D — Old Quarter,Airbnb,OTA,reservation,True,2,462.0,231.0,30685160,D-03
133027262,2026-06-24,2026-06-27,2026-06,2026,A,Edificio A — Urban District,Booking.com,OTA,cancellation,False,3,345.6,115.2,16293174,A-02
133118207,2026-06-24,2026-06-27,2026-06,2026,D,Edificio D — Old Quarter,Airbnb,OTA,reservation,True,3,737.0,245.66666666666663,37203270,D-01
135618307,2026-06-24,2026-06-27,2026-06,2026,D,Edificio D — Old Quarter,Airbnb,OTA,reservation,True,3,966.9,322.3,24722516,D-04
136245032,2026-06-24,2026-06-27,2026-06,2026,D,Edificio D — Old Quarter,Airbnb,OTA,reservation,True,3,948.2,316.06666666666666,54675889,D-02
135291007,2026-06-24,2026-06-28,2026-06,2026,B,Edificio B — City Center,Booking.com,OTA,reservation,True,4,655.2,163.8,21982966,B-02
130737705,2026-06-25,2026-06-26,2026-06,2026,B,Edificio B — City Center,Airbnb,OTA,reservation,True,1,200.0,200.0,84401513,B-05
131669240,2026-06-25,2026-06-27,2026-06,2026,A,Edificio A — Urban District,Booking.com,OTA,reservation,True,2,254.88,127.44,41574834,A-01
132732767,2026-06-25,2026-06-27,2026-06,2026,OTRO,Otros,Direct booking,Directo,modification of booking,False,2,50.0,25.0,44558521,OTRO-03
133606047,2026-06-26,2026-06-28,2026-06,2026,D,Edificio D — Old Quarter,Airbnb,OTA,reservation,True,2,748.0,374.0,60769129,D-03
131528910,2026-06-27,2026-06-28,2026-06,2026,E,Edificio E — Budget Inn,Booking.com,OTA,reservation,True,1,84.0,84.0,59719687,E-09
131528915,2026-06-27,2026-06-28,2026-06,2026,E,Edificio E — Budget Inn,Booking.com,OTA,reservation,True,1,84.0,84.0,59719687,E-08
132235177,2026-06-27,2026-06-29,2026-06,2026,A,Edificio A — Urban District,Booking.com,OTA,reservation,True,2,265.5,132.75,35261107,A-02
130446915,2026-06-27,2026-06-30,2026-06,2026,B,Edificio B — City Center,Airbnb,OTA,reservation,True,3,660.0,220.0,83862778,B-05
137450092,2026-06-27,2026-06-30,2026-06,2026,B,Edificio B — City Center,Booking.com,OTA,reservation,True,3,473.0,157.66666666666666,90027555,B-08
133267042,2026-06-27,2026-07-01,2026-06,2026,B,Edificio B — City Center,Airbnb,OTA,reservation,True,4,630.0,157.5,10035870,B-07
132732212,2026-06-28,2026-06-29,2026-06,2026,E,Edificio E — Budget Inn,Booking.com,OTA,reservation,True,1,60.0,60.0,31376115,E-08
132182047,2026-06-28,2026-06-30,2026-06,2026,C,Edificio C — Riverside,Airbnb,OTA,reservation,True,2,202.0,101.0,52379968,C-01
132250037,2026-06-28,2026-06-30,2026-06,2026,C,Edificio C — Riverside,Booking.com,OTA,reservation,True,2,223.56,111.78,31799833,C-03
135081037,2026-06-28,2026-07-01,2026-06,2026,D,Edificio D — Old Quarter,Airbnb,OTA,reservation,True,3,808.5,269.5,12850487,D-04
135268907,2026-06-29,2026-06-30,2026-06,2026,C,Edificio C — Riverside,Booking.com,OTA,reservation,True,1,124.2,124.2,77606104,C-02
133244987,2026-06-29,2026-07-01,2026-06,2026,B,Edificio B — City Center,Booking.com,OTA,reservation,True,2,216.0,108.0,68095181,B-02
134977027,2026-06-29,2026-07-01,2026-06,2026,B,Edificio B — City Center,Booking.com,OTA,reservation,True,2,220.0,110.0,74248920,B-09
135324882,2026-06-29,2026-07-01,2026-06,2026,OTRO,Otros,Direct booking,Directo,reservation,True,2,50.0,25.0,58149550,OTRO-01
132422452,2026-06-29,2026-07-02,2026-06,2026,E,Edificio E — Budget Inn,Airbnb,OTA,reservation,True,3,170.0,56.66666666666666,10136319,E-04
131111115,2026-06-29,2026-07-03,2026-06,2026,B,Edificio B — City Center,Booking.com,OTA,reservation,True,4,552.0,138.0,19895615,B-04
131341915,2026-06-29,2026-07-03,2026-06,2026,C,Edificio C — Riverside,Airbnb,OTA,reservation,True,4,444.0,111.0,16337873,C-08
132743832,2026-06-29,2026-07-03,2026-06,2026,A,Edificio A — Urban District,Booking.com,OTA,cancellation,False,4,498.96,124.74,65202380,A-02
131566555,2026-06-30,2026-07-01,2026-06,2026,C,Edificio C — Riverside,Booking.com,OTA,cancellation,False,1,99.63,99.63,75985660,C-02
134753807,2026-06-30,2026-07-01,2026-06,2026,B,Edificio B — City Center,Booking.com,OTA,reservation,True,1,121.0,121.0,45031322,B-08
132181477,2026-06-30,2026-07-02,2026-06,2026,B,Edificio B — City Center,Airbnb,OTA,reservation,True,2,370.0,185.0,23870755,B-05
134394972,2026-06-30,2026-07-02,2026-06,2026,C,Edificio C — Riverside,Booking.com,OTA,reservation,True,2,191.0,95.5,25642045,C-09
136117472,2026-06-30,2026-07-02,2026-06,2026,B,Edificio B — City Center,Airbnb,OTA,reservation,True,2,230.0,115.0,83150796,B-06
136493217,2026-06-30,2026-07-02,2026-06,2026,B,Edificio B — City Center,Booking.com,OTA,reservation,True,2,230.0,115.0,67120740,B-03
132897777,2026-06-30,2026-07-03,2026-06,2026,B,Edificio B — City Center,Airbnb,OTA,reservation,True,3,441.0,147.0,61974590,B-01
133210652,2026-06-30,2026-07-03,2026-06,2026,C,Edificio C — Riverside,Airbnb,OTA,reservation,True,3,321.0,107.0,49784814,C-01
130925550,2026-06-30,2026-07-04,2026-06,2026,C,Edificio C — Riverside,Booking.com,OTA,reservation,True,4,407.7,101.925,23835863,C-03
132995167,2026-07-01,2026-07-02,2026-07,2026,E,Edificio E — Budget Inn,Booking.com,OTA,reservation,True,1,66.0,66.0,85183882,E-11
135961112,2026-07-01,2026-07-02,2026-07,2026,C,Edificio C — Riverside,Booking.com,OTA,reservation,True,1,125.0,125.0,17276228,C-07
135961117,2026-07-01,2026-07-02,2026-07,2026,C,Edificio C — Riverside,Booking.com,OTA,reservation,True,1,125.0,125.0,17276228,C-04
131350475,2026-07-01,2026-07-03,2026-07,2026,A,Edificio A — Urban District,Booking.com,OTA,reservation,True,2,162.0,81.0,54554001,A-01
132498297,2026-07-01,2026-07-03,2026-07,2026,B,Edificio B — City Center,Booking.com,OTA,reservation,True,2,396.0,198.0,90028504,B-07
132787412,2026-07-01,2026-07-03,2026-07,2026,D,Edificio D — Old Quarter,Booking.com,OTA,reservation,True,2,408.0,204.0,59130862,D-04
133803807,2026-07-01,2026-07-03,2026-07,2026,C,Edificio C — Riverside,Booking.com,OTA,reservation,True,2,220.0,110.0,74944092,C-06
134310772,2026-07-01,2026-07-03,2026-07,2026,D,Edificio D — Old Quarter,Airbnb,OTA,reservation,True,2,506.0,253.0,23248683,D-01
137841887,2026-07-01,2026-07-03,2026-07,2026,B,Edificio B — City Center,Airbnb,OTA,reservation,True,2,240.0,120.0,67917119,B-09
136838132,2026-05-30,2026-05-31,2026-05,2026,E,Edificio E — Budget Inn,Booking.com,OTA,reservation,True,1,114.0,114.0,47508198,E-04
136838137,2026-05-30,2026-05-31,2026-05,2026,E,Edificio E — Budget Inn,Booking.com,OTA,reservation,True,1,92.4,92.4,47508198,E-14
137250582,2026-05-30,2026-05-31,2026-05,2026,C,Edificio C — Riverside,Booking.com,OTA,reservation,True,1,231.0,231.0,80187334,C-09
128554897,2026-05-30,2026-06-01,2026-05,2026,C,Edificio C — Riverside,Airbnb,OTA,reservation,True,2,98.0,49.0,49192765,C-02
129692150,2026-05-30,2026-06-01,2026-05,2026,D,Edificio D — Old Quarter,Airbnb,OTA,cancellation,False,2,408.1,204.05,91837840,D-05
133522897,2026-05-30,2026-06-01,2026-05,2026,B,Edificio B — City Center,Booking.com,OTA,cancellation,False,2,447.6,223.8,40462789,B-04
135554327,2026-05-30,2026-06-01,2026-05,2026,D,Edificio D — Old Quarter,Airbnb,OTA,reservation,True,2,737.0,368.5,61653273,D-01
135642407,2026-05-30,2026-06-01,2026-05,2026,A,Edificio A — Urban District,Booking.com,OTA,reservation,True,2,288.0,144.0,35452897,A-02
136566997,2026-05-30,2026-06-01,2026-05,2026,D,Edificio D — Old Quarter,Booking.com,OTA,reservation,True,2,320.0,160.0,67930447,D-07
133683222,2026-05-30,2026-06-02,2026-05,2026,D,Edificio D — Old Quarter,Airbnb,OTA,reservation,True,3,968.0,322.6666666666667,39482190,D-03
130503640,2026-05-30,2026-06-03,2026-05,2026,C,Edificio C — Riverside,Booking.com,OTA,reservation,True,4,433.8,108.45,35622014,C-03
133150862,2026-05-30,2026-06-03,2026-05,2026,C,Edificio C — Riverside,Airbnb,OTA,reservation,True,4,511.0,127.75,32664105,C-01
128272052,2026-05-31,2026-06-01,2026-05,2026,E,Edificio E — Budget Inn,Booking.com,OTA,reservation,True,1,41.0,41.0,76742491,E-05
132131537,2026-05-31,2026-06-01,2026-05,2026,C,Edificio C — Riverside,Airbnb,OTA,reservation,True,1,85.0,85.0,88378870,C-04
132153452,2026-05-31,2026-06-01,2026-05,2026,C,Edificio C — Riverside,Booking.com,OTA,reservation,True,1,102.0,102.0,46342573,C-07
133158497,2026-05-31,2026-06-01,2026-05,2026,B,Edificio B — City Center,Airbnb,OTA,reservation,True,1,177.0,177.0,38143890,B-05
134550232,2026-05-31,2026-06-01,2026-05,2026,C,Edificio C — Riverside,Airbnb,OTA,reservation,True,1,85.0,85.0,25256445,C-08
134797342,2026-05-31,2026-06-01,2026-05,2026,E,Edificio E — Budget Inn,Booking.com,OTA,reservation,True,1,50.0,50.0,60075898,E-07
136095337,2026-05-31,2026-06-01,2026-05,2026,C,Edificio C — Riverside,Booking.com,OTA,reservation,True,1,117.0,117.0,39889960,C-06
136623187,2026-05-31,2026-06-01,2026-05,2026,OTRO,Otros,Direct booking,Directo,reservation,True,1,25.0,25.0,25714142,OTRO-02
137184487,2026-05-31,2026-06-01,2026-05,2026,B,Edificio B — City Center,Airbnb,OTA,reservation,True,1,107.0,107.0,20776148,B-09
132890112,2026-05-31,2026-06-02,2026-05,2026,E,Edificio E — Budget Inn,Booking.com,OTA,reservation,True,2,100.0,50.0,16623869,E-08
134214322,2026-05-31,2026-06-02,2026-05,2026,B,Edificio B — City Center,Booking.com,OTA,reservation,True,2,242.4,121.2,33148477,B-03
135233922,2026-05-31,2026-06-02,2026-05,2026,B,Edificio B — City Center,Airbnb,OTA,reservation,True,2,208.0,104.0,11225559,B-06
134314997,2026-05-31,2026-06-03,2026-05,2026,E,Edificio E — Budget Inn,Booking.com,OTA,reservation,True,3,123.0,41.0,71591336,E-12
130501615,2026-05-31,2026-06-04,2026-05,2026,B,Edificio B — City Center,Booking.com,OTA,reservation,True,4,416.0,104.0,13368235,B-02
134763092,2026-06-01,2026-06-02,2026-06,2026,E,Edificio E — Budget Inn,Booking.com,OTA,reservation,True,1,49.2,49.2,59960828,E-06
135186342,2026-06-01,2026-06-02,2026-06,2026,E,Edificio E — Budget Inn,Booking.com,OTA,reservation,True,1,41.0,41.0,15256696,E-05
137135417,2026-06-01,2026-06-02,2026-06,2026,C,Edificio C — Riverside,Booking.com,OTA,reservation,True,1,72.9,72.9,45409940,C-02
137161107,2026-06-01,2026-06-02,2026-06,2026,E,Edificio E — Budget Inn,Booking.com,OTA,reservation,True,1,48.0,48.0,31522481,E-11
137831642,2026-06-01,2026-06-02,2026-06,2026,D,Edificio D — Old Quarter,Booking.com,OTA,reservation,True,1,81.0,81.0,21443540,D-05
131917512,2026-06-01,2026-06-03,2026-06,2026,B,Edificio B — City Center,Booking.com,OTA,reservation,True,2,253.2,126.6,79682588,B-09
132897792,2026-06-01,2026-06-03,2026-06,2026,B,Edificio B — City Center,Airbnb,OTA,reservation,True,2,237.0,118.5,78288143,B-01
135880282,2026-06-01,2026-06-03,2026-06,2026,C,Edificio C — Riverside,Airbnb,OTA,reservation,True,2,191.0,95.5,69342588,C-08
137268547,2026-06-01,2026-06-03,2026-06,2026,D,Edificio D — Old Quarter,Airbnb,OTA,reservation,True,2,411.4,205.7,37480429,D-01
131770765,2026-06-01,2026-06-04,2026-06,2026,A,Edificio A — Urban District,Booking.com,OTA,reservation,True,3,221.4,73.8,57715941,A-02
133247732,2026-06-01,2026-06-04,2026-06,2026,B,Edificio B — City Center,Booking.com,OTA,reservation,True,3,321.0,107.0,31910890,B-04
134378147,2026-06-01,2026-06-04,2026-06,2026,D,Edificio D — Old Quarter,Booking.com,OTA,reservation,True,3,313.2,104.4,47421527,D-08
130894905,2026-06-01,2026-06-05,2026-06,2026,B,Edificio B — City Center,Airbnb,OTA,reservation,True,4,630.0,157.5,25033890,B-05
134333047,2026-06-01,2026-06-05,2026-06,2026,E,Edificio E — Budget Inn,Booking.com,OTA,cancellation,False,4,196.8,49.2,82566243,E-06
133024487,2026-06-02,2026-06-03,2026-06,2026,B,Edificio B — City Center,Airbnb,OTA,reservation,True,1,150.0,150.0,25211585,B-07
137322807,2026-06-02,2026-06-03,2026-06,2026,E,Edificio E — Budget Inn,Booking.com,OTA,reservation,True,1,57.6,57.6,71838441,E-11
137419857,2026-06-02,2026-06-03,2026-06,2026,C,Edificio C — Riverside,Booking.com,OTA,reservation,True,1,143.4,143.4,39989144,C-04
137863117,2026-06-02,2026-06-03,2026-06,2026,B,Edificio B — City Center,Booking.com,OTA,reservation,True,1,125.0,125.0,23870657,B-03
131772225,2026-06-02,2026-06-04,2026-06,2026,E,Edificio E — Budget Inn,Booking.com,OTA,reservation,True,2,82.0,41.0,41955403,E-13
132069657,2026-06-02,2026-06-04,2026-06,2026,C,Edificio C — Riverside,Booking.com,OTA,reservation,True,2,194.4,97.2,21144253,C-02
132078862,2026-06-02,2026-06-04,2026-06,2026,B,Edificio B — City Center,Booking.com,OTA,reservation,True,2,250.0,125.0,91201484,B-06
133228547,2026-06-02,2026-06-04,2026-06,2026,D,Edificio D — Old Quarter,Booking.com,OTA,reservation,True,2,180.0,90.0,37066181,D-05
137412702,2026-06-02,2026-06-04,2026-06,2026,C,Edificio C — Riverside,Booking.com,OTA,reservation,True,2,232.0,116.0,35341155,C-07
137497992,2026-06-02,2026-06-04,2026-06,2026,C,Edificio C — Riverside,Airbnb,OTA,reservation,True,2,190.0,95.0,56161350,C-05
133841127,2026-06-02,2026-06-05,2026-06,2026,C,Edificio C — Riverside,Booking.com,OTA,reservation,True,3,303.0,101.0,85334109,C-06
134604607,2026-06-02,2026-06-05,2026-06,2026,B,Edificio B — City Center,Booking.com,OTA,reservation,True,3,363.0,121.0,23412216,B-08
135143322,2026-06-02,2026-06-05,2026-06,2026,D,Edificio D — Old Quarter,Booking.com,OTA,reservation,True,3,300.0,100.0,63172515,D-07
136478297,2026-06-02,2026-06-05,2026-06,2026,C,Edificio C — Riverside,Booking.com,OTA,reservation,True,3,270.0,90.0,57596641,C-09
130706925,2026-06-03,2026-06-04,2026-06,2026,C,Edificio C — Riverside,Airbnb,OTA,reservation,True,1,101.0,101.0,28713272,C-08
131445695,2026-06-03,2026-06-04,2026-06,2026,E,Edificio E — Budget Inn,Booking.com,OTA,modification of booking,False,1,49.2,49.2,20866883,E-05
134600937,2026-06-03,2026-06-04,2026-06,2026,B,Edificio B — City Center,Booking.com,OTA,reservation,True,1,145.0,145.0,37538356,B-07
134651182,2026-06-03,2026-06-04,2026-06,2026,D,Edificio D — Old Quarter,Booking.com,OTA,reservation,True,1,220.0,220.0,52244880,D-01
136979407,2026-06-03,2026-06-04,2026-06,2026,C,Edificio C — Riverside,Booking.com,OTA,reservation,True,1,81.0,81.0,71788603,C-03
133128667,2026-06-03,2026-06-05,2026-06,2026,B,Edificio B — City Center,Booking.com,OTA,reservation,True,2,264.0,132.0,71936541,B-03
134184192,2026-06-03,2026-06-05,2026-06,2026,B,Edificio B — City Center,Booking.com,OTA,reservation,True,2,264.0,132.0,50419053,B-09
133871212,2026-06-04,2026-06-05,2026-06,2026,A,Edificio A — Urban District,Booking.com,OTA,reservation,True,1,103.5,103.5,44039423,A-02
134617112,2026-06-04,2026-06-05,2026-06,2026,B,Edificio B — City Center,Booking.com,OTA,reservation,True,1,120.0,120.0,79894955,B-02
134617117,2026-06-04,2026-06-05,2026-06,2026,B,Edificio B — City Center,Booking.com,OTA,reservation,True,1,110.0,110.0,79894955,B-06
134660637,2026-06-04,2026-06-05,2026-06,2026,C,Edificio C — Riverside,Airbnb,OTA,reservation,True,1,101.0,101.0,77047646,C-01
134728637,2026-06-04,2026-06-05,2026-06,2026,D,Edificio D — Old Quarter,Airbnb,OTA,reservation,True,1,99.0,99.0,59350279,D-05
135083982,2026-06-04,2026-06-05,2026-06,2026,C,Edificio C — Riverside,Booking.com,OTA,reservation,True,1,124.2,124.2,23576111,C-03
135083992,2026-06-04,2026-06-05,2026-06,2026,C,Edificio C — Riverside,Booking.com,OTA,reservation,True,1,136.2,136.2,23576111,C-07
136250482,2026-06-04,2026-06-05,2026-06,2026,E,Edificio E — Budget Inn,Booking.com,OTA,reservation,True,1,49.2,49.2,33583689,E-05
136522157,2026-06-04,2026-06-05,2026-06,2026,D,Edificio D — Old Quarter,Booking.com,OTA,reservation,True,1,172.0,172.0,38605109,D-02
136955757,2026-06-04,2026-06-05,2026-06,2026,C,Edificio C — Riverside,Booking.com,OTA,reservation,True,1,95.0,95.0,43787046,C-05
136961712,2026-06-04,2026-06-05,2026-06,2026,D,Edificio D — Old Quarter,Airbnb,OTA,reservation,True,1,99.0,99.0,38583901,D-08
130604230,2026-06-04,2026-06-07,2026-06,2026,A,Edificio A — Urban District,Booking.com,OTA,cancellation,False,3,451.98,150.66,30010567,A-01
113754166,2026-06-05,2026-06-07,2026-06,2026,B,Edificio B — City Center,Direct booking,Directo,cancellation,False,2,1800.0,900.0,57133313,B-05
113754276,2026-06-05,2026-06-07,2026-06,2026,B,Edificio B — City Center,Direct booking,Directo,cancellation,False,2,1800.0,900.0,69318961,B-06
116500736,2026-06-05,2026-06-07,2026-06,2026,B,Edificio B — City Center,Direct booking,Directo,modification of booking,False,2,660.0,330.0,32960163,B-05
116501121,2026-06-05,2026-06-07,2026-06,2026,B,Edificio B — City Center,Direct booking,Directo,modification of booking,False,2,480.0,240.0,32960163,B-07
116501501,2026-06-05,2026-06-07,2026-06,2026,B,Edificio B — City Center,Direct booking,Directo,modification of booking,False,2,360.0,180.0,32960163,B-01
116502546,2026-06-05,2026-06-07,2026-06,2026,B,Edificio B — City Center,Direct booking,Directo,modification of booking,False,2,360.0,180.0,32960163,B-08
116502716,2026-06-05,2026-06-07,2026-06,2026,B,Edificio B — City Center,Direct booking,Directo,modification of booking,False,2,360.0,180.0,32960163,B-06
116502906,2026-06-05,2026-06-07,2026-06,2026,B,Edificio B — City Center,Direct booking,Directo,modification of booking,False,2,360.0,180.0,32960163,B-09
116503086,2026-06-05,2026-06-07,2026-06,2026,B,Edificio B — City Center,Direct booking,Directo,modification of booking,False,2,360.0,180.0,32960163,B-03
116503346,2026-06-05,2026-06-07,2026-06,2026,B,Edificio B — City Center,Direct booking,Directo,modification of booking,False,2,360.0,180.0,32960163,B-04
116503531,2026-06-05,2026-06-07,2026-06,2026,B,Edificio B — City Center,Direct booking,Directo,modification of booking,False,2,360.0,180.0,32960163,B-02
116504666,2026-06-05,2026-06-07,2026-06,2026,C,Edificio C — Riverside,Direct booking,Directo,modification of booking,False,2,340.0,170.0,32960163,C-05
116504956,2026-06-05,2026-06-07,2026-06,2026,C,Edificio C — Riverside,Direct booking,Directo,modification of booking,False,2,340.0,170.0,32960163,C-03
116505141,2026-06-05,2026-06-07,2026-06,2026,C,Edificio C — Riverside,Direct booking,Directo,modification of booking,False,2,340.0,170.0,32960163,C-01
116505391,2026-06-05,2026-06-07,2026-06,2026,C,Edificio C — Riverside,Direct booking,Directo,modification of booking,False,2,340.0,170.0,32960163,C-06
116506066,2026-06-05,2026-06-07,2026-06,2026,C,Edificio C — Riverside,Direct booking,Directo,modification of booking,False,2,460.0,230.0,32960163,C-07
116506236,2026-06-05,2026-06-07,2026-06,2026,C,Edificio C — Riverside,Direct booking,Directo,modification of booking,False,2,460.0,230.0,32960163,C-04
116506476,2026-06-05,2026-06-07,2026-06,2026,C,Edificio C — Riverside,Direct booking,Directo,modification of booking,False,2,340.0,170.0,32960163,C-09
116506611,2026-06-05,2026-06-07,2026-06,2026,C,Edificio C — Riverside,Direct booking,Directo,modification of booking,False,2,340.0,170.0,32960163,C-02
116506771,2026-06-05,2026-06-07,2026-06,2026,C,Edificio C — Riverside,Direct booking,Directo,modification of booking,False,2,340.0,170.0,32960163,C-08
116507136,2026-06-05,2026-06-07,2026-06,2026,D,Edificio D — Old Quarter,Direct booking,Directo,modification of booking,False,2,340.0,170.0,32960163,D-07
116507231,2026-06-05,2026-06-07,2026-06,2026,D,Edificio D — Old Quarter,Direct booking,Directo,modification of booking,False,2,620.0,310.0,32960163,D-02
116507451,2026-06-05,2026-06-07,2026-06,2026,D,Edificio D — Old Quarter,Direct booking,Directo,modification of booking,False,2,620.0,310.0,32960163,D-04
116507586,2026-06-05,2026-06-07,2026-06,2026,D,Edificio D — Old Quarter,Direct booking,Directo,modification of booking,False,2,340.0,170.0,32960163,D-08
116507781,2026-06-05,2026-06-07,2026-06,2026,D,Edificio D — Old Quarter,Direct booking,Directo,modification of booking,False,2,620.0,310.0,32960163,D-03
116508006,2026-06-05,2026-06-07,2026-06,2026,D,Edificio D — Old Quarter,Direct booking,Directo,modification of booking,False,2,340.0,170.0,32960163,D-05
116509421,2026-06-05,2026-06-07,2026-06,2026,D,Edificio D — Old Quarter,Direct booking,Directo,modification of booking,False,2,620.0,310.0,32960163,D-01
116509626,2026-06-05,2026-06-07,2026-06,2026,D,Edificio D — Old Quarter,Direct booking,Directo,modification of booking,False,2,340.0,170.0,32960163,D-06
116791476,2026-06-05,2026-06-07,2026-06,2026,E,Edificio E — Budget Inn,Direct booking,Directo,modification of booking,False,2,200.0,100.0,32960163,E-08
116795041,2026-06-05,2026-06-07,2026-06,2026,E,Edificio E — Budget Inn,Direct booking,Directo,modification of booking,False,2,200.0,100.0,32960163,E-11
116795306,2026-06-05,2026-06-07,2026-06,2026,E,Edificio E — Budget Inn,Direct booking,Directo,modification of booking,False,2,200.0,100.0,32960163,E-10
116795681,2026-06-05,2026-06-07,2026-06,2026,E,Edificio E — Budget Inn,Direct booking,Directo,modification of booking,False,2,80.0,40.0,32960163,E-13
116796921,2026-06-05,2026-06-07,2026-06,2026,E,Edificio E — Budget Inn,Direct booking,Directo,modification of booking,False,2,200.0,100.0,32960163,E-07
116797681,2026-06-05,2026-06-07,2026-06,2026,E,Edificio E — Budget Inn,Direct booking,Directo,modification of booking,False,2,80.0,40.0,32960163,E-05
116797811,2026-06-05,2026-06-07,2026-06,2026,E,Edificio E — Budget Inn,Direct booking,Directo,modification of booking,False,2,80.0,40.0,32960163,E-12
116798041,2026-06-05,2026-06-07,2026-06,2026,E,Edificio E — Budget Inn,Direct booking,Directo,modification of booking,False,2,80.0,40.0,32960163,E-06
116798411,2026-06-05,2026-06-07,2026-06,2026,E,Edificio E — Budget Inn,Direct booking,Directo,modification of booking,False,2,80.0,40.0,32960163,E-15
116798646,2026-06-05,2026-06-07,2026-06,2026,E,Edificio E — Budget Inn,Direct booking,Directo,modification of booking,False,2,200.0,100.0,32960163,E-04
116799341,2026-06-05,2026-06-07,2026-06,2026,E,Edificio E — Budget Inn,Direct booking,Directo,modification of booking,False,2,80.0,40.0,32960163,E-14
116799686,2026-06-05,2026-06-07,2026-06,2026,E,Edificio E — Budget Inn,Direct booking,Directo,modification of booking,False,2,200.0,100.0,32960163,E-02
116799926,2026-06-05,2026-06-07,2026-06,2026,E,Edificio E — Budget Inn,Direct booking,Directo,modification of booking,False,2,200.0,100.0,32960163,E-09
116800166,2026-06-05,2026-06-07,2026-06,2026,E,Edificio E — Budget Inn,Direct booking,Directo,modification of booking,False,2,80.0,40.0,32960163,E-03
116800506,2026-06-05,2026-06-07,2026-06,2026,E,Edificio E — Budget Inn,Direct booking,Directo,modification of booking,False,2,80.0,40.0,32960163,E-01
116800631,2026-06-05,2026-06-07,2026-06,2026,E,Edificio E — Budget Inn,Direct booking,Directo,modification of booking,False,2,80.0,40.0,32960163,E-17
116800821,2026-06-05,2026-06-07,2026-06,2026,E,Edificio E — Budget Inn,Direct booking,Directo,modification of booking,False,2,200.0,100.0,32960163,E-18
116800961,2026-06-05,2026-06-07,2026-06,2026,E,Edificio E — Budget Inn,Direct booking,Directo,modification of booking,False,2,80.0,40.0,32960163,E-19
116801351,2026-06-05,2026-06-07,2026-06,2026,E,Edificio E — Budget Inn,Direct booking,Directo,modification of booking,False,2,80.0,40.0,32960163,E-16
131023305,2026-06-05,2026-06-07,2026-06,2026,A,Edificio A — Urban District,Booking.com,OTA,cancellation,False,2,399.6,199.8,97589715,A-02
135370547,2026-06-05,2026-06-07,2026-06,2026,A,Edificio A — Urban District,Booking.com,OTA,reservation,True,2,324.0,162.0,17100016,A-01
137652507,2026-06-05,2026-06-07,2026-06,2026,A,Edificio A — Urban District,Booking.com,OTA,reservation,True,2,315.0,157.5,51888288,A-02
133449237,2026-06-07,2026-06-08,2026-06,2026,C,Edificio C — Riverside,Booking.com,OTA,reservation,True,1,105.0,105.0,61105130,C-09
132738517,2026-06-07,2026-06-09,2026-06,2026,D,Edificio D — Old Quarter,Booking.com,OTA,reservation,True,2,246.0,123.0,82235527,D-05
131092955,2026-06-07,2026-06-10,2026-06,2026,B,Edificio B — City Center,Booking.com,OTA,reservation,True,3,330.0,110.0,60124743,B-09
131306285,2026-06-07,2026-06-10,2026-06,2026,B,Edificio B — City Center,Booking.com,OTA,reservation,True,3,315.0,105.0,81964141,B-02
132387317,2026-06-07,2026-06-10,2026-06,2026,B,Edificio B — City Center,Airbnb,OTA,reservation,True,3,363.0,121.0,23376431,B-01
134002752,2026-06-07,2026-06-10,2026-06,2026,D,Edificio D — Old Quarter,Booking.com,OTA,reservation,True,3,291.6,97.2,50854833,D-07
132731567,2026-06-07,2026-06-11,2026-06,2026,B,Edificio B — City Center,Airbnb,OTA,reservation,True,4,640.0,160.0,31815594,B-05
133124667,2026-06-07,2026-06-13,2026-06,2026,E,Edificio E — Budget Inn,Direct booking,Directo,modification of booking,False,6,390.0,65.0,34099760,E-03
132438452,2026-06-08,2026-06-09,2026-06,2026,B,Edificio B — City Center,Booking.com,OTA,reservation,True,1,110.0,110.0,19599617,B-03
133276127,2026-06-08,2026-06-09,2026-06,2026,B,Edificio B — City Center,Booking.com,OTA,reservation,True,1,110.0,110.0,72939661,B-06
134630742,2026-06-08,2026-06-09,2026-06,2026,C,Edificio C — Riverside,Airbnb,OTA,reservation,True,1,101.0,101.0,90818335,C-08
135043797,2026-06-08,2026-06-09,2026-06,2026,B,Edificio B — City Center,Booking.com,OTA,reservation,True,1,136.0,136.0,54758461,B-08
136784117,2026-06-08,2026-06-09,2026-06,2026,B,Edificio B — City Center,Booking.com,OTA,reservation,True,1,145.0,145.0,28049402,B-07
137431477,2026-06-08,2026-06-09,2026-06,2026,D,Edificio D — Old Quarter,Airbnb,OTA,reservation,True,1,176.0,176.0,39482190,D-03
130901755,2026-06-08,2026-06-10,2026-06,2026,B,Edificio B — City Center,Website,Directo,reservation,True,2,186.0,93.0,56845587,B-04
132119277,2026-06-08,2026-06-10,2026-06,2026,C,Edificio C — Riverside,Airbnb,OTA,reservation,True,2,180.0,90.0,30911160,C-03
133136357,2026-06-08,2026-06-10,2026-06,2026,D,Edificio D — Old Quarter,Booking.com,OTA,reservation,True,2,246.0,123.0,76924850,D-08
137595647,2026-06-08,2026-06-10,2026-06,2026,E,Edificio E — Budget Inn,Airbnb,OTA,reservation,True,2,82.0,41.0,59087051,E-05
131609240,2026-06-08,2026-06-12,2026-06,2026,E,Edificio E — Budget Inn,Airbnb,OTA,cancellation,False,4,164.0,41.0,35841020,E-13
133146957,2026-06-08,2026-06-12,2026-06,2026,C,Edificio C — Riverside,Airbnb,OTA,reservation,True,4,404.0,101.0,32626362,C-01
134088522,2026-06-08,2026-06-12,2026-06,2026,C,Edificio C — Riverside,Booking.com,OTA,reservation,True,4,324.0,81.0,72312594,C-02
132943957,2026-06-09,2026-06-10,2026-06,2026,E,Edificio E — Budget Inn,Booking.com,OTA,reservation,True,1,49.2,49.2,82124443,E-13
135829057,2026-06-09,2026-06-10,2026-06,2026,D,Edificio D — Old Quarter,Airbnb,OTA,reservation,True,1,189.2,189.2,48388923,D-01
136008162,2026-06-09,2026-06-10,2026-06,2026,D,Edificio D — Old Quarter,Airbnb,OTA,cancellation,False,1,205.7,205.7,78308799,D-02
136560697,2026-06-09,2026-06-10,2026-06,2026,D,Edificio D — Old Quarter,Airbnb,OTA,reservation,True,1,156.19,156.19,51971781,D-02
136955157,2026-06-09,2026-06-10,2026-06,2026,C,Edificio C — Riverside,Booking.com,OTA,reservation,True,1,90.0,90.0,26363800,C-09
133930687,2026-06-09,2026-06-11,2026-06,2026,D,Edificio D — Old Quarter,Booking.com,OTA,reservation,True,2,180.0,90.0,27353629,D-05
135748762,2026-06-09,2026-06-11,2026-06,2026,A,Edificio A — Urban District,Booking.com,OTA,reservation,True,2,166.32,83.16,37325708,A-01
137398692,2026-06-09,2026-06-11,2026-06,2026,B,Edificio B — City Center,Booking.com,OTA,reservation,True,2,220.0,110.0,66427732,B-03
132549167,2026-06-09,2026-06-12,2026-06,2026,B,Edificio B — City Center,Booking.com,OTA,reservation,True,3,390.0,130.0,89764624,B-07
132559887,2026-06-09,2026-06-12,2026-06,2026,OTRO,Otros,Direct booking,Directo,reservation,True,3,75.0,25.0,11548825,OTRO-01
137123347,2026-06-09,2026-06-12,2026-06,2026,C,Edificio C — Riverside,Booking.com,OTA,reservation,True,3,303.0,101.0,34673884,C-07
131875757,2026-06-10,2026-06-11,2026-06,2026,E,Edificio E — Budget Inn,Booking.com,OTA,reservation,True,1,41.0,41.0,49091344,E-06
131875762,2026-06-10,2026-06-11,2026-06,2026,E,Edificio E — Budget Inn,Booking.com,OTA,reservation,True,1,41.0,41.0,49091344,E-14
132231632,2026-06-10,2026-06-11,2026-06,2026,C,Edificio C — Riverside,Booking.com,OTA,cancellation,False,1,124.2,124.2,70247192,C-02
132779002,2026-06-10,2026-06-11,2026-06,2026,E,Edificio E — Budget Inn,Booking.com,OTA,reservation,True,1,49.2,49.2,96301346,E-12
135143277,2026-06-10,2026-06-11,2026-06,2026,B,Edificio B — City Center,Booking.com,OTA,reservation,True,1,105.0,105.0,11889953,B-02
132182837,2026-06-10,2026-06-12,2026-06,2026,C,Edificio C — Riverside,Airbnb,OTA,reservation,True,2,202.0,101.0,80352828,C-08
133743662,2026-06-10,2026-06-12,2026-06,2026,E,Edificio E — Budget Inn,Booking.com,OTA,cancellation,False,2,98.4,49.2,94357377,E-01
134338147,2026-06-10,2026-06-12,2026-06,2026,A,Edificio A — Urban District,Booking.com,OTA,reservation,True,2,153.0,76.5,19696787,A-02
135952992,2026-06-10,2026-06-12,2026-06,2026,D,Edificio D — Old Quarter,Booking.com,OTA,reservation,True,2,180.0,90.0,63896819,D-08
136065047,2026-06-10,2026-06-12,2026-06,2026,B,Edificio B — City Center,Airbnb,OTA,reservation,True,2,260.0,130.0,95419971,B-06
133479477,2026-06-10,2026-06-13,2026-06,2026,B,Edificio B — City Center,Booking.com,OTA,reservation,True,3,518.0,172.66666666666666,87826878,B-08
132509387,2026-06-10,2026-06-14,2026-06,2026,E,Edificio E — Budget Inn,Booking.com,OTA,reservation,True,4,204.0,51.0,83563119,E-05
133153572,2026-06-11,2026-06-12,2026-06,2026,B,Edificio B — City Center,Airbnb,OTA,reservation,True,1,200.0,200.0,83649795,B-05
133155177,2026-06-11,2026-06-12,2026-06,2026,B,Edificio B — City Center,Booking.com,OTA,reservation,True,1,90.0,90.0,73317332,B-02
133205237,2026-06-11,2026-06-12,2026-06,2026,E,Edificio E — Budget Inn,Booking.com,OTA,reservation,True,1,49.2,49.2,44156353,E-13
135384677,2026-06-11,2026-06-12,2026-06,2026,B,Edificio B — City Center,Booking.com,OTA,reservation,True,1,110.0,110.0,42947173,B-04
136054027,2026-06-11,2026-06-12,2026-06,2026,D,Edificio D — Old Quarter,Booking.com,OTA,reservation,True,1,90.0,90.0,51797648,D-05
136071767,2026-06-11,2026-06-12,2026-06,2026,C,Edificio C — Riverside,Airbnb,OTA,reservation,True,1,115.0,115.0,87993403,C-05
136320557,2026-06-11,2026-06-12,2026-06,2026,B,Edificio B — City Center,Booking.com,OTA,reservation,True,1,140.0,140.0,79494577,B-09
137648697,2026-06-11,2026-06-12,2026-06,2026,B,Edificio B — City Center,Booking.com,OTA,reservation,True,1,121.0,121.0,27319643,B-01
137891102,2026-06-11,2026-06-12,2026-06,2026,C,Edificio C — Riverside,Booking.com,OTA,reservation,True,1,81.0,81.0,70718046,C-03
136458007,2026-06-11,2026-06-13,2026-06,2026,D,Edificio D — Old Quarter,Booking.com,OTA,reservation,True,2,252.0,126.0,20628113,D-07
134679577,2026-06-11,2026-06-14,2026-06,2026,E,Edificio E — Budget Inn,Booking.com,OTA,reservation,True,3,163.0,54.333333333333336,12996019,E-01
130503445,2026-06-11,2026-06-17,2026-06,2026,A,Edificio A — Urban District,Booking.com,OTA,reservation,True,6,584.0,97.33333333333331,45064299,A-01
133123077,2026-06-12,2026-06-13,2026-06,2026,E,Edificio E — Budget Inn,Direct booking,Directo,reservation,True,1,90.0,90.0,34099760,E-08
133123272,2026-06-12,2026-06-13,2026-06,2026,E,Edificio E — Budget Inn,Direct booking,Directo,reservation,True,1,90.0,90.0,34099760,E-11
133123492,2026-06-12,2026-06-13,2026-06,2026,E,Edificio E — Budget Inn,Direct booking,Directo,reservation,True,1,90.0,90.0,34099760,E-10
133123622,2026-06-12,2026-06-13,2026-06,2026,E,Edificio E — Budget Inn,Direct booking,Directo,reservation,True,1,90.0,90.0,34099760,E-07
133123757,2026-06-12,2026-06-13,2026-06,2026,E,Edificio E — Budget Inn,Direct booking,Directo,reservation,True,1,90.0,90.0,34099760,E-04
133123922,2026-06-12,2026-06-13,2026-06,2026,E,Edificio E — Budget Inn,Direct booking,Directo,reservation,True,1,90.0,90.0,34099760,E-02
133124012,2026-06-12,2026-06-13,2026-06,2026,E,Edificio E — Budget Inn,Direct booking,Directo,reservation,True,1,90.0,90.0,34099760,E-09
133124107,2026-06-12,2026-06-13,2026-06,2026,E,Edificio E — Budget Inn,Direct booking,Directo,reservation,True,1,90.0,90.0,34099760,E-18
133124227,2026-06-12,2026-06-13,2026-06,2026,E,Edificio E — Budget Inn,Direct booking,Directo,reservation,True,1,65.0,65.0,34099760,E-13
133124307,2026-06-12,2026-06-13,2026-06,2026,E,Edificio E — Budget Inn,Direct booking,Directo,reservation,True,1,65.0,65.0,34099760,E-12
133124447,2026-06-12,2026-06-13,2026-06,2026,E,Edificio E — Budget Inn,Direct booking,Directo,reservation,True,1,65.0,65.0,34099760,E-06
133124512,2026-06-12,2026-06-13,2026-06,2026,E,Edificio E — Budget Inn,Direct booking,Directo,reservation,True,1,65.0,65.0,34099760,E-14
137333212,2026-06-12,2026-06-13,2026-06,2026,C,Edificio C — Riverside,Airbnb,OTA,reservation,True,1,180.0,180.0,50091371,C-01
123990371,2026-06-12,2026-06-14,2026-06,2026,B,Edificio B — City Center,Direct booking,Directo,reservation,True,2,720.0,360.0,57133313,B-05
123990561,2026-06-12,2026-06-14,2026-06,2026,B,Edificio B — City Center,Direct booking,Directo,reservation,True,2,560.0,280.0,57133313,B-07
123990796,2026-06-12,2026-06-14,2026-06,2026,B,Edificio B — City Center,Direct booking,Directo,reservation,True,2,400.0,200.0,57133313,B-01
123991016,2026-06-12,2026-06-14,2026-06,2026,B,Edificio B — City Center,Direct booking,Directo,cancellation,False,2,400.0,200.0,57133313,B-08
123991126,2026-06-12,2026-06-14,2026-06,2026,B,Edificio B — City Center,Direct booking,Directo,reservation,True,2,400.0,200.0,57133313,B-06
123991226,2026-06-12,2026-06-14,2026-06,2026,B,Edificio B — City Center,Direct booking,Directo,reservation,True,2,400.0,200.0,57133313,B-09
123991341,2026-06-12,2026-06-14,2026-06,2026,B,Edificio B — City Center,Direct booking,Directo,reservation,True,2,400.0,200.0,57133313,B-03
123991551,2026-06-12,2026-06-14,2026-06,2026,B,Edificio B — City Center,Direct booking,Directo,reservation,True,2,400.0,200.0,57133313,B-04
123991841,2026-06-12,2026-06-14,2026-06,2026,B,Edificio B — City Center,Direct booking,Directo,reservation,True,2,400.0,200.0,57133313,B-02
134785757,2026-06-12,2026-06-14,2026-06,2026,C,Edificio C — Riverside,Booking.com,OTA,reservation,True,2,492.0,246.0,16525817,C-08
135496922,2026-06-12,2026-06-14,2026-06,2026,D,Edificio D — Old Quarter,Airbnb,OTA,reservation,True,2,781.0,390.5,42745076,D-04
135730522,2026-06-12,2026-06-14,2026-06,2026,D,Edificio D — Old Quarter,Booking.com,OTA,reservation,True,2,912.0,456.0,37427743,D-02
137460517,2026-06-12,2026-06-14,2026-06,2026,C,Edificio C — Riverside,Website,Directo,reservation,True,2,334.0,167.0,21701753,C-06
131524170,2026-06-12,2026-06-15,2026-06,2026,C,Edificio C — Riverside,Booking.com,OTA,reservation,True,3,398.52,132.84,52775530,C-03
137302017,2026-06-13,2026-06-14,2026-06,2026,C,Edificio C — Riverside,Booking.com,OTA,reservation,True,1,303.0,303.0,75784174,C-07
137744247,2026-06-13,2026-06-14,2026-06,2026,C,Edificio C — Riverside,Booking.com,OTA,reservation,True,1,212.76,212.76,85641932,C-02
137744252,2026-06-13,2026-06-14,2026-06,2026,C,Edificio C — Riverside,Booking.com,OTA,reservation,True,1,246.0,246.0,85641932,C-01
137762212,2026-06-13,2026-06-14,2026-06,2026,D,Edificio D — Old Quarter,Booking.com,OTA,reservation,True,1,156.0,156.0,84133216,D-07
137565522,2026-06-13,2026-06-15,2026-06,2026,C,Edificio C — Riverside,Booking.com,OTA,reservation,True,2,262.0,131.0,24061268,C-09
136684757,2026-06-13,2026-06-16,2026-06,2026,B,Edificio B — City Center,Airbnb,OTA,reservation,True,3,593.0,197.66666666666663,24171508,B-08
137068097,2026-06-13,2026-06-16,2026-06,2026,E,Edificio E — Budget Inn,Booking.com,OTA,reservation,True,3,171.6,57.2,39160111,E-12
132689322,2026-06-14,2026-06-15,2026-06,2026,E,Edificio E — Budget Inn,Booking.com,OTA,reservation,True,1,50.0,50.0,25541018,E-10
134277487,2026-06-14,2026-06-15,2026-06,2026,D,Edificio D — Old Quarter,Airbnb,OTA,reservation,True,1,214.5,214.5,63596071,D-01
134659932,2026-06-14,2026-06-15,2026-06,2026,B,Edificio B — City Center,Booking.com,OTA,reservation,True,1,160.0,160.0,48068565,B-05
134776942,2026-06-14,2026-06-15,2026-06,2026,C,Edificio C — Riverside,Booking.com,OTA,reservation,True,1,136.2,136.2,69083388,C-08
136351677,2026-06-14,2026-06-15,2026-06,2026,E,Edificio E — Budget Inn,Booking.com,OTA,reservation,True,1,36.0,36.0,30114601,E-13
131032845,2026-06-14,2026-06-17,2026-06,2026,B,Edificio B — City Center,Airbnb,OTA,reservation,True,3,363.0,121.0,69299399,B-01
131139370,2026-06-14,2026-06-17,2026-06,2026,OTRO,Otros,Direct booking,Directo,reservation,True,3,75.0,25.0,80407600,OTRO-01
137317012,2026-06-14,2026-06-17,2026-06,2026,B,Edificio B — City Center,Booking.com,OTA,reservation,True,3,375.0,125.0,21554687,B-09
135095112,2026-06-14,2026-06-18,2026-06,2026,B,Edificio B — City Center,Airbnb,OTA,reservation,True,4,440.0,110.0,61148155,B-06
133385162,2026-06-14,2026-06-19,2026-06,2026,D,Edificio D — Old Quarter,Booking.com,OTA,reservation,True,5,450.0,90.0,32407000,D-05
135089752,2026-06-15,2026-06-16,2026-06,2026,E,Edificio E — Budget Inn,Booking.com,OTA,reservation,True,1,60.0,60.0,33859539,E-09
137364142,2026-06-15,2026-06-16,2026-06,2026,D,Edificio D — Old Quarter,Booking.com,OTA,reservation,True,1,90.0,90.0,51797648,D-08
130909715,2026-06-15,2026-06-17,2026-06,2026,C,Edificio C — Riverside,Airbnb,OTA,reservation,True,2,282.0,141.0,89466363,C-01
132465407,2026-06-15,2026-06-17,2026-06,2026,B,Edificio B — City Center,Booking.com,OTA,reservation,True,2,320.0,160.0,38815094,B-07
133157542,2026-06-15,2026-06-17,2026-06,2026,B,Edificio B — City Center,Airbnb,OTA,reservation,True,2,320.0,160.0,71869318,B-05
133819177,2026-06-15,2026-06-17,2026-06,2026,C,Edificio C — Riverside,Booking.com,OTA,reservation,True,2,194.4,97.2,45616296,C-02
134169847,2026-06-15,2026-06-18,2026-06,2026,D,Edificio D — Old Quarter,Booking.com,OTA,reservation,True,3,291.6,97.2,44285742,D-07
136185432,2026-06-15,2026-06-18,2026-06,2026,E,Edificio E — Budget Inn,Booking.com,OTA,reservation,True,3,144.0,48.0,64725562,E-11
131182455,2026-06-15,2026-06-19,2026-06,2026,C,Edificio C — Riverside,Airbnb,OTA,reservation,True,4,404.0,101.0,22427938,C-08
132732822,2026-06-16,2026-06-17,2026-06,2026,B,Edificio B — City Center,Booking.com,OTA,reservation,True,1,105.0,105.0,62951616,B-02
136412032,2026-06-16,2026-06-17,2026-06,2026,D,Edificio D — Old Quarter,Airbnb,OTA,reservation,True,1,115.5,115.5,65116515,D-08
136909682,2026-06-16,2026-06-17,2026-06,2026,E,Edificio E — Budget Inn,Booking.com,OTA,reservation,True,1,48.0,48.0,72028051,E-09
133202752,2026-06-17,2026-06-18,2026-06,2026,B,Edificio B — City Center,Airbnb,OTA,reservation,True,1,160.0,160.0,38122129,B-05
133687962,2026-06-17,2026-06-18,2026-06,2026,E,Edificio E — Budget Inn,Booking.com,OTA,cancellation,False,1,49.2,49.2,80699855,E-06
130696315,2026-06-17,2026-06-19,2026-06,2026,B,Edificio B — City Center,Booking.com,OTA,reservation,True,2,246.0,123.0,10527273,B-02
131772600,2026-06-17,2026-06-19,2026-06,2026,E,Edificio E — Budget Inn,Airbnb,OTA,reservation,True,2,82.0,41.0,12445273,E-13
136574867,2026-06-17,2026-06-19,2026-06,2026,D,Edificio D — Old Quarter,Website,Directo,reservation,True,2,182.0,91.0,91184107,D-08
137034452,2026-06-17,2026-06-19,2026-06,2026,B,Edificio B — City Center,Airbnb,OTA,reservation,True,2,420.0,210.0,77459560,B-07
137066867,2026-06-17,2026-06-19,2026-06,2026,B,Edificio B — City Center,Airbnb,OTA,reservation,True,2,220.0,110.0,54660342,B-09
131895532,2026-06-17,2026-06-21,2026-06,2026,C,Edificio C — Riverside,Booking.com,OTA,cancellation,False,4,782.4,195.6,19845210,C-01
131895537,2026-06-17,2026-06-21,2026-06,2026,C,Edificio C — Riverside,Booking.com,OTA,cancellation,False,4,842.4,210.6,19845210,C-06
134887982,2026-06-18,2026-06-19,2026-06,2026,B,Edificio B — City Center,Airbnb,OTA,reservation,True,1,180.0,180.0,31218149,B-05
135347042,2026-06-18,2026-06-19,2026-06,2026,E,Edificio E — Budget Inn,Booking.com,OTA,reservation,True,1,48.0,48.0,51327700,E-09
136556892,2026-06-18,2026-06-19,2026-06,2026,E,Edificio E — Budget Inn,Booking.com,OTA,reservation,True,1,41.0,41.0,80095785,E-12
136865057,2026-06-18,2026-06-19,2026-06,2026,E,Edificio E — Budget Inn,Booking.com,OTA,reservation,True,1,48.0,48.0,28165251,E-11
137549942,2026-06-18,2026-06-19,2026-06,2026,E,Edificio E — Budget Inn,Booking.com,OTA,reservation,True,1,60.0,60.0,30491018,E-07
133803952,2026-06-18,2026-06-20,2026-06,2026,D,Edificio D — Old Quarter,Booking.com,OTA,reservation,True,2,320.4,160.2,36852859,D-07
135292877,2026-06-18,2026-06-20,2026-06,2026,E,Edificio E — Budget Inn,Booking.com,OTA,reservation,True,2,102.0,51.0,24952119,E-01
137674577,2026-06-18,2026-06-20,2026-06,2026,E,Edificio E — Budget Inn,Booking.com,OTA,reservation,True,2,106.0,53.0,27345325,E-03
136524047,2026-06-18,2026-06-21,2026-06,2026,B,Edificio B — City Center,Booking.com,OTA,reservation,True,3,837.6,279.2,17028905,B-01
130641360,2026-06-19,2026-06-20,2026-06,2026,B,Edificio B — City Center,Booking.com,OTA,reservation,True,1,195.0,195.0,54155663,B-02
130641555,2026-06-19,2026-06-20,2026-06,2026,C,Edificio C — Riverside,Booking.com,OTA,reservation,True,1,199.26,199.26,34121150,C-03
130723120,2026-06-19,2026-06-20,2026-06,2026,OTRO,Otros,Direct booking,Directo,reservation,True,1,25.0,25.0,84200193,OTRO-02
131192995,2026-06-19,2026-06-20,2026-06,2026,A,Edificio A — Urban District,Website,Directo,reservation,True,1,165.0,165.0,45590820,A-02
131638765,2026-06-19,2026-06-20,2026-06,2026,C,Edificio C — Riverside,Booking.com,OTA,reservation,True,1,221.4,221.4,43673440,C-09
132326657,2026-06-19,2026-06-20,2026-06,2026,C,Edificio C — Riverside,Booking.com,OTA,reservation,True,1,230.58,230.58,34930711,C-08
132585742,2026-06-19,2026-06-20,2026-06,2026,E,Edificio E — Budget Inn,Booking.com,OTA,modification of booking,False,1,73.2,73.2,22643177,E-13
132681692,2026-06-19,2026-06-20,2026-06,2026,E,Edificio E — Budget Inn,Booking.com,OTA,reservation,True,1,61.0,61.0,48414704,E-14
133202782,2026-06-19,2026-06-20,2026-06,2026,B,Edificio B — City Center,Airbnb,OTA,reservation,True,1,300.0,300.0,10057946,B-07
133694122,2026-06-19,2026-06-20,2026-06,2026,A,Edificio A — Urban District,Booking.com,OTA,reservation,True,1,150.0,150.0,61702515,A-01
133750382,2026-06-19,2026-06-20,2026-06,2026,E,Edificio E — Budget Inn,Booking.com,OTA,cancellation,False,1,73.2,73.2,17405856,E-03
133786997,2026-06-19,2026-06-20,2026-06,2026,E,Edificio E — Budget Inn,Booking.com,OTA,modification of booking,False,1,61.0,61.0,41517629,E-15
133787002,2026-06-19,2026-06-20,2026-06,2026,E,Edificio E — Budget Inn,Booking.com,OTA,reservation,True,1,61.0,61.0,41517629,E-12
133806442,2026-06-19,2026-06-20,2026-06,2026,E,Edificio E — Budget Inn,Booking.com,OTA,reservation,True,1,61.0,61.0,39420557,E-05
135497017,2026-06-19,2026-06-20,2026-06,2026,C,Edificio C — Riverside,Airbnb,OTA,reservation,True,1,201.0,201.0,13188513,C-05
135568552,2026-06-19,2026-06-20,2026-06,2026,C,Edificio C — Riverside,Booking.com,OTA,reservation,True,1,285.0,285.0,33699486,C-04
135660962,2026-06-19,2026-06-20,2026-06,2026,E,Edificio E — Budget Inn,Booking.com,OTA,reservation,True,1,99.6,99.6,45492093,E-06
135973472,2026-06-19,2026-06-20,2026-06,2026,E,Edificio E — Budget Inn,Booking.com,OTA,reservation,True,1,118.0,118.0,33880551,E-08
137004217,2026-06-19,2026-06-20,2026-06,2026,C,Edificio C — Riverside,Booking.com,OTA,reservation,True,1,221.4,221.4,55270721,C-02
137099847,2026-06-19,2026-06-20,2026-06,2026,C,Edificio C — Riverside,Booking.com,OTA,reservation,True,1,215.0,215.0,60747044,C-01
137099852,2026-06-19,2026-06-20,2026-06,2026,C,Edificio C — Riverside,Booking.com,OTA,reservation,True,1,200.0,200.0,60747044,C-06
130718215,2026-06-19,2026-06-21,2026-06,2026,C,Edificio C — Riverside,Booking.com,OTA,cancellation,False,2,374.22,187.11,77616786,C-02
131420800,2026-06-19,2026-06-21,2026-06,2026,E,Edificio E — Budget Inn,Booking.com,OTA,reservation,True,2,162.0,81.0,66683215,E-04
131420805,2026-06-19,2026-06-21,2026-06,2026,E,Edificio E — Budget Inn,Booking.com,OTA,reservation,True,2,162.0,81.0,66683215,E-02
131420810,2026-06-19,2026-06-21,2026-06,2026,E,Edificio E — Budget Inn,Booking.com,OTA,reservation,True,2,162.0,81.0,66683215,E-10
131420815,2026-06-19,2026-06-21,2026-06,2026,E,Edificio E — Budget Inn,Booking.com,OTA,reservation,True,2,162.0,81.0,66683215,E-09
131420820,2026-06-19,2026-06-21,2026-06,2026,E,Edificio E — Budget Inn,Booking.com,OTA,modification of booking,False,2,162.0,81.0,66683215,E-18
131420825,2026-06-19,2026-06-21,2026-06,2026,E,Edificio E — Budget Inn,Booking.com,OTA,reservation,True,2,162.0,81.0,66683215,E-11
131420830,2026-06-19,2026-06-21,2026-06,2026,E,Edificio E — Budget Inn,Booking.com,OTA,reservation,True,2,162.0,81.0,66683215,E-07
133923817,2026-06-19,2026-06-21,2026-06,2026,D,Edificio D — Old Quarter,Booking.com,OTA,reservation,True,2,462.0,231.0,86142515,D-05
133923822,2026-06-19,2026-06-21,2026-06,2026,D,Edificio D — Old Quarter,Booking.com,OTA,reservation,True,2,1042.0,521.0,86142515,D-02
134927052,2026-06-19,2026-06-21,2026-06,2026,B,Edificio B — City Center,Airbnb,OTA,reservation,True,2,1222.0,611.0,35925521,B-05
135107462,2026-06-19,2026-06-21,2026-06,2026,D,Edificio D — Old Quarter,Booking.com,OTA,reservation,True,2,1102.0,551.0,78614210,D-03
135107467,2026-06-19,2026-06-21,2026-06,2026,D,Edificio D — Old Quarter,Booking.com,OTA,reservation,True,2,462.0,231.0,78614210,D-08
135173902,2026-06-19,2026-06-21,2026-06,2026,C,Edificio C — Riverside,Booking.com,OTA,reservation,True,2,654.0,327.0,51542023,C-07
135728262,2026-06-19,2026-06-21,2026-06,2026,B,Edificio B — City Center,Booking.com,OTA,reservation,True,2,522.0,261.0,26392403,B-03
135728267,2026-06-19,2026-06-21,2026-06,2026,B,Edificio B — City Center,Booking.com,OTA,reservation,True,2,522.0,261.0,26392403,B-09
135728272,2026-06-19,2026-06-21,2026-06,2026,B,Edificio B — City Center,Booking.com,OTA,reservation,True,2,522.0,261.0,26392403,B-06
135728277,2026-06-19,2026-06-21,2026-06,2026,B,Edificio B — City Center,Booking.com,OTA,reservation,True,2,492.0,246.0,26392403,B-04
136772112,2026-06-19,2026-06-21,2026-06,2026,C,Edificio C — Riverside,Booking.com,OTA,cancellation,False,2,480.0,240.0,87695593,C-01
137426417,2026-06-19,2026-06-21,2026-06,2026,B,Edificio B — City Center,Booking.com,OTA,reservation,True,2,502.0,251.0,33713562,B-08
131120625,2026-06-20,2026-06-21,2026-06,2026,C,Edificio C — Riverside,Booking.com,OTA,reservation,True,1,244.08,244.08,37210993,C-08
131147280,2026-06-20,2026-06-21,2026-06,2026,C,Edificio C — Riverside,Booking.com,OTA,reservation,True,1,199.26,199.26,59872180,C-03
131176225,2026-06-20,2026-06-21,2026-06,2026,B,Edificio B — City Center,Booking.com,OTA,reservation,True,1,180.0,180.0,79294020,B-02
131578220,2026-06-20,2026-06-21,2026-06,2026,C,Edificio C — Riverside,Booking.com,OTA,cancellation,False,1,307.8,307.8,12619211,C-04
132447002,2026-06-20,2026-06-21,2026-06,2026,C,Edificio C — Riverside,Booking.com,OTA,reservation,True,1,244.08,244.08,82927452,C-05
132680682,2026-06-20,2026-06-21,2026-06,2026,C,Edificio C — Riverside,Booking.com,OTA,cancellation,False,1,234.0,234.0,80594187,C-09
131335460,2026-07-01,2026-07-04,2026-07,2026,D,Edificio D — Old Quarter,Booking.com,OTA,reservation,True,3,525.6,175.20000000000002,85161327,D-05
132741387,2026-07-01,2026-07-05,2026-07,2026,C,Edificio C — Riverside,Booking.com,OTA,reservation,True,4,573.47,143.3675,57300545,C-02
131600200,2026-07-01,2026-07-08,2026-07,2026,D,Edificio D — Old Quarter,Booking.com,OTA,reservation,True,7,992.4,141.77142857142857,59790008,D-08
133024227,2026-07-02,2026-07-03,2026-07,2026,C,Edificio C — Riverside,Booking.com,OTA,reservation,True,1,131.0,131.0,78069894,C-09
133024232,2026-07-02,2026-07-03,2026-07,2026,C,Edificio C — Riverside,Booking.com,OTA,reservation,True,1,125.0,125.0,78069894,C-04
134260602,2026-07-02,2026-07-03,2026-07,2026,B,Edificio B — City Center,Airbnb,OTA,cancellation,False,1,230.0,230.0,23248683,B-05
134331702,2026-07-02,2026-07-03,2026-07,2026,E,Edificio E — Budget Inn,Booking.com,OTA,cancellation,False,1,66.0,66.0,20486345,E-08
134723942,2026-07-02,2026-07-03,2026-07,2026,B,Edificio B — City Center,Booking.com,OTA,reservation,True,1,131.0,131.0,43617640,B-02
131661450,2026-07-02,2026-07-05,2026-07,2026,C,Edificio C — Riverside,Booking.com,OTA,cancellation,False,3,611.4,203.8,41265739,C-07
133394267,2026-07-02,2026-07-05,2026-07,2026,C,Edificio C — Riverside,Booking.com,OTA,reservation,True,3,590.76,196.92,39618356,C-07
134492722,2026-07-02,2026-07-05,2026-07,2026,D,Edificio D — Old Quarter,Booking.com,OTA,cancellation,False,3,1485.6,495.2,84072217,D-03
134492727,2026-07-02,2026-07-05,2026-07,2026,D,Edificio D — Old Quarter,Booking.com,OTA,cancellation,False,3,546.6,182.2,84072217,D-07
136205412,2026-07-03,2026-07-04,2026-07,2026,C,Edificio C — Riverside,Booking.com,OTA,reservation,True,1,228.0,228.0,19949069,C-04
134388137,2026-07-03,2026-07-05,2026-07,2026,A,Edificio A — Urban District,Booking.com,OTA,reservation,True,2,261.0,130.5,30020399,A-01
135588622,2026-07-03,2026-07-05,2026-07,2026,D,Edificio D — Old Quarter,Airbnb,OTA,reservation,True,2,894.3,447.15,38427047,D-04
135911642,2026-07-03,2026-07-05,2026-07,2026,D,Edificio D — Old Quarter,Direct booking,Directo,reservation,True,2,712.0,356.0,66575915,D-03
135911992,2026-07-03,2026-07-05,2026-07,2026,D,Edificio D — Old Quarter,Direct booking,Directo,reservation,True,2,778.0,389.0,54285592,D-02
137041352,2026-07-03,2026-07-05,2026-07,2026,C,Edificio C — Riverside,Booking.com,OTA,reservation,True,2,480.0,240.0,63391522,C-09
135819032,2026-07-03,2026-07-06,2026-07,2026,B,Edificio B — City Center,Booking.com,OTA,reservation,True,3,709.0,236.3333333333333,63034055,B-07
137110852,2026-07-03,2026-07-07,2026-07,2026,B,Edificio B — City Center,Booking.com,OTA,cancellation,False,4,794.4,198.6,12512695,B-04
131026030,2026-07-04,2026-07-06,2026-07,2026,A,Edificio A — Urban District,Booking.com,OTA,cancellation,False,2,237.6,118.8,44045924,A-01
131191405,2026-07-04,2026-07-06,2026-07,2026,B,Edificio B — City Center,Airbnb,OTA,reservation,True,2,450.0,225.0,56328925,B-05
131278710,2026-07-04,2026-07-06,2026-07,2026,C,Edificio C — Riverside,Airbnb,OTA,reservation,True,2,291.0,145.5,50541081,C-01
132864397,2026-07-04,2026-07-07,2026-07,2026,B,Edificio B — City Center,Website,Directo,reservation,True,3,415.0,138.33333333333334,66425514,B-08
137420942,2026-07-04,2026-07-07,2026-07,2026,D,Edificio D — Old Quarter,Booking.com,OTA,reservation,True,3,499.8,166.6,30676566,D-05
131109470,2026-07-05,2026-07-06,2026-07,2026,A,Edificio A — Urban District,Booking.com,OTA,reservation,True,1,54.9,54.9,44045924,A-02
132586382,2026-07-05,2026-07-06,2026-07,2026,B,Edificio B — City Center,Booking.com,OTA,reservation,True,1,131.0,131.0,18560209,B-02
133824877,2026-07-05,2026-07-06,2026-07,2026,E,Edificio E — Budget Inn,Booking.com,OTA,reservation,True,1,45.0,45.0,84164110,E-12
137404442,2026-07-05,2026-07-07,2026-07,2026,A,Edificio A — Urban District,Booking.com,OTA,reservation,True,2,154.0,77.0,78393252,A-01
132674452,2026-07-05,2026-07-08,2026-07,2026,E,Edificio E — Budget Inn,Booking.com,OTA,cancellation,False,3,198.0,66.0,55696493,E-07
132681722,2026-07-05,2026-07-08,2026-07,2026,E,Edificio E — Budget Inn,Airbnb,OTA,reservation,True,3,180.0,60.0,71648079,E-04
131031780,2026-07-05,2026-07-10,2026-07,2026,B,Edificio B — City Center,Booking.com,OTA,reservation,True,5,952.2,190.44,16931012,B-01
136083722,2026-07-06,2026-07-07,2026-07,2026,B,Edificio B — City Center,Booking.com,OTA,reservation,True,1,155.0,155.0,26195689,B-07
136790372,2026-07-06,2026-07-07,2026-07,2026,D,Edificio D — Old Quarter,Airbnb,OTA,reservation,True,1,220.0,220.0,54675889,D-02
132922837,2026-07-06,2026-07-08,2026-07,2026,C,Edificio C — Riverside,Airbnb,OTA,reservation,True,2,340.0,170.0,50758125,C-07
133540612,2026-07-06,2026-07-08,2026-07,2026,B,Edificio B — City Center,Airbnb,OTA,reservation,True,2,380.0,190.0,41083402,B-05
134888982,2026-07-06,2026-07-08,2026-07,2026,E,Edificio E — Budget Inn,Booking.com,OTA,cancellation,False,2,132.0,66.0,87987315,E-10
134891247,2026-07-06,2026-07-08,2026-07,2026,E,Edificio E — Budget Inn,Booking.com,OTA,reservation,True,2,110.0,55.0,87987315,E-10
135060527,2026-07-06,2026-07-08,2026-07,2026,C,Edificio C — Riverside,Booking.com,OTA,reservation,True,2,250.0,125.0,57932010,C-04
137079262,2026-07-06,2026-07-08,2026-07,2026,D,Edificio D — Old Quarter,Airbnb,OTA,reservation,True,2,374.0,187.0,44227092,D-01
137478277,2026-07-06,2026-07-08,2026-07,2026,D,Edificio D — Old Quarter,Booking.com,OTA,modification of booking,False,2,708.0,354.0,20509291,D-03
131142000,2026-07-06,2026-07-09,2026-07,2026,B,Edificio B — City Center,Booking.com,OTA,reservation,True,3,450.0,150.0,74673022,B-06
131902837,2026-07-06,2026-07-09,2026-07,2026,A,Edificio A — Urban District,Booking.com,OTA,cancellation,False,3,291.6,97.2,88690151,A-01
132897732,2026-07-06,2026-07-09,2026-07,2026,C,Edificio C — Riverside,Airbnb,OTA,reservation,True,3,330.0,110.0,13448785,C-01
136134162,2026-07-06,2026-07-09,2026-07,2026,C,Edificio C — Riverside,Booking.com,OTA,reservation,True,3,272.7,90.9,73521874,C-03
137476457,2026-07-06,2026-07-09,2026-07,2026,D,Edificio D — Old Quarter,Booking.com,OTA,cancellation,False,3,1062.0,354.0,21082391,D-04
131235555,2026-07-07,2026-07-08,2026-07,2026,A,Edificio A — Urban District,Booking.com,OTA,reservation,True,1,61.0,61.0,42332010,A-02
134449537,2026-07-07,2026-07-08,2026-07,2026,B,Edificio B — City Center,Airbnb,OTA,reservation,True,1,120.0,120.0,30671839,B-09
134594212,2026-07-07,2026-07-08,2026-07,2026,E,Edificio E — Budget Inn,Booking.com,OTA,reservation,True,1,45.0,45.0,49696014,E-13
137784862,2026-07-07,2026-07-08,2026-07,2026,C,Edificio C — Riverside,Booking.com,OTA,reservation,True,1,122.58,122.58,85866382,C-02
132265902,2026-07-07,2026-07-09,2026-07,2026,B,Edificio B — City Center,Booking.com,OTA,reservation,True,2,302.4,151.2,75527841,B-02
132943882,2026-07-07,2026-07-09,2026-07,2026,A,Edificio A — Urban District,Booking.com,OTA,cancellation,False,2,221.4,110.7,70961571,A-01
133379187,2026-07-07,2026-07-09,2026-07,2026,D,Edificio D — Old Quarter,Booking.com,OTA,modification of booking,False,2,242.4,121.2,50459950,D-05
133521657,2026-07-07,2026-07-09,2026-07,2026,B,Edificio B — City Center,Airbnb,OTA,reservation,True,2,360.0,180.0,82174775,B-07
134902662,2026-07-07,2026-07-10,2026-07,2026,B,Edificio B — City Center,Booking.com,OTA,reservation,True,3,486.0,162.0,25265690,B-03
137165492,2026-07-07,2026-07-10,2026-07,2026,D,Edificio D — Old Quarter,Airbnb,OTA,reservation,True,3,1140.7,380.23333333333335,51197218,D-02
131417015,2026-07-08,2026-07-09,2026-07,2026,A,Edificio A — Urban District,Booking.com,OTA,reservation,True,1,91.0,91.0,66546521,A-02
133404432,2026-07-08,2026-07-09,2026-07,2026,C,Edificio C — Riverside,Airbnb,OTA,reservation,True,1,110.0,110.0,44676263,C-07
133514517,2026-07-08,2026-07-09,2026-07,2026,B,Edificio B — City Center,Airbnb,OTA,reservation,True,1,190.0,190.0,98839910,B-05
133609762,2026-07-08,2026-07-09,2026-07,2026,OTRO,Otros,Direct booking,Directo,modification of booking,False,1,25.0,25.0,24404391,OTRO-01
134119547,2026-07-08,2026-07-09,2026-07,2026,E,Edificio E — Budget Inn,Direct booking,Directo,modification of booking,False,1,48.0,48.0,26709393,E-15
134119832,2026-07-08,2026-07-09,2026-07,2026,E,Edificio E — Budget Inn,Direct booking,Directo,reservation,True,1,56.0,56.0,26709393,E-04
134119947,2026-07-08,2026-07-09,2026-07,2026,E,Edificio E — Budget Inn,Direct booking,Directo,reservation,True,1,48.0,48.0,26709393,E-14
134120957,2026-07-08,2026-07-09,2026-07,2026,E,Edificio E — Budget Inn,Direct booking,Directo,reservation,True,1,56.0,56.0,26709393,E-02
134121222,2026-07-08,2026-07-09,2026-07,2026,E,Edificio E — Budget Inn,Direct booking,Directo,reservation,True,1,48.0,48.0,26709393,E-03
134121457,2026-07-08,2026-07-09,2026-07,2026,E,Edificio E — Budget Inn,Direct booking,Directo,reservation,True,1,48.0,48.0,26709393,E-01
134832907,2026-07-08,2026-07-09,2026-07,2026,E,Edificio E — Budget Inn,Booking.com,OTA,reservation,True,1,55.0,55.0,38933009,E-08
135303522,2026-07-08,2026-07-09,2026-07,2026,E,Edificio E — Budget Inn,Booking.com,OTA,reservation,True,1,54.0,54.0,89274108,E-13
135587932,2026-07-08,2026-07-09,2026-07,2026,C,Edificio C — Riverside,Airbnb,OTA,reservation,True,1,130.0,130.0,65077543,C-04
137788607,2026-07-08,2026-07-09,2026-07,2026,D,Edificio D — Old Quarter,Booking.com,OTA,reservation,True,1,116.0,116.0,25342418,D-08
131296845,2026-07-08,2026-07-10,2026-07,2026,C,Edificio C — Riverside,Booking.com,OTA,cancellation,False,2,331.45,165.725,86563197,C-03
132109772,2026-07-08,2026-07-10,2026-07,2026,C,Edificio C — Riverside,Booking.com,OTA,reservation,True,2,331.45,165.725,20729046,C-02
132121827,2026-07-08,2026-07-10,2026-07,2026,E,Edificio E — Budget Inn,Booking.com,OTA,reservation,True,2,174.0,87.0,79675980,E-11
132263512,2026-07-08,2026-07-10,2026-07,2026,B,Edificio B — City Center,Booking.com,OTA,cancellation,False,2,409.2,204.6,75527841,B-02
133553742,2026-07-08,2026-07-10,2026-07,2026,D,Edificio D — Old Quarter,Booking.com,OTA,cancellation,False,2,379.2,189.6,18121315,D-08
132089907,2026-07-08,2026-07-13,2026-07,2026,C,Edificio C — Riverside,Airbnb,OTA,reservation,True,5,1123.0,224.6,42586047,C-08
131263460,2026-07-08,2026-07-14,2026-07,2026,B,Edificio B — City Center,Booking.com,OTA,reservation,True,6,1323.6,220.6,51061706,B-08
131214660,2026-07-09,2026-07-10,2026-07,2026,E,Edificio E — Budget Inn,Booking.com,OTA,reservation,True,1,90.0,90.0,60458613,E-10
133279167,2026-07-09,2026-07-10,2026-07,2026,B,Edificio B — City Center,Booking.com,OTA,reservation,True,1,205.0,205.0,41057439,B-02
133279172,2026-07-09,2026-07-10,2026-07,2026,B,Edificio B — City Center,Booking.com,OTA,reservation,True,1,201.0,201.0,41057439,B-09
133784897,2026-07-09,2026-07-10,2026-07,2026,B,Edificio B — City Center,Airbnb,OTA,reservation,True,1,201.0,201.0,11638045,B-06
136479552,2026-07-09,2026-07-10,2026-07,2026,C,Edificio C — Riverside,Booking.com,OTA,reservation,True,1,216.0,216.0,12077717,C-04
136873512,2026-07-09,2026-07-10,2026-07,2026,C,Edificio C — Riverside,Booking.com,OTA,reservation,True,1,243.0,243.0,21066578,C-09
136873517,2026-07-09,2026-07-10,2026-07,2026,C,Edificio C — Riverside,Booking.com,OTA,reservation,True,1,256.2,256.2,21066578,C-07
137307387,2026-07-09,2026-07-10,2026-07,2026,E,Edificio E — Budget Inn,Booking.com,OTA,reservation,True,1,73.2,73.2,83431984,E-13
132238762,2026-07-09,2026-07-11,2026-07,2026,E,Edificio E — Budget Inn,Booking.com,OTA,reservation,True,2,170.4,85.2,62458092,E-06
132770192,2026-07-09,2026-07-11,2026-07,2026,E,Edificio E — Budget Inn,Booking.com,OTA,cancellation,False,2,252.0,126.0,13490923,E-07
132986887,2026-07-09,2026-07-11,2026-07,2026,C,Edificio C — Riverside,Airbnb,OTA,reservation,True,2,521.0,260.5,19973372,C-01
131267430,2026-07-09,2026-07-12,2026-07,2026,A,Edificio A — Urban District,Booking.com,OTA,reservation,True,3,602.1,200.7,63583655,A-01
131473415,2026-07-09,2026-07-12,2026-07,2026,A,Edificio A — Urban District,Booking.com,OTA,reservation,True,3,595.0,198.3333333333333,55611829,A-02
131804330,2026-07-09,2026-07-12,2026-07,2026,E,Edificio E — Budget Inn,Booking.com,OTA,reservation,True,3,398.4,132.79999999999998,63188366,E-09
131899087,2026-07-09,2026-07-12,2026-07,2026,B,Edificio B — City Center,Booking.com,OTA,reservation,True,3,919.2,306.40000000000003,65897208,B-04
132208637,2026-07-09,2026-07-12,2026-07,2026,C,Edificio C — Riverside,Booking.com,OTA,reservation,True,3,816.48,272.16,19228538,C-05
132465002,2026-07-09,2026-07-12,2026-07,2026,E,Edificio E — Budget Inn,Booking.com,OTA,reservation,True,3,223.0,74.33333333333333,26709393,E-03
132465007,2026-07-09,2026-07-12,2026-07,2026,E,Edificio E — Budget Inn,Booking.com,OTA,reservation,True,3,332.0,110.66666666666669,26709393,E-02
132465012,2026-07-09,2026-07-12,2026-07,2026,E,Edificio E — Budget Inn,Booking.com,OTA,reservation,True,3,332.0,110.66666666666669,26709393,E-04
132465022,2026-07-09,2026-07-12,2026-07,2026,E,Edificio E — Budget Inn,Booking.com,OTA,modification of booking,False,3,267.6,89.2,26709393,E-15
132465027,2026-07-09,2026-07-12,2026-07,2026,E,Edificio E — Budget Inn,Booking.com,OTA,reservation,True,3,223.0,74.33333333333333,26709393,E-14
132465032,2026-07-09,2026-07-12,2026-07,2026,E,Edificio E — Budget Inn,Booking.com,OTA,reservation,True,3,223.0,74.33333333333333,26709393,E-01
132773537,2026-07-09,2026-07-12,2026-07,2026,E,Edificio E — Budget Inn,Booking.com,OTA,cancellation,False,3,396.0,132.0,13490923,E-07
135962617,2026-07-15,2026-07-17,2026-07,2026,C,Edificio C — Riverside,Booking.com,OTA,reservation,True,2,320.4,160.2,70456038,C-06
137550122,2026-07-15,2026-07-17,2026-07,2026,D,Edificio D — Old Quarter,Airbnb,OTA,reservation,True,2,387.2,193.6,81283621,D-03
133467997,2026-07-15,2026-07-19,2026-07,2026,E,Edificio E — Budget Inn,Booking.com,OTA,cancellation,False,4,264.0,66.0,45231900,E-12
135317457,2026-07-15,2026-07-19,2026-07,2026,B,Edificio B — City Center,Booking.com,OTA,reservation,True,4,926.4,231.6,51878502,B-08
131968812,2026-07-16,2026-07-17,2026-07,2026,B,Edificio B — City Center,Airbnb,OTA,reservation,True,1,210.0,210.0,83675129,B-05
132878667,2026-07-16,2026-07-17,2026-07,2026,A,Edificio A — Urban District,Booking.com,OTA,reservation,True,1,113.4,113.4,51174165,A-02
135033362,2026-07-16,2026-07-17,2026-07,2026,C,Edificio C — Riverside,Booking.com,OTA,reservation,True,1,136.0,136.0,42654651,C-07
135162492,2026-07-16,2026-07-17,2026-07,2026,D,Edificio D — Old Quarter,Airbnb,OTA,cancellation,False,1,111.1,111.1,82734104,D-05
135599422,2026-07-16,2026-07-17,2026-07,2026,B,Edificio B — City Center,Booking.com,OTA,reservation,True,1,120.0,120.0,22553527,B-09
135829087,2026-07-16,2026-07-17,2026-07,2026,B,Edificio B — City Center,Airbnb,OTA,cancellation,False,1,140.0,140.0,82734104,B-04
132032102,2026-07-16,2026-07-18,2026-07,2026,B,Edificio B — City Center,Booking.com,OTA,reservation,True,2,374.4,187.2,28651291,B-02
137263772,2026-07-16,2026-07-19,2026-07,2026,E,Edificio E — Budget Inn,Booking.com,OTA,reservation,True,3,255.6,85.2,35305080,E-08
137263777,2026-07-16,2026-07-19,2026-07,2026,E,Edificio E — Budget Inn,Booking.com,OTA,reservation,True,3,255.6,85.2,35305080,E-11
137263782,2026-07-16,2026-07-19,2026-07,2026,E,Edificio E — Budget Inn,Booking.com,OTA,reservation,True,3,255.6,85.2,35305080,E-02
137263787,2026-07-16,2026-07-19,2026-07,2026,E,Edificio E — Budget Inn,Booking.com,OTA,reservation,True,3,202.8,67.60000000000001,21725987,E-14
137263792,2026-07-16,2026-07-19,2026-07,2026,E,Edificio E — Budget Inn,Booking.com,OTA,reservation,True,3,202.8,67.60000000000001,35305080,E-05
137471502,2026-07-16,2026-07-19,2026-07,2026,E,Edificio E — Budget Inn,Airbnb,OTA,reservation,True,3,169.0,56.333333333333336,35282665,E-12
137796932,2026-07-16,2026-07-19,2026-07,2026,B,Edificio B — City Center,Booking.com,OTA,reservation,True,3,632.0,210.66666666666663,28523654,B-03
135347337,2026-07-16,2026-07-20,2026-07,2026,E,Edificio E — Budget Inn,Booking.com,OTA,reservation,True,4,220.0,55.0,14345576,E-03
134640687,2026-07-17,2026-07-18,2026-07,2026,B,Edificio B — City Center,Airbnb,OTA,reservation,True,1,414.0,414.0,11016818,B-05
135949147,2026-07-17,2026-07-18,2026-07,2026,B,Edificio B — City Center,Booking.com,OTA,reservation,True,1,240.0,240.0,54206793,B-07
135602672,2026-07-17,2026-07-19,2026-07,2026,C,Edificio C — Riverside,Booking.com,OTA,reservation,True,2,337.28,168.64,25169902,C-02
135603012,2026-07-17,2026-07-19,2026-07,2026,C,Edificio C — Riverside,Website,Directo,reservation,True,2,332.0,166.0,61735596,C-03
135603677,2026-07-17,2026-07-19,2026-07,2026,C,Edificio C — Riverside,Website,Directo,reservation,True,2,332.0,166.0,11804392,C-09
136963402,2026-07-17,2026-07-19,2026-07,2026,B,Edificio B — City Center,Booking.com,OTA,reservation,True,2,452.0,226.0,84636213,B-06
137370797,2026-07-17,2026-07-19,2026-07,2026,D,Edificio D — Old Quarter,Booking.com,OTA,reservation,True,2,1066.0,533.0,50101186,D-01
137370802,2026-07-17,2026-07-19,2026-07,2026,D,Edificio D — Old Quarter,Booking.com,OTA,reservation,True,2,1126.0,563.0,50101186,D-03
137370807,2026-07-17,2026-07-19,2026-07,2026,D,Edificio D — Old Quarter,Booking.com,OTA,reservation,True,2,330.0,165.0,50101186,D-07
135269147,2026-07-17,2026-07-20,2026-07,2026,C,Edificio C — Riverside,Booking.com,OTA,reservation,True,3,626.94,208.98,65338512,C-07
135474647,2026-07-17,2026-07-21,2026-07,2026,C,Edificio C — Riverside,Booking.com,OTA,reservation,True,4,771.12,192.78,82602584,C-04
131513595,2026-07-18,2026-07-19,2026-07,2026,C,Edificio C — Riverside,Booking.com,OTA,cancellation,False,1,180.79,180.79,31663083,C-03
137559632,2026-07-18,2026-07-19,2026-07,2026,B,Edificio B — City Center,Booking.com,OTA,reservation,True,1,240.0,240.0,18347516,B-07
133249887,2026-07-18,2026-07-20,2026-07,2026,B,Edificio B — City Center,Booking.com,OTA,cancellation,False,2,374.4,187.2,34946164,B-02
135196192,2026-07-18,2026-07-20,2026-07,2026,D,Edificio D — Old Quarter,Booking.com,OTA,reservation,True,2,374.4,187.2,25639502,D-08
135866557,2026-07-18,2026-07-20,2026-07,2026,D,Edificio D — Old Quarter,Booking.com,OTA,reservation,True,2,322.0,161.0,75670575,D-05
131125855,2026-07-18,2026-07-21,2026-07,2026,B,Edificio B — City Center,Website,Directo,reservation,True,3,694.0,231.3333333333333,58569819,B-05
134435857,2026-07-18,2026-07-21,2026-07,2026,A,Edificio A — Urban District,Booking.com,OTA,cancellation,False,3,394.74,131.58,62111665,A-01
134559462,2026-07-18,2026-07-22,2026-07,2026,B,Edificio B — City Center,Booking.com,OTA,reservation,True,4,805.2,201.3,37546660,B-01
131088470,2026-07-19,2026-07-20,2026-07,2026,C,Edificio C — Riverside,Booking.com,OTA,reservation,True,1,122.47,122.47,83235669,C-02
133274972,2026-07-19,2026-07-20,2026-07,2026,E,Edificio E — Budget Inn,Booking.com,OTA,reservation,True,1,54.0,54.0,90043430,E-13
136880112,2026-07-19,2026-07-20,2026-07,2026,B,Edificio B — City Center,Booking.com,OTA,reservation,True,1,135.0,135.0,78370038,B-06
136880117,2026-07-19,2026-07-20,2026-07,2026,B,Edificio B — City Center,Booking.com,OTA,reservation,True,1,101.0,101.0,78370038,B-02
136880122,2026-07-19,2026-07-20,2026-07,2026,B,Edificio B — City Center,Booking.com,OTA,reservation,True,1,150.0,150.0,78370038,B-03
133783797,2026-07-19,2026-07-21,2026-07,2026,C,Edificio C — Riverside,Website,Directo,reservation,True,2,264.0,132.0,35060539,C-08
134816227,2026-07-19,2026-07-22,2026-07,2026,D,Edificio D — Old Quarter,Booking.com,OTA,reservation,True,3,333.0,111.0,49854015,D-07
135743982,2026-07-19,2026-07-22,2026-07,2026,B,Edificio B — City Center,Booking.com,OTA,reservation,True,3,477.0,159.0,25922357,B-09
131004685,2026-07-19,2026-07-23,2026-07,2026,B,Edificio B — City Center,Booking.com,OTA,reservation,True,4,636.0,159.0,60204582,B-04
135797682,2026-07-19,2026-07-23,2026-07,2026,OTRO,Otros,Direct booking,Directo,modification of booking,False,4,100.0,25.0,60137945,OTRO-01
134909417,2026-07-19,2026-07-26,2026-07,2026,B,Edificio B — City Center,Airbnb,OTA,reservation,True,7,1261.0,180.14285714285714,73965896,B-07
135755522,2026-07-20,2026-07-21,2026-07,2026,C,Edificio C — Riverside,Booking.com,OTA,reservation,True,1,144.18,144.18,55173104,C-07
136727212,2026-07-20,2026-07-22,2026-07,2026,D,Edificio D — Old Quarter,Booking.com,OTA,reservation,True,2,422.0,211.0,37959447,D-02
137110827,2026-07-20,2026-07-22,2026-07,2026,C,Edificio C — Riverside,Booking.com,OTA,reservation,True,2,272.4,136.2,27978808,C-09
135407207,2026-07-20,2026-07-23,2026-07,2026,D,Edificio D — Old Quarter,Airbnb,OTA,reservation,True,3,646.8,215.6,59700226,D-01
137772342,2026-07-20,2026-07-23,2026-07,2026,D,Edificio D — Old Quarter,Airbnb,OTA,reservation,True,3,679.8,226.6,74429846,D-03
131029440,2026-07-21,2026-07-22,2026-07,2026,C,Edificio C — Riverside,Booking.com,OTA,reservation,True,1,122.47,122.47,83235669,C-02
133965782,2026-07-21,2026-07-22,2026-07,2026,D,Edificio D — Old Quarter,Booking.com,OTA,reservation,True,1,101.0,101.0,14544670,D-08
134280672,2026-07-21,2026-07-22,2026-07,2026,B,Edificio B — City Center,Booking.com,OTA,reservation,True,1,135.0,135.0,70775750,B-03
136236622,2026-07-21,2026-07-22,2026-07,2026,C,Edificio C — Riverside,Booking.com,OTA,reservation,True,1,144.18,144.18,47454411,C-04
136342417,2026-07-21,2026-07-22,2026-07,2026,B,Edificio B — City Center,Airbnb,OTA,reservation,True,1,210.0,210.0,88842457,B-05
132350747,2026-07-21,2026-07-23,2026-07,2026,B,Edificio B — City Center,Booking.com,OTA,reservation,True,2,302.4,151.2,72453595,B-02
132468702,2026-07-21,2026-07-23,2026-07,2026,B,Edificio B — City Center,Airbnb,OTA,reservation,True,2,320.0,160.0,31465731,B-06
132531572,2026-07-21,2026-07-23,2026-07,2026,C,Edificio C — Riverside,Airbnb,OTA,reservation,True,2,202.0,101.0,11696572,C-03
132836267,2026-07-21,2026-07-23,2026-07,2026,C,Edificio C — Riverside,Airbnb,OTA,reservation,True,2,282.0,141.0,24184638,C-01
133010047,2026-07-21,2026-07-23,2026-07,2026,D,Edificio D — Old Quarter,Airbnb,OTA,reservation,True,2,222.2,111.1,32804035,D-05
133526082,2026-07-21,2026-07-23,2026-07,2026,B,Edificio B — City Center,Airbnb,OTA,reservation,True,2,340.0,170.0,37890667,B-08
133693602,2026-07-21,2026-07-23,2026-07,2026,A,Edificio A — Urban District,Booking.com,OTA,reservation,True,2,194.4,97.2,27917531,A-01
136289162,2026-07-21,2026-07-30,2026-07,2026,E,Edificio E — Budget Inn,Booking.com,OTA,reservation,True,9,532.8,59.2,68113799,E-01
135399462,2026-07-22,2026-07-23,2026-07,2026,C,Edificio C — Riverside,Booking.com,OTA,reservation,True,1,160.2,160.2,87178144,C-06
137859692,2026-07-22,2026-07-23,2026-07,2026,D,Edificio D — Old Quarter,Airbnb,OTA,reservation,True,1,111.1,111.1,21097649,D-08
131580190,2026-07-22,2026-07-24,2026-07,2026,C,Edificio C — Riverside,Booking.com,OTA,reservation,True,2,272.16,136.08,74270302,C-02
132794022,2026-07-22,2026-07-24,2026-07,2026,B,Edificio B — City Center,Booking.com,OTA,reservation,True,2,636.0,318.0,55039857,B-05
132794027,2026-07-22,2026-07-24,2026-07,2026,B,Edificio B — City Center,Booking.com,OTA,reservation,True,2,348.0,174.0,55039857,B-09
132913497,2026-07-22,2026-07-24,2026-07,2026,B,Edificio B — City Center,Airbnb,OTA,reservation,True,2,300.0,150.0,11052847,B-01
135588507,2026-07-22,2026-07-24,2026-07,2026,D,Edificio D — Old Quarter,Airbnb,OTA,reservation,True,2,398.2,199.1,87426641,D-02
136675117,2026-07-22,2026-07-24,2026-07,2026,C,Edificio C — Riverside,Airbnb,OTA,cancellation,False,2,362.0,181.0,48997771,C-04
136938987,2026-07-22,2026-07-24,2026-07,2026,C,Edificio C — Riverside,Airbnb,OTA,reservation,True,2,362.0,181.0,48997771,C-04
137590812,2026-07-22,2026-07-24,2026-07,2026,D,Edificio D — Old Quarter,Airbnb,OTA,cancellation,False,2,497.2,248.6,18173361,D-03
134194462,2026-07-22,2026-07-25,2026-07,2026,C,Edificio C — Riverside,Booking.com,OTA,reservation,True,3,453.0,151.0,38003256,C-08
134103962,2026-07-22,2026-07-26,2026-07,2026,A,Edificio A — Urban District,Booking.com,OTA,reservation,True,4,531.36,132.84,49096346,A-02
132459397,2026-07-22,2026-07-27,2026-07,2026,C,Edificio C — Riverside,Booking.com,OTA,reservation,True,5,982.8,196.56,14177208,C-07
131776475,2026-07-23,2026-07-24,2026-07,2026,B,Edificio B — City Center,Airbnb,OTA,reservation,True,1,121.0,121.0,41979158,B-02
135433867,2026-07-23,2026-07-24,2026-07,2026,D,Edificio D — Old Quarter,Website,Directo,reservation,True,1,81.0,81.0,78713013,D-07
137099772,2026-07-23,2026-07-24,2026-07,2026,E,Edificio E — Budget Inn,Booking.com,OTA,reservation,True,1,64.8,64.8,51901182,E-08
137853092,2026-07-23,2026-07-24,2026-07,2026,D,Edificio D — Old Quarter,Booking.com,OTA,reservation,True,1,131.0,131.0,32776473,D-05
131626995,2026-07-23,2026-07-25,2026-07,2026,D,Edificio D — Old Quarter,Airbnb,OTA,reservation,True,2,507.1,253.55,66142066,D-04
131668820,2026-07-23,2026-07-25,2026-07,2026,C,Edificio C — Riverside,Airbnb,OTA,reservation,True,2,307.0,153.5,82914772,C-03
133329852,2026-07-24,2026-07-25,2026-07,2026,B,Edificio B — City Center,Airbnb,OTA,reservation,True,1,394.0,394.0,29324287,B-05
132348732,2026-07-24,2026-07-26,2026-07,2026,E,Edificio E — Budget Inn,Booking.com,OTA,cancellation,False,2,162.0,81.0,71540127,E-05
135229182,2026-07-24,2026-07-26,2026-07,2026,C,Edificio C — Riverside,Booking.com,OTA,reservation,True,2,452.0,226.0,57308799,C-04
136623342,2026-07-24,2026-07-26,2026-07,2026,OTRO,Otros,Direct booking,Directo,reservation,True,2,50.0,25.0,13435396,OTRO-02
137680537,2026-07-24,2026-07-26,2026-07,2026,E,Edificio E — Budget Inn,Booking.com,OTA,reservation,True,2,166.0,83.0,16272761,E-11
136229002,2026-07-24,2026-07-27,2026-07,2026,D,Edificio D — Old Quarter,Booking.com,OTA,cancellation,False,3,552.6,184.2,30676566,D-08
134309512,2026-07-24,2026-07-29,2026-07,2026,E,Edificio E — Budget Inn,Booking.com,OTA,reservation,True,5,270.0,54.0,67524748,E-05
131507345,2026-07-25,2026-07-27,2026-07,2026,B,Edificio B — City Center,Airbnb,OTA,reservation,True,2,560.0,280.0,88473662,B-05
132534807,2026-07-25,2026-07-27,2026-07,2026,C,Edificio C — Riverside,Booking.com,OTA,reservation,True,2,313.95,156.975,69568687,C-03
137236727,2026-07-25,2026-07-28,2026-07,2026,E,Edificio E — Budget Inn,Booking.com,OTA,reservation,True,3,192.0,64.0,13575093,E-12
131571060,2026-07-25,2026-07-31,2026-07,2026,B,Edificio B — City Center,Booking.com,OTA,reservation,True,6,799.2,133.20000000000002,92117679,B-02
131518765,2026-07-26,2026-07-28,2026-07,2026,C,Edificio C — Riverside,Booking.com,OTA,reservation,True,2,244.94,122.47,65094165,C-02
133155217,2026-07-26,2026-07-28,2026-07,2026,C,Edificio C — Riverside,Booking.com,OTA,reservation,True,2,315.36,157.68,85654453,C-04
134126922,2026-07-26,2026-07-28,2026-07,2026,D,Edificio D — Old Quarter,Airbnb,OTA,reservation,True,2,530.2,265.1,39707969,D-01
134812877,2026-07-26,2026-07-28,2026-07,2026,C,Edificio C — Riverside,Website,Directo,reservation,True,2,204.0,102.0,21529818,C-08
135213707,2026-07-26,2026-07-28,2026-07,2026,B,Edificio B — City Center,Booking.com,OTA,reservation,True,2,310.0,155.0,34756921,B-07
135269102,2026-07-26,2026-07-28,2026-07,2026,B,Edificio B — City Center,Booking.com,OTA,reservation,True,2,270.0,135.0,30785047,B-09
135973677,2026-07-26,2026-07-28,2026-07,2026,B,Edificio B — City Center,Booking.com,OTA,modification of booking,False,2,318.0,159.0,87714820,B-03
131766790,2026-07-27,2026-07-28,2026-07,2026,B,Edificio B — City Center,Airbnb,OTA,reservation,True,1,160.0,160.0,68949002,B-06
131540430,2026-07-27,2026-07-29,2026-07,2026,C,Edificio C — Riverside,Airbnb,OTA,reservation,True,2,282.0,141.0,40672340,C-03
132459722,2026-07-27,2026-07-29,2026-07,2026,A,Edificio A — Urban District,Booking.com,OTA,cancellation,False,2,194.4,97.2,27917531,A-01
132308712,2026-07-27,2026-07-30,2026-07,2026,D,Edificio D — Old Quarter,Booking.com,OTA,reservation,True,3,408.6,136.20000000000002,55089147,D-08
133111872,2026-07-27,2026-07-30,2026-07,2026,C,Edificio C — Riverside,Airbnb,OTA,reservation,True,3,363.0,121.0,79626333,C-07
133628562,2026-07-27,2026-07-30,2026-07,2026,D,Edificio D — Old Quarter,Booking.com,OTA,reservation,True,3,408.6,136.20000000000002,73882493,D-05
134784532,2026-07-27,2026-07-30,2026-07,2026,C,Edificio C — Riverside,Booking.com,OTA,reservation,True,3,408.6,136.20000000000002,27489517,C-09
132327162,2026-07-27,2026-07-31,2026-07,2026,C,Edificio C — Riverside,Booking.com,OTA,cancellation,False,4,630.72,157.68,26548582,C-07
132341962,2026-07-28,2026-07-29,2026-07,2026,E,Edificio E — Budget Inn,Booking.com,OTA,cancellation,False,1,54.0,54.0,27271516,E-13
133808772,2026-07-28,2026-07-29,2026-07,2026,B,Edificio B — City Center,Booking.com,OTA,reservation,True,1,156.0,156.0,16586689,B-04
135297777,2026-07-28,2026-07-29,2026-07,2026,D,Edificio D — Old Quarter,Airbnb,OTA,reservation,True,1,215.6,215.6,29406641,D-01
132349157,2026-07-28,2026-07-30,2026-07,2026,B,Edificio B — City Center,Booking.com,OTA,reservation,True,2,372.0,186.0,60597091,B-01
132397297,2026-07-28,2026-07-30,2026-07,2026,B,Edificio B — City Center,Booking.com,OTA,reservation,True,2,396.0,198.0,56383453,B-07
132397552,2026-07-28,2026-07-30,2026-07,2026,B,Edificio B — City Center,Booking.com,OTA,reservation,True,2,288.0,144.0,75712128,B-09
134565227,2026-07-28,2026-07-30,2026-07,2026,B,Edificio B — City Center,Booking.com,OTA,reservation,True,2,348.0,174.0,68413739,B-06
136950512,2026-07-28,2026-07-30,2026-07,2026,C,Edificio C — Riverside,Airbnb,OTA,reservation,True,2,282.0,141.0,34357604,C-01
137369597,2026-07-28,2026-07-30,2026-07,2026,A,Edificio A — Urban District,Booking.com,OTA,reservation,True,2,221.4,110.7,69563600,A-01
137130842,2026-07-28,2026-07-31,2026-07,2026,B,Edificio B — City Center,Booking.com,OTA,reservation,True,3,558.0,186.0,36159427,B-08
136214482,2026-07-29,2026-07-30,2026-07,2026,C,Edificio C — Riverside,Booking.com,OTA,reservation,True,1,122.58,122.58,71213242,C-03
131087020,2026-07-29,2026-07-31,2026-07,2026,B,Edificio B — City Center,Booking.com,OTA,cancellation,False,2,318.0,159.0,86085517,B-04
131576510,2026-07-29,2026-07-31,2026-07,2026,C,Edificio C — Riverside,Booking.com,OTA,reservation,True,2,350.4,175.2,75020321,C-05
131590610,2026-07-29,2026-07-31,2026-07,2026,B,Edificio B — City Center,Airbnb,OTA,reservation,True,2,420.0,210.0,14704006,B-05
132078052,2026-07-29,2026-07-31,2026-07,2026,OTRO,Otros,Direct booking,Directo,modification of booking,False,2,50.0,25.0,45230888,OTRO-02
134240092,2026-07-29,2026-07-31,2026-07,2026,B,Edificio B — City Center,Booking.com,OTA,reservation,True,2,240.0,120.0,83634680,B-03
134269387,2026-07-29,2026-07-31,2026-07,2026,D,Edificio D — Old Quarter,Booking.com,OTA,reservation,True,2,614.4,307.2,82015545,D-04
135279132,2026-07-29,2026-07-31,2026-07,2026,C,Edificio C — Riverside,Booking.com,OTA,reservation,True,2,288.36,144.18,23699497,C-04
136383227,2026-07-29,2026-07-31,2026-07,2026,C,Edificio C — Riverside,Booking.com,OTA,reservation,True,2,244.94,122.47,20473937,C-02
132668302,2026-07-30,2026-07-31,2026-07,2026,B,Edificio B — City Center,Airbnb,OTA,reservation,True,1,140.0,140.0,84276919,B-06
135215667,2026-07-30,2026-07-31,2026-07,2026,B,Edificio B — City Center,Booking.com,OTA,reservation,True,1,155.0,155.0,39517002,B-07
135215672,2026-07-30,2026-07-31,2026-07,2026,B,Edificio B — City Center,Booking.com,OTA,reservation,True,1,135.0,135.0,39517002,B-09
136770887,2026-07-30,2026-07-31,2026-07,2026,B,Edificio B — City Center,Booking.com,OTA,reservation,True,1,120.0,120.0,48553613,B-04
133853247,2026-07-30,2026-08-01,2026-07,2026,C,Edificio C — Riverside,Airbnb,OTA,reservation,True,2,290.0,145.0,81905816,C-03
135586612,2026-07-30,2026-08-01,2026-07,2026,D,Edificio D — Old Quarter,Booking.com,OTA,reservation,True,2,393.6,196.8,23062290,D-05
135586617,2026-07-30,2026-08-01,2026-07,2026,D,Edificio D — Old Quarter,Booking.com,OTA,reservation,True,2,393.6,196.8,23062290,D-08
135586627,2026-07-30,2026-08-01,2026-07,2026,D,Edificio D — Old Quarter,Booking.com,OTA,reservation,True,2,325.2,162.6,23062290,D-07
136474672,2026-07-30,2026-08-02,2026-07,2026,C,Edificio C — Riverside,Booking.com,OTA,reservation,True,3,626.94,208.98,86283063,C-07
136474677,2026-07-30,2026-08-02,2026-07,2026,C,Edificio C — Riverside,Booking.com,OTA,reservation,True,3,526.5,175.5,86283063,C-09
137558667,2026-07-31,2026-08-02,2026-07,2026,A,Edificio A — Urban District,Booking.com,OTA,reservation,True,2,270.0,135.0,64758503,A-02
136019197,2026-08-01,2026-08-03,2026-08,2026,D,Edificio D — Old Quarter,Website,Directo,reservation,True,2,470.0,235.0,65761603,D-01
136520042,2026-08-01,2026-08-03,2026-08,2026,D,Edificio D — Old Quarter,Website,Directo,reservation,True,2,340.0,170.0,42721216,D-05
137891287,2026-08-01,2026-08-03,2026-08,2026,B,Edificio B — City Center,Booking.com,OTA,reservation,True,2,470.0,235.0,10004043,B-07
136226032,2026-08-01,2026-08-04,2026-08,2026,A,Edificio A — Urban District,Booking.com,OTA,reservation,True,3,395.28,131.76,38824705,A-01
136120092,2026-08-02,2026-08-04,2026-08,2026,B,Edificio B — City Center,Airbnb,OTA,reservation,True,2,440.0,220.0,24688094,B-01
136505107,2026-08-02,2026-08-04,2026-08,2026,D,Edificio D — Old Quarter,Booking.com,OTA,reservation,True,2,444.0,222.0,30987580,D-08
137062247,2026-08-02,2026-08-04,2026-08,2026,B,Edificio B — City Center,Booking.com,OTA,reservation,True,2,438.0,219.0,41685908,B-04
137359767,2026-08-02,2026-08-04,2026-08,2026,C,Edificio C — Riverside,Booking.com,OTA,reservation,True,2,306.0,153.0,14964382,C-03
137359772,2026-08-02,2026-08-04,2026-08,2026,C,Edificio C — Riverside,Booking.com,OTA,reservation,True,2,430.0,215.0,14964382,C-04
137864782,2026-08-02,2026-08-04,2026-08,2026,C,Edificio C — Riverside,Booking.com,OTA,reservation,True,2,430.0,215.0,44529436,C-07
136008172,2026-08-03,2026-08-05,2026-08,2026,B,Edificio B — City Center,Airbnb,OTA,reservation,True,2,520.0,260.0,85414466,B-05
136096427,2026-08-03,2026-08-05,2026-08,2026,C,Edificio C — Riverside,Booking.com,OTA,reservation,True,2,320.76,160.38,76523429,C-02
136227617,2026-08-03,2026-08-05,2026-08,2026,B,Edificio B — City Center,Booking.com,OTA,reservation,True,2,510.0,255.0,37421204,B-07
136591502,2026-08-03,2026-08-06,2026-08,2026,B,Edificio B — City Center,Airbnb,OTA,reservation,True,3,540.0,180.0,38322437,B-08
137075662,2026-08-03,2026-08-09,2026-08,2026,C,Edificio C — Riverside,Airbnb,OTA,reservation,True,6,1040.0,173.33333333333334,13152886,C-08
136700372,2026-08-04,2026-08-05,2026-08,2026,C,Edificio C — Riverside,Booking.com,OTA,reservation,True,1,148.23,148.23,65027200,C-03
136223477,2026-08-04,2026-08-06,2026-08,2026,D,Edificio D — Old Quarter,Booking.com,OTA,reservation,True,2,350.0,175.0,50498690,D-05
137139872,2026-08-04,2026-08-06,2026-08,2026,C,Edificio C — Riverside,Booking.com,OTA,reservation,True,2,356.4,178.2,55629490,C-09
137857862,2026-08-04,2026-08-06,2026-08,2026,C,Edificio C — Riverside,Booking.com,OTA,reservation,True,2,510.0,255.0,31873279,C-04
137889177,2026-08-04,2026-08-07,2026-08,2026,D,Edificio D — Old Quarter,Airbnb,OTA,reservation,True,3,891.0,297.0,54229844,D-01
137410507,2026-08-05,2026-08-06,2026-08,2026,E,Edificio E — Budget Inn,Booking.com,OTA,cancellation,False,1,73.2,73.2,14057335,E-14
136257842,2026-08-05,2026-08-08,2026-08,2026,C,Edificio C — Riverside,Booking.com,OTA,reservation,True,3,753.3,251.1,58599774,C-07
136466307,2026-08-05,2026-08-08,2026-08,2026,B,Edificio B — City Center,Direct booking,Directo,modification of booking,False,3,1040.0,346.6666666666667,20738736,B-05
136466622,2026-08-05,2026-08-08,2026-08,2026,OTRO,Otros,Direct booking,Directo,modification of booking,False,3,75.0,25.0,65417056,OTRO-01
137743597,2026-08-05,2026-08-08,2026-08,2026,B,Edificio B — City Center,Booking.com,OTA,cancellation,False,3,753.6,251.2,84798634,B-06
136541972,2026-08-05,2026-08-10,2026-08,2026,A,Edificio A — Urban District,Booking.com,OTA,reservation,True,5,677.7,135.54000000000002,38509472,A-02
136862837,2026-08-05,2026-08-10,2026-08,2026,B,Edificio B — City Center,Booking.com,OTA,reservation,True,5,910.0,182.0,14351117,B-03
137710122,2026-08-06,2026-08-07,2026-08,2026,B,Edificio B — City Center,Website,Directo,reservation,True,1,159.0,159.0,89146530,B-04
137762367,2026-08-06,2026-08-07,2026-08,2026,C,Edificio C — Riverside,Booking.com,OTA,reservation,True,1,148.23,148.23,45903060,C-02
136021437,2026-08-06,2026-08-08,2026-08,2026,B,Edificio B — City Center,Booking.com,OTA,reservation,True,2,410.0,205.0,15795226,B-02
137000732,2026-08-06,2026-08-08,2026-08,2026,B,Edificio B — City Center,Booking.com,OTA,reservation,True,2,452.4,226.2,72707214,B-09
137163867,2026-08-06,2026-08-08,2026-08,2026,C,Edificio C — Riverside,Booking.com,OTA,reservation,True,2,369.36,184.68,69024880,C-03
136385322,2026-08-06,2026-08-09,2026-08,2026,A,Edificio A — Urban District,Booking.com,OTA,reservation,True,3,461.7,153.9,16437360,A-01
135918102,2026-08-06,2026-08-13,2026-08,2026,C,Edificio C — Riverside,Booking.com,OTA,cancellation,False,7,1800.9,257.2714285714286,11735855,C-04
136714592,2026-08-07,2026-08-08,2026-08,2026,C,Edificio C — Riverside,Booking.com,OTA,reservation,True,1,198.0,198.0,88834116,C-02
136193497,2026-08-07,2026-08-09,2026-08,2026,D,Edificio D — Old Quarter,Airbnb,OTA,reservation,True,2,1265.0,632.5,66323462,D-01
136411952,2026-08-07,2026-08-09,2026-08,2026,B,Edificio B — City Center,Booking.com,OTA,reservation,True,2,440.0,220.0,18046444,B-01
136412142,2026-08-07,2026-08-09,2026-08,2026,B,Edificio B — City Center,Booking.com,OTA,reservation,True,2,400.0,200.0,74006984,B-04
136853752,2026-08-07,2026-08-09,2026-08,2026,E,Edificio E — Budget Inn,Booking.com,OTA,reservation,True,2,220.0,110.0,75218228,E-08
136196122,2026-08-07,2026-08-10,2026-08,2026,B,Edificio B — City Center,Airbnb,OTA,reservation,True,3,720.0,240.0,17651563,B-07
137131072,2026-08-07,2026-08-10,2026-08,2026,C,Edificio C — Riverside,Booking.com,OTA,reservation,True,3,818.1,272.7,46680674,C-04
137131077,2026-08-07,2026-08-10,2026-08,2026,C,Edificio C — Riverside,Booking.com,OTA,reservation,True,3,676.62,225.54,46680674,C-05
135865502,2026-08-08,2026-08-10,2026-08,2026,C,Edificio C — Riverside,Booking.com,OTA,cancellation,False,2,523.8,261.9,45492248,C-07
137216402,2026-08-08,2026-08-10,2026-08,2026,C,Edificio C — Riverside,Booking.com,OTA,reservation,True,2,496.8,248.4,75163091,C-06
137216407,2026-08-08,2026-08-10,2026-08,2026,C,Edificio C — Riverside,Booking.com,OTA,reservation,True,2,582.0,291.0,75163091,C-07
136219022,2026-08-08,2026-08-11,2026-08,2026,C,Edificio C — Riverside,Airbnb,OTA,reservation,True,3,470.0,156.66666666666666,45180904,C-03
136222597,2026-08-08,2026-08-11,2026-08,2026,D,Edificio D — Old Quarter,Booking.com,OTA,reservation,True,3,520.0,173.33333333333334,76143288,D-05
136029027,2026-08-08,2026-08-12,2026-08,2026,B,Edificio B — City Center,Airbnb,OTA,reservation,True,4,1381.0,345.25,46386920,B-05
137764982,2026-08-08,2026-08-17,2026-08,2026,E,Edificio E — Budget Inn,Booking.com,OTA,reservation,True,9,972.0,108.0,15067628,E-04
136211257,2026-08-09,2026-08-10,2026-08,2026,D,Edificio D — Old Quarter,Airbnb,OTA,reservation,True,1,297.0,297.0,64934614,D-01
136489157,2026-08-09,2026-08-11,2026-08,2026,D,Edificio D — Old Quarter,Booking.com,OTA,reservation,True,2,540.0,270.0,68622534,D-04
136850157,2026-08-09,2026-08-11,2026-08,2026,D,Edificio D — Old Quarter,Booking.com,OTA,reservation,True,2,366.0,183.0,89593327,D-07
136850162,2026-08-09,2026-08-11,2026-08,2026,D,Edificio D — Old Quarter,Booking.com,OTA,reservation,True,2,816.0,408.0,89593327,D-03
136858437,2026-08-09,2026-08-11,2026-08,2026,B,Edificio B — City Center,Booking.com,OTA,reservation,True,2,370.0,185.0,58484551,B-04
136099407,2026-08-09,2026-08-12,2026-08,2026,D,Edificio D — Old Quarter,Booking.com,OTA,reservation,True,3,666.0,222.0,90059197,D-08
136131862,2026-08-09,2026-08-12,2026-08,2026,C,Edificio C — Riverside,Airbnb,OTA,reservation,True,3,540.0,180.0,74786239,C-08
136150212,2026-08-09,2026-08-12,2026-08,2026,B,Edificio B — City Center,Booking.com,OTA,reservation,True,3,657.0,219.0,76199419,B-06
136161282,2026-08-09,2026-08-12,2026-08,2026,C,Edificio C — Riverside,Airbnb,OTA,reservation,True,3,420.0,140.0,75579440,C-09
133829652,2026-07-09,2026-07-12,2026-07,2026,E,Edificio E — Budget Inn,Booking.com,OTA,modification of booking,False,3,330.0,110.0,13490923,E-18
119629701,2026-07-09,2026-07-13,2026-07,2026,B,Edificio B — City Center,Direct booking,Directo,reservation,True,4,1600.0,400.0,78273955,B-05
119629876,2026-07-09,2026-07-13,2026-07,2026,B,Edificio B — City Center,Direct booking,Directo,reservation,True,4,1000.0,250.0,78273955,B-07
119630156,2026-07-09,2026-07-13,2026-07,2026,B,Edificio B — City Center,Direct booking,Directo,cancellation,False,4,720.0,180.0,78273955,B-03
119630241,2026-07-09,2026-07-13,2026-07,2026,B,Edificio B — City Center,Direct booking,Directo,cancellation,False,4,720.0,180.0,78273955,B-04
119630361,2026-07-09,2026-07-13,2026-07,2026,B,Edificio B — City Center,Direct booking,Directo,cancellation,False,4,720.0,180.0,78273955,B-09
131035940,2026-07-09,2026-07-13,2026-07,2026,C,Edificio C — Riverside,Booking.com,OTA,cancellation,False,4,974.16,243.54,90942404,C-07
132856137,2026-07-09,2026-07-13,2026-07,2026,D,Edificio D — Old Quarter,Booking.com,OTA,cancellation,False,4,2572.8,643.2,63629173,D-04
132904492,2026-07-09,2026-07-13,2026-07,2026,D,Edificio D — Old Quarter,Booking.com,OTA,reservation,True,4,2224.0,556.0,31486595,D-03
132091537,2026-07-10,2026-07-11,2026-07,2026,C,Edificio C — Riverside,Booking.com,OTA,reservation,True,1,272.7,272.7,11681818,C-07
132652097,2026-07-10,2026-07-11,2026-07,2026,E,Edificio E — Budget Inn,Booking.com,OTA,reservation,True,1,144.0,144.0,49162923,E-08
132652107,2026-07-10,2026-07-11,2026-07,2026,E,Edificio E — Budget Inn,Booking.com,OTA,reservation,True,1,97.2,97.2,49162923,E-05
133238587,2026-07-10,2026-07-11,2026-07,2026,B,Edificio B — City Center,Airbnb,OTA,reservation,True,1,312.0,312.0,80420218,B-01
133239577,2026-07-10,2026-07-11,2026-07,2026,OTRO,Otros,Direct booking,Directo,reservation,True,1,25.0,25.0,34355207,OTRO-01
136647012,2026-07-10,2026-07-11,2026-07,2026,D,Edificio D — Old Quarter,Booking.com,OTA,reservation,True,1,246.0,246.0,26625782,D-05
131111795,2026-07-10,2026-07-12,2026-07,2026,C,Edificio C — Riverside,Booking.com,OTA,reservation,True,2,462.0,231.0,20448580,C-09
131111800,2026-07-10,2026-07-12,2026-07,2026,C,Edificio C — Riverside,Booking.com,OTA,reservation,True,2,469.8,234.9,20448580,C-03
131111805,2026-07-10,2026-07-12,2026-07,2026,C,Edificio C — Riverside,Booking.com,OTA,reservation,True,2,469.8,234.9,20448580,C-02
131164400,2026-07-10,2026-07-12,2026-07,2026,C,Edificio C — Riverside,Booking.com,OTA,reservation,True,2,572.4,286.2,55389831,C-04
131260875,2026-07-10,2026-07-12,2026-07,2026,B,Edificio B — City Center,Booking.com,OTA,reservation,True,2,636.0,318.0,61349446,B-06
131260880,2026-07-10,2026-07-12,2026-07,2026,B,Edificio B — City Center,Booking.com,OTA,reservation,True,2,636.0,318.0,61349446,B-09
131260885,2026-07-10,2026-07-12,2026-07,2026,B,Edificio B — City Center,Booking.com,OTA,reservation,True,2,614.4,307.2,61349446,B-02
131505260,2026-07-10,2026-07-12,2026-07,2026,B,Edificio B — City Center,Booking.com,OTA,reservation,True,2,606.0,303.0,82886961,B-03
131832660,2026-07-10,2026-07-12,2026-07,2026,E,Edificio E — Budget Inn,Airbnb,OTA,reservation,True,2,250.0,125.0,44741841,E-10
131839255,2026-07-10,2026-07-12,2026-07,2026,E,Edificio E — Budget Inn,Booking.com,OTA,cancellation,False,2,288.0,144.0,32178338,E-11
132017542,2026-07-10,2026-07-12,2026-07,2026,E,Edificio E — Budget Inn,Booking.com,OTA,reservation,True,2,194.4,97.2,25372491,E-12
132740477,2026-07-10,2026-07-12,2026-07,2026,C,Edificio C — Riverside,Booking.com,OTA,cancellation,False,2,545.4,272.7,18410656,C-06
133151082,2026-07-10,2026-07-12,2026-07,2026,D,Edificio D — Old Quarter,Website,Directo,reservation,True,2,1066.0,533.0,57192988,D-01
135634947,2026-07-10,2026-07-12,2026-07,2026,C,Edificio C — Riverside,Website,Directo,reservation,True,2,466.0,233.0,84643945,C-06
137153427,2026-07-10,2026-07-12,2026-07,2026,D,Edificio D — Old Quarter,Booking.com,OTA,reservation,True,2,1244.0,622.0,91737824,D-04
137153432,2026-07-10,2026-07-12,2026-07,2026,D,Edificio D — Old Quarter,Booking.com,OTA,reservation,True,2,1064.0,532.0,91737824,D-02
131999402,2026-07-11,2026-07-12,2026-07,2026,E,Edificio E — Budget Inn,Booking.com,OTA,cancellation,False,1,144.0,144.0,34176470,E-07
132014007,2026-07-11,2026-07-12,2026-07,2026,C,Edificio C — Riverside,Booking.com,OTA,reservation,True,1,286.2,286.2,77275251,C-07
132375632,2026-07-11,2026-07-12,2026-07,2026,E,Edificio E — Budget Inn,Booking.com,OTA,reservation,True,1,144.0,144.0,84698399,E-11
132375637,2026-07-11,2026-07-12,2026-07,2026,E,Edificio E — Budget Inn,Booking.com,OTA,reservation,True,1,144.0,144.0,40094282,E-08
132666862,2026-07-11,2026-07-12,2026-07,2026,C,Edificio C — Riverside,Booking.com,OTA,reservation,True,1,259.2,259.2,82578259,C-01
132875477,2026-07-11,2026-07-12,2026-07,2026,E,Edificio E — Budget Inn,Booking.com,OTA,cancellation,False,1,97.2,97.2,67837902,E-05
133728997,2026-07-11,2026-07-12,2026-07,2026,E,Edificio E — Budget Inn,Booking.com,OTA,cancellation,False,1,97.2,97.2,79566209,E-06
134427857,2026-07-11,2026-07-12,2026-07,2026,B,Edificio B — City Center,Booking.com,OTA,reservation,True,1,337.0,337.0,28807526,B-01
131551585,2026-07-11,2026-07-13,2026-07,2026,D,Edificio D — Old Quarter,Booking.com,OTA,reservation,True,2,392.0,196.0,16943772,D-08
135133922,2026-07-11,2026-07-13,2026-07,2026,E,Edificio E — Budget Inn,Booking.com,OTA,reservation,True,2,126.0,63.0,70723434,E-05
130893115,2026-07-11,2026-07-14,2026-07,2026,D,Edificio D — Old Quarter,Booking.com,OTA,reservation,True,3,609.6,203.2,78430427,D-05
135795412,2026-07-11,2026-07-15,2026-07,2026,E,Edificio E — Budget Inn,Booking.com,OTA,reservation,True,4,418.8,104.7,79831931,E-07
135264497,2026-07-11,2026-07-16,2026-07,2026,D,Edificio D — Old Quarter,Booking.com,OTA,reservation,True,5,649.0,129.8,42444743,D-07
132776177,2026-07-12,2026-07-13,2026-07,2026,D,Edificio D — Old Quarter,Airbnb,OTA,reservation,True,1,210.1,210.1,57539561,D-01
134481067,2026-07-12,2026-07-13,2026-07,2026,D,Edificio D — Old Quarter,Airbnb,OTA,reservation,True,1,243.1,243.1,20903584,D-04
134571067,2026-07-12,2026-07-13,2026-07,2026,E,Edificio E — Budget Inn,Booking.com,OTA,reservation,True,1,54.0,54.0,26781166,E-13
133487992,2026-07-12,2026-07-14,2026-07,2026,D,Edificio D — Old Quarter,Airbnb,OTA,reservation,True,2,519.2,259.6,24401067,D-02
136649897,2026-07-12,2026-07-14,2026-07,2026,E,Edificio E — Budget Inn,Booking.com,OTA,reservation,True,2,100.8,50.4,30860878,E-12
137600872,2026-07-12,2026-07-14,2026-07,2026,E,Edificio E — Budget Inn,Airbnb,OTA,reservation,True,2,90.0,45.0,73171282,E-06
132681172,2026-07-12,2026-07-15,2026-07,2026,B,Edificio B — City Center,Booking.com,OTA,reservation,True,3,450.0,150.0,29569959,B-03
132681177,2026-07-12,2026-07-15,2026-07,2026,B,Edificio B — City Center,Booking.com,OTA,reservation,True,3,468.0,156.0,29569959,B-04
134072517,2026-07-12,2026-07-15,2026-07,2026,A,Edificio A — Urban District,Booking.com,OTA,reservation,True,3,243.0,81.0,58340276,A-01
137210542,2026-07-12,2026-07-15,2026-07,2026,C,Edificio C — Riverside,Booking.com,OTA,reservation,True,3,363.0,121.0,26086086,C-06
134786982,2026-07-12,2026-07-19,2026-07,2026,E,Edificio E — Budget Inn,Booking.com,OTA,cancellation,False,7,426.0,60.85714285714285,27151536,E-03
132405567,2026-07-13,2026-07-14,2026-07,2026,B,Edificio B — City Center,Booking.com,OTA,reservation,True,1,150.0,150.0,11298039,B-06
134022472,2026-07-13,2026-07-14,2026-07,2026,C,Edificio C — Riverside,Booking.com,OTA,reservation,True,1,110.32,110.32,38355021,C-03
134033727,2026-07-13,2026-07-14,2026-07,2026,B,Edificio B — City Center,Airbnb,OTA,reservation,True,1,170.0,170.0,55638997,B-05
135835132,2026-07-13,2026-07-14,2026-07,2026,B,Edificio B — City Center,Airbnb,OTA,reservation,True,1,200.0,200.0,88578638,B-07
137266197,2026-07-13,2026-07-14,2026-07,2026,D,Edificio D — Old Quarter,Booking.com,OTA,reservation,True,1,131.0,131.0,87434728,D-08
131018785,2026-07-13,2026-07-15,2026-07,2026,B,Edificio B — City Center,Booking.com,OTA,reservation,True,2,302.4,151.2,17789065,B-02
131151925,2026-07-13,2026-07-15,2026-07,2026,D,Edificio D — Old Quarter,Booking.com,OTA,modification of booking,False,2,566.4,283.2,31962037,D-03
132717597,2026-07-13,2026-07-15,2026-07,2026,C,Edificio C — Riverside,Booking.com,OTA,reservation,True,2,244.94,122.47,32545345,C-02
135200482,2026-07-13,2026-07-15,2026-07,2026,C,Edificio C — Riverside,Booking.com,OTA,reservation,True,2,320.4,160.2,61650593,C-04
135293407,2026-07-13,2026-07-15,2026-07,2026,B,Edificio B — City Center,Booking.com,OTA,reservation,True,2,320.0,160.0,24947280,B-01
131313545,2026-07-13,2026-07-16,2026-07,2026,B,Edificio B — City Center,Booking.com,OTA,cancellation,False,3,702.0,234.0,70757009,B-05
131591715,2026-07-13,2026-07-16,2026-07,2026,B,Edificio B — City Center,Booking.com,OTA,reservation,True,3,477.0,159.0,53785168,B-09
134450577,2026-07-13,2026-07-17,2026-07,2026,E,Edificio E — Budget Inn,Booking.com,OTA,reservation,True,4,216.0,54.0,14185033,E-01
134518537,2026-07-13,2026-07-17,2026-07,2026,D,Edificio D — Old Quarter,Booking.com,OTA,cancellation,False,4,1012.8,253.2,77084100,D-04
131449065,2026-07-14,2026-07-15,2026-07,2026,D,Edificio D — Old Quarter,Airbnb,OTA,cancellation,False,1,111.1,111.1,34297996,D-05
132396112,2026-07-14,2026-07-15,2026-07,2026,D,Edificio D — Old Quarter,Booking.com,OTA,reservation,True,1,116.0,116.0,16566693,D-08
135415127,2026-07-14,2026-07-15,2026-07,2026,B,Edificio B — City Center,Airbnb,OTA,cancellation,False,1,170.0,170.0,59707136,B-05
132612007,2026-07-14,2026-07-16,2026-07,2026,D,Edificio D — Old Quarter,Airbnb,OTA,modification of booking,False,2,453.2,226.6,16561241,D-01
133300892,2026-07-14,2026-07-16,2026-07,2026,B,Edificio B — City Center,Airbnb,OTA,reservation,True,2,400.0,200.0,85754786,B-07
134147602,2026-07-14,2026-07-16,2026-07,2026,D,Edificio D — Old Quarter,Booking.com,OTA,cancellation,False,2,242.4,121.2,66310773,D-05
134464112,2026-07-14,2026-07-16,2026-07,2026,C,Edificio C — Riverside,Airbnb,OTA,reservation,True,2,282.0,141.0,50824484,C-07
135993952,2026-07-14,2026-07-16,2026-07,2026,D,Edificio D — Old Quarter,Booking.com,OTA,reservation,True,2,242.4,121.2,42193208,D-05
130953010,2026-07-14,2026-07-17,2026-07,2026,C,Edificio C — Riverside,Booking.com,OTA,cancellation,False,3,367.74,122.58,52789624,C-03
130954670,2026-07-14,2026-07-17,2026-07,2026,C,Edificio C — Riverside,Booking.com,OTA,cancellation,False,3,327.24,109.08,52789624,C-02
130955770,2026-07-14,2026-07-17,2026-07,2026,C,Edificio C — Riverside,Booking.com,OTA,reservation,True,3,367.74,122.58,52789624,C-03
131057115,2026-07-14,2026-07-17,2026-07,2026,D,Edificio D — Old Quarter,Booking.com,OTA,cancellation,False,3,453.6,151.20000000000002,31962037,D-05
131057120,2026-07-14,2026-07-17,2026-07,2026,D,Edificio D — Old Quarter,Booking.com,OTA,cancellation,False,3,939.6,313.2,31962037,D-04
133317682,2026-07-14,2026-07-17,2026-07,2026,C,Edificio C — Riverside,Booking.com,OTA,reservation,True,3,393.0,131.0,90207901,C-09
133690242,2026-07-14,2026-07-17,2026-07,2026,D,Edificio D — Old Quarter,Airbnb,OTA,reservation,True,3,679.8,226.6,53072131,D-02
133884037,2026-07-14,2026-07-17,2026-07,2026,C,Edificio C — Riverside,Airbnb,OTA,reservation,True,3,363.0,121.0,86044525,C-01
133972872,2026-07-14,2026-07-17,2026-07,2026,OTRO,Otros,Direct booking,Directo,reservation,True,3,75.0,25.0,72414366,OTRO-02
134722752,2026-07-14,2026-07-17,2026-07,2026,B,Edificio B — City Center,Booking.com,OTA,reservation,True,3,450.0,150.0,44046422,B-06
135792252,2026-07-14,2026-07-18,2026-07,2026,D,Edificio D — Old Quarter,Airbnb,OTA,reservation,True,4,1116.5,279.125,34930658,D-04
133802472,2026-07-15,2026-07-16,2026-07,2026,B,Edificio B — City Center,Booking.com,OTA,reservation,True,1,200.0,200.0,16586689,B-05
134362907,2026-07-15,2026-07-16,2026-07,2026,B,Edificio B — City Center,Booking.com,OTA,reservation,True,1,131.0,131.0,60708216,B-02
135071337,2026-07-15,2026-07-16,2026-07,2026,C,Edificio C — Riverside,Booking.com,OTA,reservation,True,1,144.18,144.18,21827526,C-04
131342280,2026-07-15,2026-07-17,2026-07,2026,B,Edificio B — City Center,Booking.com,OTA,reservation,True,2,342.0,171.0,73058775,B-01
132281897,2026-07-15,2026-07-17,2026-07,2026,C,Edificio C — Riverside,Booking.com,OTA,reservation,True,2,181.8,90.9,67204070,C-02
132439032,2026-07-15,2026-07-17,2026-07,2026,OTRO,Otros,Direct booking,Directo,reservation,True,2,50.0,25.0,32898444,OTRO-01
133328982,2026-07-15,2026-07-17,2026-07,2026,D,Edificio D — Old Quarter,Booking.com,OTA,reservation,True,2,262.0,131.0,11814908,D-08
133384532,2026-07-15,2026-07-17,2026-07,2026,C,Edificio C — Riverside,Airbnb,OTA,reservation,True,2,282.0,141.0,77119809,C-08
133489627,2026-07-15,2026-07-17,2026-07,2026,E,Edificio E — Budget Inn,Booking.com,OTA,reservation,True,2,108.0,54.0,40014396,E-06
133698392,2026-07-15,2026-07-17,2026-07,2026,E,Edificio E — Budget Inn,Booking.com,OTA,reservation,True,2,108.0,54.0,28986869,E-13
134377187,2026-07-15,2026-07-17,2026-07,2026,A,Edificio A — Urban District,Booking.com,OTA,reservation,True,2,162.0,81.0,38166990,A-01
135962607,2026-07-15,2026-07-17,2026-07,2026,C,Edificio C — Riverside,Booking.com,OTA,reservation,True,2,290.4,145.2,70456038,C-05
136219727,2026-08-09,2026-08-12,2026-08,2026,D,Edificio D — Old Quarter,Airbnb,OTA,reservation,True,3,841.5,280.5,54921876,D-02
137053547,2026-08-09,2026-08-12,2026-08,2026,B,Edificio B — City Center,Booking.com,OTA,reservation,True,3,738.0,246.0,88612839,B-08
135997997,2026-08-09,2026-08-14,2026-08,2026,A,Edificio A — Urban District,Booking.com,OTA,cancellation,False,5,683.1,136.62,49556578,A-01
135998317,2026-08-09,2026-08-14,2026-08,2026,C,Edificio C — Riverside,Booking.com,OTA,reservation,True,5,789.75,157.95,49556578,C-02
135732677,2026-08-09,2026-08-15,2026-08,2026,C,Edificio C — Riverside,Airbnb,OTA,reservation,True,6,1311.0,218.5,16911339,C-01
97287948,2026-08-09,2026-08-16,2026-08,2026,B,Edificio B — City Center,Airbnb,OTA,cancellation,False,7,832.2,118.88571428571429,15129372,B-01
136317937,2026-08-10,2026-08-11,2026-08,2026,D,Edificio D — Old Quarter,Airbnb,OTA,reservation,True,1,297.0,297.0,52076827,D-01
137773992,2026-08-10,2026-08-11,2026-08,2026,E,Edificio E — Budget Inn,Booking.com,OTA,reservation,True,1,96.0,96.0,34237113,E-10
137775207,2026-08-10,2026-08-11,2026-08,2026,C,Edificio C — Riverside,Booking.com,OTA,reservation,True,1,215.0,215.0,62798776,C-04
135735267,2026-08-10,2026-08-12,2026-08,2026,B,Edificio B — City Center,Booking.com,OTA,reservation,True,2,510.0,255.0,81104634,B-07
135778592,2026-08-10,2026-08-12,2026-08,2026,A,Edificio A — Urban District,Booking.com,OTA,cancellation,False,2,264.0,132.0,72762251,A-01
136030252,2026-08-10,2026-08-12,2026-08,2026,A,Edificio A — Urban District,Booking.com,OTA,reservation,True,2,294.0,147.0,28077507,A-01
136321977,2026-08-10,2026-08-12,2026-08,2026,C,Edificio C — Riverside,Booking.com,OTA,reservation,True,2,372.6,186.3,51086217,C-05
136507787,2026-08-10,2026-08-12,2026-08,2026,B,Edificio B — City Center,Booking.com,OTA,reservation,True,2,432.0,216.0,63062887,B-01
136986027,2026-08-10,2026-08-12,2026-08,2026,C,Edificio C — Riverside,Booking.com,OTA,reservation,True,2,462.24,231.12,28416568,C-06
137552032,2026-08-10,2026-08-12,2026-08,2026,B,Edificio B — City Center,Airbnb,OTA,reservation,True,2,458.0,229.0,18250684,B-02
136065537,2026-08-10,2026-08-13,2026-08,2026,A,Edificio A — Urban District,Booking.com,OTA,cancellation,False,3,434.16,144.72,68519164,A-02
136230662,2026-08-10,2026-08-14,2026-08,2026,A,Edificio A — Urban District,Booking.com,OTA,reservation,True,4,570.24,142.56,66670488,A-02
136283077,2026-08-10,2026-08-14,2026-08,2026,C,Edificio C — Riverside,Booking.com,OTA,reservation,True,4,982.8,245.7,82153669,C-07
135821627,2026-08-11,2026-08-12,2026-08,2026,C,Edificio C — Riverside,Airbnb,OTA,reservation,True,1,160.0,160.0,36360727,C-03
135956997,2026-08-11,2026-08-12,2026-08,2026,D,Edificio D — Old Quarter,Booking.com,OTA,reservation,True,1,155.0,155.0,14359475,D-07
135970682,2026-08-11,2026-08-12,2026-08,2026,B,Edificio B — City Center,Booking.com,OTA,reservation,True,1,185.0,185.0,51926351,B-04
136156122,2026-08-11,2026-08-12,2026-08,2026,D,Edificio D — Old Quarter,Booking.com,OTA,reservation,True,1,190.0,190.0,58455497,D-05
136745897,2026-08-11,2026-08-12,2026-08,2026,D,Edificio D — Old Quarter,Airbnb,OTA,reservation,True,1,313.5,313.5,31062682,D-01
136746457,2026-08-11,2026-08-12,2026-08,2026,B,Edificio B — City Center,Airbnb,OTA,reservation,True,1,210.0,210.0,15569529,B-09
136186942,2026-08-11,2026-08-13,2026-08,2026,C,Edificio C — Riverside,Booking.com,OTA,reservation,True,2,490.0,245.0,23029930,C-04
136925707,2026-08-11,2026-08-13,2026-08,2026,B,Edificio B — City Center,Booking.com,OTA,reservation,True,2,456.0,228.0,46459120,B-03
137029362,2026-08-11,2026-08-13,2026-08,2026,D,Edificio D — Old Quarter,Airbnb,OTA,cancellation,False,2,880.0,440.0,80816791,D-04
135855457,2026-08-12,2026-08-13,2026-08,2026,B,Edificio B — City Center,Booking.com,OTA,reservation,True,1,260.0,260.0,72168046,B-07
136016707,2026-08-12,2026-08-13,2026-08,2026,C,Edificio C — Riverside,Booking.com,OTA,reservation,True,1,232.2,232.2,84914618,C-03
136092667,2026-08-12,2026-08-13,2026-08,2026,B,Edificio B — City Center,Booking.com,OTA,reservation,True,1,190.0,190.0,26421603,B-02
136245057,2026-08-12,2026-08-13,2026-08,2026,B,Edificio B — City Center,Airbnb,OTA,reservation,True,1,540.0,540.0,85010480,B-05
136805587,2026-08-12,2026-08-13,2026-08,2026,B,Edificio B — City Center,Airbnb,OTA,reservation,True,1,265.0,265.0,48477413,B-06
137832447,2026-08-12,2026-08-13,2026-08,2026,C,Edificio C — Riverside,Airbnb,OTA,reservation,True,1,265.0,265.0,21184213,C-05
136361717,2026-08-12,2026-08-14,2026-08,2026,C,Edificio C — Riverside,Booking.com,OTA,reservation,True,2,426.0,213.0,84378539,C-09
137106822,2026-08-12,2026-08-14,2026-08,2026,D,Edificio D — Old Quarter,Airbnb,OTA,reservation,True,2,462.0,231.0,67202523,D-05
137138132,2026-08-12,2026-08-14,2026-08,2026,D,Edificio D — Old Quarter,Booking.com,OTA,reservation,True,2,462.0,231.0,74051064,D-08
137509217,2026-08-12,2026-08-14,2026-08,2026,B,Edificio B — City Center,Booking.com,OTA,reservation,True,2,534.0,267.0,33808592,B-04
136376732,2026-08-12,2026-08-15,2026-08,2026,C,Edificio C — Riverside,Booking.com,OTA,reservation,True,3,799.2,266.40000000000003,35814838,C-08
136376742,2026-08-12,2026-08-15,2026-08,2026,C,Edificio C — Riverside,Booking.com,OTA,reservation,True,3,784.2,261.40000000000003,35814838,C-06
136167592,2026-08-12,2026-08-16,2026-08,2026,B,Edificio B — City Center,Booking.com,OTA,reservation,True,4,1027.0,256.75,20098444,B-08
136015592,2026-08-13,2026-08-14,2026-08,2026,B,Edificio B — City Center,Booking.com,OTA,reservation,True,1,215.0,215.0,66235287,B-07
136409377,2026-08-13,2026-08-14,2026-08,2026,B,Edificio B — City Center,Airbnb,OTA,reservation,True,1,280.0,280.0,75174995,B-05
136835527,2026-08-13,2026-08-14,2026-08,2026,C,Edificio C — Riverside,Booking.com,OTA,reservation,True,1,153.0,153.0,69838115,C-03
136897937,2026-08-13,2026-08-14,2026-08,2026,C,Edificio C — Riverside,Booking.com,OTA,reservation,True,1,207.0,207.0,30406178,C-05
137192537,2026-08-13,2026-08-14,2026-08,2026,E,Edificio E — Budget Inn,Airbnb,OTA,reservation,True,1,85.0,85.0,60932115,E-10
137713102,2026-08-13,2026-08-14,2026-08,2026,D,Edificio D — Old Quarter,Booking.com,OTA,reservation,True,1,270.0,270.0,42692784,D-02
136865192,2026-08-13,2026-08-15,2026-08,2026,B,Edificio B — City Center,Booking.com,OTA,reservation,True,2,431.0,215.5,38280606,B-06
136875492,2026-08-13,2026-08-15,2026-08,2026,B,Edificio B — City Center,Booking.com,OTA,reservation,True,2,491.0,245.5,32838179,B-01
137036432,2026-08-13,2026-08-15,2026-08,2026,B,Edificio B — City Center,Booking.com,OTA,reservation,True,2,481.2,240.6,82132970,B-09
136236642,2026-08-13,2026-08-16,2026-08,2026,A,Edificio A — Urban District,Booking.com,OTA,reservation,True,3,466.56,155.52,20013157,A-01
136948177,2026-08-14,2026-08-19,2026-08,2026,B,Edificio B — City Center,Booking.com,OTA,reservation,True,5,1032.0,206.4,23420090,B-04
136479267,2026-08-15,2026-08-18,2026-08,2026,C,Edificio C — Riverside,Booking.com,OTA,reservation,True,3,562.3,187.4333333333333,21676052,C-02
136479272,2026-08-15,2026-08-18,2026-08,2026,C,Edificio C — Riverside,Booking.com,OTA,reservation,True,3,828.9,276.3,21676052,C-07
137750647,2026-08-16,2026-08-17,2026-08,2026,C,Edificio C — Riverside,Booking.com,OTA,reservation,True,1,180.79,180.79,70360215,C-03
136755287,2026-08-16,2026-08-18,2026-08,2026,D,Edificio D — Old Quarter,Airbnb,OTA,reservation,True,2,638.0,319.0,84447721,D-01
137550967,2026-08-16,2026-08-18,2026-08,2026,C,Edificio C — Riverside,Airbnb,OTA,reservation,True,2,400.0,200.0,73892808,C-01
136778327,2026-08-17,2026-08-18,2026-08,2026,C,Edificio C — Riverside,Booking.com,OTA,reservation,True,1,199.8,199.8,67681606,C-09
137521147,2026-08-17,2026-08-19,2026-08,2026,A,Edificio A — Urban District,Booking.com,OTA,reservation,True,2,261.0,130.5,22280983,A-01
137853937,2026-08-17,2026-08-19,2026-08,2026,B,Edificio B — City Center,Booking.com,OTA,reservation,True,2,470.0,235.0,73140526,B-07
137138667,2026-08-17,2026-08-22,2026-08,2026,B,Edificio B — City Center,Airbnb,OTA,reservation,True,5,1770.0,354.0,46402471,B-05
136452357,2026-08-19,2026-08-21,2026-08,2026,C,Edificio C — Riverside,Booking.com,OTA,reservation,True,2,359.64,179.82,32248420,C-03
137284022,2026-08-19,2026-08-21,2026-08,2026,D,Edificio D — Old Quarter,Booking.com,OTA,reservation,True,2,624.0,312.0,14643791,D-02
137438222,2026-08-20,2026-08-23,2026-08,2026,A,Edificio A — Urban District,Booking.com,OTA,reservation,True,3,488.16,162.72,89668568,A-01
137076107,2026-08-21,2026-08-23,2026-08,2026,B,Edificio B — City Center,Booking.com,OTA,reservation,True,2,728.4,364.2,62781934,B-07
137076112,2026-08-21,2026-08-23,2026-08,2026,B,Edificio B — City Center,Booking.com,OTA,reservation,True,2,558.0,279.0,62781934,B-02
136099402,2026-08-22,2026-08-23,2026-08,2026,C,Edificio C — Riverside,Booking.com,OTA,reservation,True,1,326.7,326.7,84850383,C-07
136420347,2026-08-22,2026-08-23,2026-08,2026,C,Edificio C — Riverside,Booking.com,OTA,reservation,True,1,276.48,276.48,60574689,C-08
137812907,2026-08-22,2026-08-23,2026-08,2026,C,Edificio C — Riverside,Booking.com,OTA,cancellation,False,1,326.7,326.7,67366199,C-04
135920322,2026-08-27,2026-08-30,2026-08,2026,B,Edificio B — City Center,Booking.com,OTA,cancellation,False,3,2268.0,756.0,77485891,B-05
136977902,2026-08-28,2026-08-29,2026-08,2026,C,Edificio C — Riverside,Booking.com,OTA,reservation,True,1,305.0,305.0,49294843,C-04
136457452,2026-08-28,2026-08-30,2026-08,2026,B,Edificio B — City Center,Booking.com,OTA,reservation,True,2,588.0,294.0,66854989,B-02
136457462,2026-08-28,2026-08-30,2026-08,2026,B,Edificio B — City Center,Booking.com,OTA,reservation,True,2,726.0,363.0,66854989,B-07
136457467,2026-08-28,2026-08-30,2026-08,2026,B,Edificio B — City Center,Booking.com,OTA,reservation,True,2,584.4,292.2,66854989,B-04
136853047,2026-08-29,2026-08-30,2026-08,2026,E,Edificio E — Budget Inn,Booking.com,OTA,cancellation,False,1,14.4,14.4,23019328,E-07
137817007,2026-08-31,2026-09-03,2026-08,2026,A,Edificio A — Urban District,Booking.com,OTA,reservation,True,3,296.46,98.82,74064094,A-01
137339737,2026-09-01,2026-09-04,2026-09,2026,B,Edificio B — City Center,Airbnb,OTA,reservation,True,3,720.0,240.0,59994442,B-05
137377777,2026-09-01,2026-09-04,2026-09,2026,OTRO,Otros,Direct booking,Directo,modification of booking,False,3,75.0,25.0,86143328,OTRO-01
136515787,2026-09-04,2026-09-06,2026-09,2026,B,Edificio B — City Center,Booking.com,OTA,reservation,True,2,584.4,292.2,35273281,B-07
136064482,2026-09-07,2026-09-10,2026-09,2026,A,Edificio A — Urban District,Booking.com,OTA,cancellation,False,3,324.0,108.0,85229063,A-01
137130947,2026-09-07,2026-09-28,2026-09,2026,E,Edificio E — Budget Inn,Booking.com,OTA,reservation,True,21,1196.4,56.971428571428575,49681945,E-13
137283012,2026-09-08,2026-09-11,2026-09,2026,E,Edificio E — Budget Inn,Booking.com,OTA,reservation,True,3,219.6,73.2,12535589,E-02
137752992,2026-09-10,2026-09-13,2026-09,2026,B,Edificio B — City Center,Booking.com,OTA,reservation,True,3,654.6,218.2,65121848,B-02
137753002,2026-09-10,2026-09-13,2026-09,2026,B,Edificio B — City Center,Booking.com,OTA,reservation,True,3,839.4,279.8,65121848,B-07
136197122,2026-09-15,2026-09-16,2026-09,2026,B,Edificio B — City Center,Airbnb,OTA,reservation,True,1,280.0,280.0,54451551,B-05
135962647,2026-09-18,2026-09-20,2026-09,2026,B,Edificio B — City Center,Booking.com,OTA,reservation,True,2,540.0,270.0,55740766,B-02
135962652,2026-09-18,2026-09-20,2026-09,2026,B,Edificio B — City Center,Booking.com,OTA,reservation,True,2,750.0,375.0,55740766,B-07
136057807,2026-09-18,2026-09-20,2026-09,2026,A,Edificio A — Urban District,Booking.com,OTA,reservation,True,2,290.4,145.2,80178387,A-01
137292547,2026-09-19,2026-09-20,2026-09,2026,C,Edificio C — Riverside,Booking.com,OTA,reservation,True,1,208.98,208.98,86759631,C-03
137292552,2026-09-19,2026-09-20,2026-09,2026,C,Edificio C — Riverside,Booking.com,OTA,reservation,True,1,208.98,208.98,86759631,C-02
137824542,2026-09-19,2026-09-20,2026-09,2026,C,Edificio C — Riverside,Booking.com,OTA,reservation,True,1,218.7,218.7,59779888,C-09
137824547,2026-09-19,2026-09-20,2026-09,2026,C,Edificio C — Riverside,Booking.com,OTA,reservation,True,1,337.5,337.5,59779888,C-07
