id,host_id,neighbourhood_group,neighbourhood,latitude,longitude,room_type,price,minimum_nights,number_of_reviews,last_review,reviews_per_month,calculated_host_listings_count,availability_365,number_of_reviews_ltm,license,price_clean,host_type,price_tier
456366,59550,Vizcaya,Bilbao,43.26394,-2.94151,Private room,86.0,2,64,2019-10-11,0.4,2,182,0,BI-0024,86.0,Pequeño (2-3),Economy (€75-120)
456706,59550,Vizcaya,Bilbao,43.26402,-2.94204,Private room,68.0,2,34,2019-10-20,0.21,2,361,0,,68.0,Pequeño (2-3),Budget (<€75)
740932,3227964,Vizcaya,Bilbao,43.27085,-2.92839,Private room,53.0,3,156,2025-06-08,1.05,3,61,2,LBI56,53.0,Pequeño (2-3),Budget (<€75)
872681,4604601,Vizcaya,Bilbao,43.26785,-2.93253,Entire home/apt,124.0,2,200,2025-09-06,1.39,1,86,19,ESFCTU000048022000237293000000000000000000000EBI00459,124.0,Individual (1),Mid-scale (€120-180)
1199219,3227964,Vizcaya,Bilbao,43.27119,-2.92734,Private room,37.0,12,83,2025-08-14,0.65,3,63,8,LBI 56,37.0,Pequeño (2-3),Budget (<€75)
1311566,7127707,Vizcaya,Bilbao,43.25908,-2.9185,Private room,64.0,2,160,2025-09-17,3.23,1,62,20,ESHFTU000048026000505314001000000000000000000LBI04984,64.0,Individual (1),Budget (<€75)
1334785,7238197,Vizcaya,Bilbao,43.25742,-2.9242,Entire home/apt,126.0,5,311,2025-08-24,2.13,1,200,33,ESFCTU00004802600051779900000000000000000000EBI000053,126.0,Individual (1),Mid-scale (€120-180)
1586917,8457487,Vizcaya,Bilbao,43.25797,-2.92556,Private room,74.0,2,33,2024-05-26,0.24,1,77,0,LBI 184,74.0,Individual (1),Budget (<€75)
1858381,8192706,Vizcaya,Bilbao,43.2558,-2.92362,Entire home/apt,76.0,2,567,2025-09-20,3.97,1,232,51,ESFCTU00004802600033987200000000000000000000EBI000088,76.0,Individual (1),Economy (€75-120)
2206507,7593733,Vizcaya,Bilbao,43.2548,-2.92032,Private room,24.0,1,763,2020-09-01,5.62,2,0,0,,24.0,Pequeño (2-3),Budget (<€75)
2214720,11296499,Vizcaya,Bilbao,43.26875,-2.95461,Shared room,21.0,1,132,2025-09-07,0.93,16,73,13,,21.0,Profesional (10+),Budget (<€75)
2337655,11296499,Vizcaya,Bilbao,43.26872,-2.95448,Private room,90.0,1,24,2022-04-18,0.17,16,70,0,,90.0,Profesional (10+),Economy (€75-120)
2371692,11296499,Vizcaya,Bilbao,43.26872,-2.95448,Private room,140.0,1,38,2024-08-24,0.29,16,75,0,,140.0,Profesional (10+),Mid-scale (€120-180)
2435549,11296499,Vizcaya,Bilbao,43.26872,-2.95448,Shared room,20.0,1,105,2025-09-13,0.77,16,69,8,,20.0,Profesional (10+),Budget (<€75)
2675689,13699109,Vizcaya,Bilbao,43.26584,-2.93549,Entire home/apt,185.0,3,112,2025-09-19,0.81,1,318,12,E.BI-917,185.0,Individual (1),Upscale (€180-300)
3285824,7195786,Vizcaya,Bilbao,43.25592,-2.92838,Entire home/apt,126.0,1,160,2025-08-15,1.17,1,27,5,2019RTE0022342,126.0,Individual (1),Mid-scale (€120-180)
3454871,7880662,Vizcaya,Bilbao,43.25765,-2.92464,Entire home/apt,120.0,2,791,2025-09-27,5.79,1,53,84,EBI00003,120.0,Individual (1),Economy (€75-120)
3545616,17799103,Vizcaya,Bilbao,43.27272,-2.94699,Entire home/apt,104.0,2,381,2025-09-22,2.8,1,10,35,ESFCTU00004802100007997100000000000000000000EBI010991,104.0,Individual (1),Economy (€75-120)
3640143,15915408,Vizcaya,Bilbao,43.25564,-2.92195,Entire home/apt,120.0,3,402,2025-09-15,3.01,1,207,23,ESFCTU00004802600026691800000000000000000000EBI000958,120.0,Individual (1),Economy (€75-120)
3819164,12336523,Vizcaya,Bilbao,43.25182,-2.93239,Entire home/apt,84.0,4,653,2025-09-28,4.82,1,75,21,EBI387,84.0,Individual (1),Economy (€75-120)
4322000,17190256,Vizcaya,Bilbao,43.2637,-2.92232,Entire home/apt,171.0,2,548,2025-09-23,4.13,2,94,32,ESFCTU00004802500050976600000000000000000000EBI000446,171.0,Pequeño (2-3),Mid-scale (€120-180)
5244905,10718635,Vizcaya,Bilbao,43.2545,-2.92388,Private room,78.0,2,523,2025-09-28,4.08,1,327,43,ESHFTU00004802700073059100100000000000000000LBI005750,78.0,Individual (1),Economy (€75-120)
6343844,33039701,Vizcaya,Bilbao,43.25689,-2.92923,Private room,40.0,1,673,2025-09-28,5.36,1,73,96,ESHFTU00004802700097786600100000000000000000LBI000043,40.0,Individual (1),Budget (<€75)
6386949,33293247,Vizcaya,Bilbao,43.25686,-2.92479,Hotel room,118.0,1,106,2025-04-21,0.89,4,284,25,,118.0,Mediano (4-10),Economy (€75-120)
6387393,33293247,Vizcaya,Bilbao,43.25861,-2.92572,Hotel room,153.0,1,20,2025-04-17,0.16,4,274,5,,153.0,Mediano (4-10),Mid-scale (€120-180)
6387536,33293247,Vizcaya,Bilbao,43.25654,-2.92492,Hotel room,200.0,1,4,2024-03-26,0.03,4,259,0,,200.0,Mediano (4-10),Upscale (€180-300)
6387632,33293247,Vizcaya,Bilbao,43.25696,-2.92632,Hotel room,148.0,1,1,2018-12-28,0.01,4,281,0,,148.0,Mediano (4-10),Mid-scale (€120-180)
6832010,35704563,Vizcaya,Bilbao,43.25178242783613,-2.931464746953279,Entire home/apt,98.0,2,531,2025-09-06,4.29,1,56,8,ESFCNT00004802700106931700000000000000000000000000008,98.0,Individual (1),Economy (€75-120)
7787836,190724633,Vizcaya,Bilbao,43.25702,-2.92323,Entire home/apt,185.0,1,250,2025-06-19,2.03,7,313,6,ESFCTU00004802600043913800000000000000000000EBI011592,185.0,Mediano (4-10),Upscale (€180-300)
8141781,42008008,Vizcaya,Bilbao,43.25718297991745,-2.9260766117258674,Entire home/apt,120.0,2,249,2025-09-25,2.03,1,251,39,ESFCTU10B14802600050060900000000000000000000EBI032586,120.0,Individual (1),Economy (€75-120)
10503635,50658602,Vizcaya,Bilbao,43.24591,-2.92543,Private room,43.0,2,222,2025-09-29,1.92,1,305,37,,43.0,Individual (1),Budget (<€75)
10558642,54459162,Vizcaya,Bilbao,43.26262,-2.9244,Entire home/apt,172.0,2,186,2025-09-25,1.58,1,268,11,ESFCTU0000480220000358370000000000000000000000EBI5373,172.0,Individual (1),Mid-scale (€120-180)
10993147,57041875,Vizcaya,Bilbao,43.25665,-2.91798,Private room,44.0,2,372,2025-09-21,3.19,1,167,45,L-BI-43,44.0,Individual (1),Budget (<€75)
11264462,58807230,Vizcaya,Bilbao,43.25859,-2.94683,Entire home/apt,158.0,1,432,2025-09-02,3.72,1,231,29,ESFCTU000004802700032871200000000000000000000EBI00264,158.0,Individual (1),Mid-scale (€120-180)
12165763,63591389,Vizcaya,Bilbao,43.25705,-2.91785,Entire home/apt,162.0,3,321,2025-09-14,2.79,2,229,34,,162.0,Pequeño (2-3),Mid-scale (€120-180)
12622537,68529944,Vizcaya,Bilbao,43.266187258736096,-2.9185611153874245,Private room,95.0,2,326,2025-09-14,2.85,1,68,30,LBI00423,95.0,Individual (1),Economy (€75-120)
13161163,63591389,Vizcaya,Bilbao,43.25652,-2.91547,Entire home/apt,162.0,3,278,2025-09-28,2.45,2,239,40,E BI 200,162.0,Pequeño (2-3),Mid-scale (€120-180)
13553030,78044862,Vizcaya,Bilbao,43.26383,-2.95061,Private room,65.0,1,158,2025-09-21,1.43,2,348,21,,65.0,Pequeño (2-3),Budget (<€75)
13724816,34059758,Vizcaya,Bilbao,43.2697,-2.95,Entire home/apt,177.0,2,9,2019-06-30,0.08,1,0,0,,177.0,Individual (1),Mid-scale (€120-180)
13860791,78044862,Vizcaya,Bilbao,43.26446,-2.94903,Private room,75.0,1,170,2025-09-21,1.52,2,351,21,,75.0,Pequeño (2-3),Budget (<€75)
13953592,23741404,Vizcaya,Bilbao,43.25774,-2.92353,Entire home/apt,101.0,1,718,2025-09-19,6.41,1,150,72,ESFCTU00004802600047239500000000000000000000EBI002530,101.0,Individual (1),Economy (€75-120)
13972888,3424674,Vizcaya,Bilbao,43.25633,-2.91576,Private room,60.0,2,401,2025-09-17,3.59,1,10,49,LBI00391,60.0,Individual (1),Budget (<€75)
14050644,75918846,Vizcaya,Bilbao,43.25465,-2.93148,Private room,51.0,3,178,2025-09-28,1.59,2,57,42,ESHFTU0000480270010803120010000000000000000000LBI2360,51.0,Pequeño (2-3),Budget (<€75)
14313040,87496653,Vizcaya,Bilbao,43.26343,-2.93169,Private room,63.0,1,717,2025-09-21,6.44,2,217,110,LBI 194,63.0,Pequeño (2-3),Budget (<€75)
14362203,3754179,Vizcaya,Bilbao,43.26844,-2.93025,Entire home/apt,209.0,2,20,2025-08-17,0.18,1,156,2,ESFCTU00004802600026014500000000000000000000EBI023113,209.0,Individual (1),Upscale (€180-300)
14469236,26647247,Vizcaya,Bilbao,43.25845,-2.92248,Entire home/apt,200.0,2,40,2025-09-05,0.36,1,329,19,ESFCTU00004802600026765600000000000000000000E.BI-9539,200.0,Individual (1),Upscale (€180-300)
14851689,92971966,Vizcaya,Bilbao,43.25711,-2.92518,Entire home/apt,112.0,2,162,2025-07-26,1.47,1,297,2,ESFCTU00004802600020997700000000000000000000EBI003173,112.0,Individual (1),Economy (€75-120)
15034165,90630006,Vizcaya,Bilbao,43.25705,-2.92484,Entire home/apt,101.0,2,423,2025-09-02,3.85,1,71,36,ESFCTU00004802600027846100000000000000000000EBI000343,101.0,Individual (1),Economy (€75-120)
15141503,96023241,Vizcaya,Bilbao,43.261,-2.9388,Private room,95.0,2,279,2025-08-25,2.55,1,255,4,ESHFTU00004802700077312300100000000000000000LBI005383,95.0,Individual (1),Economy (€75-120)
16214472,87496653,Vizcaya,Bilbao,43.26271,-2.92854,Private room,48.0,1,600,2025-09-21,5.82,2,224,90,LBI 194,48.0,Pequeño (2-3),Budget (<€75)
16295495,69488238,Vizcaya,Bilbao,43.25975,-2.94559,Private room,62.0,1,197,2025-09-25,1.84,1,41,41,L-BI-66,62.0,Individual (1),Budget (<€75)
16426403,55029942,Vizcaya,Bilbao,43.26551,-2.93457,Private room,60.0,1,336,2025-09-14,3.15,2,140,34,LBI 198,60.0,Pequeño (2-3),Budget (<€75)
16526097,108678187,Vizcaya,Bilbao,43.26517,-2.93568,Private room,30.0,3,108,2023-10-16,1.03,3,144,0,L-BI-79,30.0,Pequeño (2-3),Budget (<€75)
16824871,108678187,Vizcaya,Bilbao,43.26542,-2.93711,Private room,30.0,3,142,2023-10-20,1.35,3,115,0,L-BI-79,30.0,Pequeño (2-3),Budget (<€75)
16920872,108678187,Vizcaya,Bilbao,43.2673,-2.93556,Private room,30.0,2,172,2022-10-31,1.64,3,175,0,,30.0,Pequeño (2-3),Budget (<€75)
17033329,41355039,Vizcaya,Bilbao,43.25475,-2.92146,Entire home/apt,180.0,2,235,2024-06-30,2.3,1,296,0,EBI-306,180.0,Individual (1),Mid-scale (€120-180)
17164195,115453825,Vizcaya,Bilbao,43.26182,-2.94629,Entire home/apt,171.0,4,92,2025-08-15,0.89,1,21,10,744548<br />EBI068,171.0,Individual (1),Mid-scale (€120-180)
17579195,45343327,Vizcaya,Bilbao,43.2568,-2.929,Private room,93.0,2,38,2025-09-07,0.36,1,35,8,ESHFTU00004802700034136000200000000000000000LBI001180,93.0,Individual (1),Economy (€75-120)
17650873,120092583,Vizcaya,Bilbao,43.27384,-2.91801,Entire home/apt,371.0,2,92,2025-08-23,0.89,1,184,9,E-BI-299,371.0,Individual (1),Luxury (>€300)
17726964,53730862,Vizcaya,Bilbao,43.25599,-2.91846,Private room,73.0,2,265,2025-09-14,2.63,1,23,17,ESHFTU00004802600041002100200000000000000000LBI002576,73.0,Individual (1),Budget (<€75)
17793050,121529787,Vizcaya,Bilbao,43.26727,-2.91707,Entire home/apt,137.0,30,31,2022-08-28,0.31,1,23,0,E-BI 311,137.0,Individual (1),Mid-scale (€120-180)
18071661,69546956,Vizcaya,Bilbao,43.25582,-2.92613,Entire home/apt,103.0,2,242,2025-09-10,2.35,2,25,33,ESFCTU00004802600029649600000000000000000000EBI003076,103.0,Pequeño (2-3),Economy (€75-120)
18090179,16126315,Vizcaya,Bilbao,43.26423,-2.93517,Entire home/apt,327.0,2,376,2025-09-28,3.71,24,74,47,ESFCTU00004802200031965400000000000000000000EBI002916,327.0,Profesional (10+),Luxury (>€300)
18220148,48671909,Vizcaya,Bilbao,43.25784,-2.92542,Entire home/apt,204.0,1,26,2025-07-04,0.26,7,160,2,HBI-01111,204.0,Mediano (4-10),Upscale (€180-300)
18495760,4589289,Vizcaya,Bilbao,43.267971,-2.926171,Entire home/apt,92.0,2,323,2025-09-19,3.19,1,307,33,ESFCTU00004802600028576600000000000000000000EBI004125,92.0,Individual (1),Economy (€75-120)
18623719,129377761,Vizcaya,Bilbao,43.25819,-2.9258,Entire home/apt,181.0,2,489,2025-09-24,4.84,1,290,60,ESFCTU00004802600035570400000000000000000000EBI004422,181.0,Individual (1),Upscale (€180-300)
18753187,6816067,Vizcaya,Bilbao,43.2657,-2.91981,Entire home/apt,73.0,3,209,2025-08-23,2.09,1,147,27,ESFCTU00004802500009614700000000000000000000EBI003427,73.0,Individual (1),Budget (<€75)
18772859,65042652,Vizcaya,Bilbao,43.25206,-2.92165,Entire home/apt,103.0,7,196,2024-12-09,1.93,7,358,2,ESFCTU00004802600035147800000000000000000000EBI003610,103.0,Mediano (4-10),Economy (€75-120)
18854251,131327114,Vizcaya,Bilbao,43.25075,-2.92179,Private room,35.0,2,462,2025-09-28,4.57,1,45,59,LBI 121,35.0,Individual (1),Budget (<€75)
18876451,131523372,Vizcaya,Bilbao,43.2549,-2.93367,Private room,57.0,2,135,2025-09-22,1.33,2,12,23,,57.0,Pequeño (2-3),Budget (<€75)
19126408,97351910,Vizcaya,Bilbao,43.25719,-2.92738,Entire home/apt,138.0,3,29,2022-06-14,0.29,1,127,0,ESFCTU00004802700049518600000000000000000000EBI001674,138.0,Individual (1),Mid-scale (€120-180)
19158069,127852243,Vizcaya,Bilbao,43.26399,-2.93173,Entire home/apt,263.0,5,246,2025-09-27,2.46,1,237,28,,263.0,Individual (1),Upscale (€180-300)
19281381,134678438,Vizcaya,Bilbao,43.25702,-2.9051,Private room,70.0,1,54,2025-08-15,0.54,1,90,3,,70.0,Individual (1),Budget (<€75)
19281542,134760567,Vizcaya,Bilbao,43.25864,-2.94894,Private room,88.0,1,676,2025-09-22,6.76,1,333,85,ESFCTU00004802200020716600000000000000000000LBI001305,88.0,Individual (1),Economy (€75-120)
19501236,19920551,Vizcaya,Bilbao,43.25649,-2.9242,Entire home/apt,138.0,3,432,2025-09-29,4.33,2,118,59,ESFCTU00004802600027824900000000000000000000EBI003997,138.0,Pequeño (2-3),Mid-scale (€120-180)
19538884,128095710,Vizcaya,Bilbao,43.26813,-2.93961,Entire home/apt,500.0,60,53,2018-10-30,0.54,1,268,0,EBI503,500.0,Individual (1),Luxury (>€300)
19591425,56054495,Vizcaya,Bilbao,43.2632,-2.93757,Entire home/apt,195.0,2,257,2025-09-21,2.57,2,145,49,ESFCTU0000480270004986370000000000000000000000EBI6666,195.0,Pequeño (2-3),Upscale (€180-300)
19605898,59513614,Vizcaya,Bilbao,43.26186,-2.9395,Entire home/apt,249.0,2,312,2025-09-23,3.11,1,102,44,ESFCTU00004802700039632200000000000000000000EBI004493,249.0,Individual (1),Upscale (€180-300)
19697191,19274599,Vizcaya,Bilbao,43.25972,-2.93552,Entire home/apt,95.0,3,156,2025-09-27,1.57,1,76,10,En tramite,95.0,Individual (1),Economy (€75-120)
19781713,11599351,Vizcaya,Bilbao,43.26654,-2.93242,Entire home/apt,196.0,2,224,2025-09-14,2.26,1,254,28,E-IB-419,196.0,Individual (1),Upscale (€180-300)
19814360,3479736,Vizcaya,Bilbao,43.25399,-2.92025,Private room,66.0,4,229,2025-09-18,2.29,2,342,33,L-BI-189,66.0,Pequeño (2-3),Budget (<€75)
19837097,3479736,Vizcaya,Bilbao,43.25367,-2.92075,Private room,65.0,4,207,2025-09-22,2.07,2,348,24,L-BI-189,65.0,Pequeño (2-3),Budget (<€75)
19844294,140268943,Vizcaya,Bilbao,43.25591,-2.92366,Private room,100.0,3,192,2020-03-14,1.92,1,0,0,L-BI-132,100.0,Individual (1),Economy (€75-120)
19981696,77854324,Vizcaya,Bilbao,43.26171,-2.92283,Private room,66.0,2,400,2025-09-19,4.02,1,23,45,ESHFTU00004802600033533100100000000000000000LBI001419,66.0,Individual (1),Budget (<€75)
20169130,143548447,Vizcaya,Bilbao,43.26274,-2.93113,Private room,87.0,1,938,2025-09-09,9.44,2,139,104,BI191,87.0,Pequeño (2-3),Economy (€75-120)
20232699,143212568,Vizcaya,Bilbao,43.25601959228516,-2.9251959323883057,Entire home/apt,119.0,1,309,2025-08-18,3.11,1,227,24,ESFCTU00004802700054046600000000000000000000EBI005070,119.0,Individual (1),Economy (€75-120)
20429263,5297510,Vizcaya,Bilbao,43.25468,-2.92213,Private room,72.0,2,336,2025-09-12,3.53,1,77,30,ESHFTU00004802600025827200100000000000000000LBI001974,72.0,Individual (1),Budget (<€75)
20473853,144145078,Vizcaya,Bilbao,43.26022,-2.92474,Entire home/apt,97.0,2,107,2025-09-23,1.08,1,40,25,LBI00421,97.0,Individual (1),Economy (€75-120)
20561601,40292577,Vizcaya,Bilbao,43.25889,-2.92163,Entire home/apt,120.0,1,526,2025-09-22,5.33,1,94,76,ESFCTU00004802600025257700000000000000000000EBI004815,120.0,Individual (1),Economy (€75-120)
20952695,95412234,Vizcaya,Bilbao,43.27065,-2.93044,Private room,108.0,2,125,2025-09-17,1.44,1,16,22,ESHFTU00004802600041639900100000000000000000LBI001581,108.0,Individual (1),Economy (€75-120)
21163841,43324450,Vizcaya,Bilbao,43.25692,-2.94597,Private room,38.0,3,165,2025-09-26,1.72,3,18,31,,38.0,Pequeño (2-3),Budget (<€75)
21379526,45665039,Vizcaya,Bilbao,43.25772,-2.9243,Private room,100.0,1,2,2018-05-04,0.02,14,88,0,,100.0,Profesional (10+),Economy (€75-120)
21945177,129103964,Vizcaya,Bilbao,43.26594,-2.9227,Entire home/apt,143.0,1,434,2025-09-05,4.6,1,329,49,E-BI-414,143.0,Individual (1),Mid-scale (€120-180)
22147671,161748126,Vizcaya,Bilbao,43.25292,-2.94712,Private room,53.0,30,14,2022-08-28,0.18,1,261,0,,53.0,Individual (1),Budget (<€75)
22271103,162637389,Vizcaya,Bilbao,43.25649,-2.9237,Entire home/apt,89.0,2,312,2025-09-25,3.31,1,169,50,EBI00610,89.0,Individual (1),Economy (€75-120)
22301598,163017511,Vizcaya,Bilbao,43.25059,-2.91939,Entire home/apt,80.0,2,287,2025-09-29,3.1,1,83,34,ESFCTU00004802600036672400000000000000000000EBI006123,80.0,Individual (1),Economy (€75-120)
22313254,27570356,Vizcaya,Bilbao,43.2616,-2.94208,Entire home/apt,207.0,1,104,2025-09-18,1.1,4,101,12,ESFCTU00004802200034951400000000000000000000EBI006042,207.0,Mediano (4-10),Upscale (€180-300)
22427742,143548447,Vizcaya,Bilbao,43.26288,-2.93206,Private room,80.0,1,727,2025-09-15,7.7,2,148,114,BI191,80.0,Pequeño (2-3),Economy (€75-120)
22440533,124112952,Vizcaya,Bilbao,43.25709,-2.92571,Entire home/apt,178.0,3,412,2025-08-14,4.39,1,154,27,E-BI-633,178.0,Individual (1),Mid-scale (€120-180)
22488794,15118368,Vizcaya,Bilbao,43.25701,-2.91998,Entire home/apt,104.0,2,211,2025-09-24,2.25,2,118,13,ESFCTU00004802600028151500000000000000000000EBI006271,104.0,Pequeño (2-3),Economy (€75-120)
22644737,355500268,Vizcaya,Bilbao,43.26301,-2.93499,Entire home/apt,186.0,2,91,2024-06-27,0.99,16,212,0,ESFCTU00004802200003501100000000000000000000EBI006114,186.0,Profesional (10+),Upscale (€180-300)
22808061,153527958,Vizcaya,Bilbao,43.25482,-2.94647,Entire home/apt,162.0,5,101,2025-09-16,1.11,1,20,5,E. BI - 957,162.0,Individual (1),Mid-scale (€120-180)
22903018,150809814,Vizcaya,Bilbao,43.25516,-2.91525,Entire home/apt,121.0,2,326,2025-09-28,3.5,4,301,23,ESFCTU0000480250000534050000000000000000000000EBI6244,121.0,Mediano (4-10),Mid-scale (€120-180)
22922073,53835119,Vizcaya,Bilbao,43.2439,-2.92507,Entire home/apt,115.0,3,271,2025-09-10,2.91,2,64,37,ESFCTU00004802700089056100000000000000000000EBI006392,115.0,Pequeño (2-3),Economy (€75-120)
22929794,113753044,Vizcaya,Bilbao,43.26384,-2.95427,Private room,95.0,2,63,2024-07-08,0.76,1,131,0,ESHFTU000048022000294807002000000000000000000LBI-3248,95.0,Individual (1),Economy (€75-120)
22997280,170568222,Vizcaya,Bilbao,43.25583,-2.92581,Entire home/apt,95.0,1,468,2025-09-28,5.11,1,307,53,ESFCTU00004802600031724500000000000000000000EBI005793,95.0,Individual (1),Economy (€75-120)
23013664,85246818,Vizcaya,Bilbao,43.25979,-2.94083,Entire home/apt,172.0,1,46,2025-03-30,0.5,47,153,3,EBI00697,172.0,Profesional (10+),Mid-scale (€120-180)
23229263,937934,Vizcaya,Bilbao,43.2669286,-2.933128,Entire home/apt,183.0,2,261,2025-09-26,2.82,3,180,42,ESFCTU00004802200025931800000000000000000000EBI003883,183.0,Pequeño (2-3),Upscale (€180-300)
23357936,174057707,Vizcaya,Bilbao,43.25887,-2.93136,Entire home/apt,265.0,2,30,2025-08-15,0.34,1,90,2,ESFCTU0000480270008449220000000000000000000000EBI7528,265.0,Individual (1),Upscale (€180-300)
23406210,37479065,Vizcaya,Bilbao,43.26623,-2.9327,Private room,111.0,2,135,2025-09-15,1.47,2,46,8,ESHFTU00004802200022423100200000000000000000LBI004800,111.0,Pequeño (2-3),Economy (€75-120)
23415444,174613612,Vizcaya,Bilbao,43.25871,-2.92279,Private room,109.0,2,36,2025-09-27,0.39,1,94,16,ESHFTU000048026000292474001000000000000000000LBI-2466,109.0,Individual (1),Economy (€75-120)
23425374,174538464,Vizcaya,Bilbao,43.25715,-2.94046,Entire home/apt,74.0,2,512,2025-09-16,5.85,1,130,98,ESFCTU00004802700082210400000000000000000000EBI008776,74.0,Individual (1),Budget (<€75)
23428128,46650620,Vizcaya,Bilbao,43.257442474365234,-2.918731927871704,Entire home/apt,141.0,2,184,2025-09-15,2.02,1,71,16,ESFCTU00004802600036895700000000000000000000EBI006215,141.0,Individual (1),Mid-scale (€120-180)
23510372,71721442,Vizcaya,Bilbao,43.26742,-2.93389,Entire home/apt,125.0,2,479,2025-09-28,5.19,1,153,71,EB1603,125.0,Individual (1),Mid-scale (€120-180)
23550744,65042652,Vizcaya,Bilbao,43.2902,-2.96128,Entire home/apt,161.0,4,11,2025-06-07,0.12,7,180,3,ESFCTU00004802600051522100000000000000000000EBI007128,161.0,Mediano (4-10),Mid-scale (€120-180)
23672540,177271859,Vizcaya,Bilbao,43.25422,-2.92832,Private room,49.0,2,295,2025-09-17,3.21,1,48,65,LBI 248,49.0,Individual (1),Budget (<€75)
23736390,177981213,Vizcaya,Bilbao,43.26624,-2.92159,Entire home/apt,85.0,2,90,2025-07-19,0.98,1,309,3,ESFCTU00004802500017551000000000000000000000EBI006550,85.0,Individual (1),Economy (€75-120)
23778402,85246818,Vizcaya,Bilbao,43.26281,-2.93401,Entire home/apt,166.0,1,62,2025-07-13,0.83,47,330,11,EBI00825,166.0,Profesional (10+),Mid-scale (€120-180)
23783958,178448787,Vizcaya,Bilbao,43.25585,-2.92415,Entire home/apt,72.0,2,389,2025-09-28,4.25,1,195,78,ESFCTUO0004802700001221500000000000000000000EBI007018,72.0,Individual (1),Budget (<€75)
23840555,179016138,Vizcaya,Bilbao,43.26216,-2.92604,Entire home/apt,130.0,2,637,2025-09-27,6.97,3,205,122,EBI00708,130.0,Pequeño (2-3),Mid-scale (€120-180)
23867213,27570356,Vizcaya,Bilbao,43.25683,-2.92162,Entire home/apt,197.0,1,101,2025-04-15,1.11,4,101,7,ESFCTU00004802600028824800000000000000000000EBI006264,197.0,Mediano (4-10),Upscale (€180-300)
23924114,68134378,Vizcaya,Bilbao,43.26837,-2.92552,Entire home/apt,95.0,2,327,2025-09-09,3.62,1,100,50,ESFCTU0000480260002255710000000000000000000000EBI6691,95.0,Individual (1),Economy (€75-120)
23984158,180374961,Vizcaya,Bilbao,43.25834,-2.92082,Entire home/apt,280.0,2,121,2025-09-28,1.34,3,102,10,ESFCTU00004802600021854200000000000000000000EBI005830,280.0,Pequeño (2-3),Upscale (€180-300)
23990932,160412156,Vizcaya,Bilbao,43.2791,-2.9579,Entire home/apt,82.0,1,106,2025-08-14,1.16,45,326,7,ESFCTU00004802400000951100000000000000000000000000004,82.0,Profesional (10+),Economy (€75-120)
23992057,180509011,Vizcaya,Bilbao,43.26705,-2.91916,Entire home/apt,111.0,2,398,2025-09-28,4.38,1,58,73,ESFCTU00004802500008493500000000000000000000EBI006963,111.0,Individual (1),Economy (€75-120)
23996547,7469567,Vizcaya,Bilbao,43.27147,-2.95147,Private room,168.0,3,106,2025-09-21,1.18,3,70,27,LBI00306,168.0,Pequeño (2-3),Mid-scale (€120-180)
24007276,7997032,Vizcaya,Bilbao,43.25445,-2.92404,Private room,51.0,1,388,2025-08-25,4.25,1,42,41,ESHFTU0000480270003703460010000000000000000000LBI2436,51.0,Individual (1),Budget (<€75)
24033992,65619920,Vizcaya,Bilbao,43.25919342041016,-2.9216148853302,Entire home/apt,301.0,2,222,2025-09-25,2.43,4,296,24,EBI00551,301.0,Mediano (4-10),Luxury (>€300)
24101268,2247936,Vizcaya,Bilbao,43.261883,-2.956465,Private room,86.0,2,278,2025-09-19,5.45,1,323,62,LBI00493,86.0,Individual (1),Economy (€75-120)
24282137,2900030,Vizcaya,Bilbao,43.25368,-2.93643,Entire home/apt,91.0,1,267,2025-09-09,2.97,1,262,35,U4512980X,91.0,Individual (1),Economy (€75-120)
24444779,184613417,Vizcaya,Bilbao,43.25897,-2.92464,Private room,51.0,2,146,2025-08-17,1.62,1,11,18,L-BI-260,51.0,Individual (1),Budget (<€75)
24575627,158371615,Vizcaya,Bilbao,43.25938,-2.92581,Entire home/apt,134.0,2,306,2025-09-27,3.39,2,326,35,ESFCTU000048026000293297000000000000000000000EBI00630,134.0,Pequeño (2-3),Mid-scale (€120-180)
24641040,186220033,Vizcaya,Bilbao,43.267,-2.92427,Entire home/apt,108.0,2,109,2025-05-22,1.22,1,15,2,ESFCTU00004802500026133600000000000000000000EBI002561,108.0,Individual (1),Economy (€75-120)
24674099,15118368,Vizcaya,Bilbao,43.25793,-2.92041,Entire home/apt,203.0,2,196,2025-09-24,2.43,2,167,53,ESFCTU00004802600027573600000000000000000000EBI009478,203.0,Pequeño (2-3),Upscale (€180-300)
24769024,187253631,Vizcaya,Bilbao,43.26783,-2.92729,Entire home/apt,168.0,1,146,2025-05-15,1.73,1,321,8,ESFCTU00004802600054016200000000000000000000EBI006529,168.0,Individual (1),Mid-scale (€120-180)
24788203,187423407,Vizcaya,Bilbao,43.25758,-2.92313,Entire home/apt,115.0,2,213,2025-08-10,2.56,1,283,37,E.BI-919,115.0,Individual (1),Economy (€75-120)
24792440,187446856,Vizcaya,Bilbao,43.27169,-2.92842,Private room,83.0,6,20,2025-09-02,0.22,2,48,1,LBI 305,83.0,Pequeño (2-3),Economy (€75-120)
24867249,146515687,Vizcaya,Bilbao,43.25355,-2.92206,Entire home/apt,123.0,2,68,2025-08-02,0.76,2,56,5,ESFCTU00004802600028686200000000000000000000EBI008220,123.0,Pequeño (2-3),Mid-scale (€120-180)
24872331,187992208,Vizcaya,Bilbao,43.25082,-2.90997,Private room,60.0,2,22,2025-08-24,0.24,2,83,5,,60.0,Pequeño (2-3),Budget (<€75)
24902910,85246818,Vizcaya,Bilbao,43.25603,-2.92301,Entire home/apt,91.0,1,86,2025-08-16,0.96,47,320,16,EBI00983,91.0,Profesional (10+),Economy (€75-120)
24903910,37972026,Vizcaya,Bilbao,43.25442,-2.9065,Private room,68.0,3,111,2025-09-27,1.29,1,243,18,,68.0,Individual (1),Budget (<€75)
24940339,188551119,Vizcaya,Bilbao,43.26585,-2.94983,Entire home/apt,108.0,2,381,2025-09-27,4.24,1,311,63,EBI00762,108.0,Individual (1),Economy (€75-120)
24974994,91853881,Vizcaya,Bilbao,43.26073,-2.91301,Private room,196.0,1,60,2025-08-25,0.69,2,83,10,10% IVA Incluido en el precio. Registro hotelero BBI 00027,196.0,Pequeño (2-3),Upscale (€180-300)
25018303,22925880,Vizcaya,Bilbao,43.26438,-2.92265,Entire home/apt,188.0,2,164,2025-09-21,1.83,1,146,22,EBI 617,188.0,Individual (1),Upscale (€180-300)
25242345,190724633,Vizcaya,Bilbao,43.25619,-2.91131,Entire home/apt,115.0,1,119,2025-08-31,1.33,7,336,29,ESFCTU00004802500007810100000000000000000000EBI008408,115.0,Mediano (4-10),Economy (€75-120)
25284896,91853881,Vizcaya,Bilbao,43.26067,-2.91195,Shared room,83.0,1,43,2025-09-08,0.84,2,74,12,10% IVA Incluido en el precio.,83.0,Pequeño (2-3),Economy (€75-120)
25766686,186310119,Vizcaya,Bilbao,43.2646,-2.95148,Entire home/apt,180.0,2,96,2025-09-27,1.09,1,109,13,EBI-873,180.0,Individual (1),Mid-scale (€120-180)
25799905,17503237,Vizcaya,Bilbao,43.25759,-2.92222,Entire home/apt,176.0,2,4,2025-06-14,0.05,1,284,1,ESFCTU00004802600026139500000000000000000000EBI003502,176.0,Individual (1),Mid-scale (€120-180)
26036549,96162716,Vizcaya,Bilbao,43.25608,-2.91349,Entire home/apt,100.0,1,116,2025-08-19,1.32,1,148,12,ESFCTU0000480250000540370000000000000000000000EBI8035,100.0,Individual (1),Economy (€75-120)
26082799,157770590,Vizcaya,Bilbao,43.266,-2.93051,Entire home/apt,108.0,2,116,2025-09-19,1.31,1,57,13,ESFCTU00004802200023342400000000000000000000EBI007799,108.0,Individual (1),Economy (€75-120)
26311803,150809814,Vizcaya,Bilbao,43.25087,-2.91157,Entire home/apt,113.0,2,183,2025-09-22,2.14,4,300,16,ESFCTU0000480250000357530000000000000000000000EBI8060,113.0,Mediano (4-10),Economy (€75-120)
26385473,95235901,Vizcaya,Bilbao,43.26277,-2.94591,Entire home/apt,217.0,2,180,2025-05-26,2.04,4,245,3,ESFCTU00004802200024182500000000000000000000EBI006444,217.0,Mediano (4-10),Upscale (€180-300)
26548221,183050342,Vizcaya,Bilbao,43.27067,-2.94878,Private room,68.0,2,157,2025-09-17,1.8,2,327,23,L.BI-329,68.0,Pequeño (2-3),Budget (<€75)
26565720,3215084,Vizcaya,Bilbao,43.2567258,-2.9282665,Entire home/apt,81.0,1,21,2025-07-11,0.9,3,74,6,ESFCTU00004802700031540800000000000000000000TBI000182,81.0,Pequeño (2-3),Economy (€75-120)
26588762,199913434,Vizcaya,Bilbao,43.25767,-2.92237,Entire home/apt,128.0,2,220,2025-09-15,2.5,1,320,49,ESFCTU0000480260004384520000000000000000000EBI0005816,128.0,Individual (1),Mid-scale (€120-180)
26825854,85246818,Vizcaya,Bilbao,43.26435,-2.92125,Entire home/apt,143.0,1,47,2025-09-14,0.54,47,337,1,EBI00843,143.0,Profesional (10+),Mid-scale (€120-180)
26858054,29324517,Vizcaya,Bilbao,43.25962,-2.92318,Entire home/apt,136.0,2,489,2025-09-29,5.61,2,227,84,ESFCTU00004802600028999300000000000000000000EBI008310,136.0,Pequeño (2-3),Mid-scale (€120-180)
27135150,62205707,Vizcaya,Bilbao,43.25562,-2.91711,Private room,17.0,90,2,2018-09-01,0.02,14,91,0,PARA ESTANCIAS DE 1 MES O SUPERIORES NO ES NECESARIA LICENCIA TURISTICA,17.0,Profesional (10+),Budget (<€75)
27148394,15277717,Vizcaya,Bilbao,43.2644,-2.94782,Entire home/apt,160.0,1,145,2025-08-21,1.68,1,144,10,ESFCTU00004802200033127400000000000000000000EBI008538,160.0,Individual (1),Mid-scale (€120-180)
27218170,85246818,Vizcaya,Bilbao,43.25743,-2.93772,Entire home/apt,183.0,1,66,2025-08-02,0.76,47,318,4,EBI00855,183.0,Profesional (10+),Upscale (€180-300)
27233106,62205707,Vizcaya,Bilbao,43.26957,-2.9202,Private room,16.0,90,4,2020-08-31,0.05,14,182,0,Para alquiler temporal por habitaciones con estancia superior a 30/31 no es necesaria licencia o registro,16.0,Profesional (10+),Budget (<€75)
27276225,65042652,Vizcaya,Bilbao,43.25149,-2.9217,Entire home/apt,110.0,2,151,2025-09-13,1.74,7,298,31,ESFCNT00004802600041347300000000000000000000000000001,110.0,Mediano (4-10),Economy (€75-120)
27343647,206062252,Vizcaya,Bilbao,43.25825,-2.93133,Private room,56.0,2,179,2025-09-23,2.06,1,118,42,ESHFTU0000480270007238070010000000000000000000LBI3475,56.0,Individual (1),Budget (<€75)
27572349,62205707,Vizcaya,Bilbao,43.25996,-2.94065,Private room,21.0,27,1,2021-07-31,0.02,14,60,0,No es necesaria licencia para alquileres por habitaciones superiores a 1 mes,21.0,Profesional (10+),Budget (<€75)
27599363,208200792,Vizcaya,Bilbao,43.25503,-2.92572,Entire home/apt,174.0,1,322,2025-09-06,3.71,14,317,52,ESFCTU00004827000018972000000000000000000000EBI007878,174.0,Profesional (10+),Mid-scale (€120-180)
27646338,85246818,Vizcaya,Bilbao,43.26313,-2.93327,Entire home/apt,155.0,1,58,2025-09-12,0.67,47,324,14,EBI00984,155.0,Profesional (10+),Mid-scale (€120-180)
27674656,19378022,Vizcaya,Bilbao,43.25458,-2.92383,Entire home/apt,582.0,1,1,2025-05-22,0.23,1,363,1,,582.0,Individual (1),Luxury (>€300)
27851812,4388051,Vizcaya,Bilbao,43.25533,-2.92141,Entire home/apt,107.0,2,314,2025-09-21,3.94,1,304,48,ESFCTU00004802600026295800000000000000000000EBI006165,107.0,Individual (1),Economy (€75-120)
28219801,11296499,Vizcaya,Bilbao,43.26893,-2.95412,Private room,54.0,1,70,2025-09-14,0.82,16,71,8,,54.0,Profesional (10+),Budget (<€75)
28221359,11296499,Vizcaya,Bilbao,43.26956,-2.95343,Private room,25.0,1,4,2022-11-27,0.05,16,0,0,,25.0,Profesional (10+),Budget (<€75)
28222720,11296499,Vizcaya,Bilbao,43.26893,-2.9537,Private room,90.0,1,11,2023-12-30,0.13,16,58,0,,90.0,Profesional (10+),Economy (€75-120)
28276001,11296499,Vizcaya,Bilbao,43.26849,-2.9539,Private room,41.0,1,18,2024-04-22,0.21,16,0,0,,41.0,Profesional (10+),Budget (<€75)
28323016,196332886,Vizcaya,Bilbao,43.25675201416016,-2.932631015777588,Entire home/apt,139.0,1,262,2025-09-15,3.07,5,40,23,ESFCTU00004802700013234000000000000000000000EBI009038,139.0,Mediano (4-10),Mid-scale (€120-180)
28357316,11296499,Vizcaya,Bilbao,43.26839,-2.95502,Private room,117.0,1,17,2020-02-24,0.2,16,75,0,,117.0,Profesional (10+),Economy (€75-120)
28404716,87066278,Vizcaya,Bilbao,43.26574,-2.92493,Entire home/apt,203.0,2,224,2025-09-28,2.61,1,73,38,EBI-880,203.0,Individual (1),Upscale (€180-300)
28456435,152745470,Vizcaya,Bilbao,43.27141,-2.9452,Entire home/apt,80.0,4,45,2024-08-09,0.53,5,90,0,TBI00029,80.0,Mediano (4-10),Economy (€75-120)
28663150,216266794,Vizcaya,Bilbao,43.25736,-2.92165,Entire home/apt,108.0,4,321,2025-09-10,3.8,2,250,31,ESHFTU0000480260004408820010000000000000000000LBI3282,108.0,Pequeño (2-3),Economy (€75-120)
28663171,216266794,Vizcaya,Bilbao,43.2568,-2.92186,Private room,99.0,4,17,2025-08-19,0.2,2,307,3,ESHFTU0000480260004408820010000000000000000000LBI3282,99.0,Pequeño (2-3),Economy (€75-120)
28773352,152745470,Vizcaya,Bilbao,43.27332,-2.94837,Entire home/apt,82.0,4,67,2025-07-22,0.8,5,45,1,TBI00029,82.0,Mediano (4-10),Economy (€75-120)
28878620,104338108,Vizcaya,Bilbao,43.26119,-2.92186,Entire home/apt,270.0,30,13,2024-07-14,0.15,1,258,0,E.BI 898,270.0,Individual (1),Upscale (€180-300)
28929360,218057526,Vizcaya,Bilbao,43.25097,-2.91411,Entire home/apt,98.0,2,172,2025-09-04,2.04,1,140,41,ESFCTU00004802500048650000000000000000000000000EB9114,98.0,Individual (1),Economy (€75-120)
28949894,57167024,Vizcaya,Bilbao,43.26658,-2.9138,Private room,39.0,1,197,2025-09-21,2.59,1,339,29,LBI00460,39.0,Individual (1),Budget (<€75)
28961699,35060271,Vizcaya,Bilbao,43.27678,-2.96182,Entire home/apt,78.0,3,189,2025-09-07,2.25,1,143,28,EBI-902,78.0,Individual (1),Economy (€75-120)
28992400,218526254,Vizcaya,Bilbao,43.25858,-2.92251,Entire home/apt,218.0,1,106,2025-08-13,1.25,2,159,7,EBI 838,218.0,Pequeño (2-3),Upscale (€180-300)
29037612,8793375,Vizcaya,Bilbao,43.25703,-2.93038,Private room,88.0,1,152,2025-07-15,4.81,2,336,22,ESHFTU00004802700081232700100000000000000000LBI005222,88.0,Pequeño (2-3),Economy (€75-120)
29077723,63834883,Vizcaya,Bilbao,43.25656,-2.93183,Entire home/apt,121.0,2,239,2025-09-19,2.82,1,44,40,ESFCTU00004802700087031000000000000000000000EBI008990,121.0,Individual (1),Mid-scale (€120-180)
29098476,219298120,Vizcaya,Bilbao,43.26595,-2.92091,Entire home/apt,88.0,1,368,2025-09-22,4.39,1,133,69,ESFCTU00004802500004654400000000000000000000EBI007667,88.0,Individual (1),Economy (€75-120)
29330738,9847795,Vizcaya,Bilbao,43.25556,-2.92442,Entire home/apt,92.0,1,34,2025-09-02,0.41,2,205,11,E.BI-941,92.0,Pequeño (2-3),Economy (€75-120)
29427701,43324450,Vizcaya,Bilbao,43.25627,-2.94498,Private room,65.0,3,152,2025-09-21,1.81,3,23,20,,65.0,Pequeño (2-3),Budget (<€75)
29430092,221651761,Vizcaya,Bilbao,43.25641,-2.91547,Entire home/apt,137.0,1,35,2025-08-27,0.42,1,108,3,ESFCTU00004802500028727500000000000000000000EBI009058,137.0,Individual (1),Mid-scale (€120-180)
29601957,222818125,Vizcaya,Bilbao,43.25346,-2.9203,Entire home/apt,100.0,2,154,2025-09-28,1.83,1,59,23,E.BI-923,100.0,Individual (1),Economy (€75-120)
29727901,85246818,Vizcaya,Bilbao,43.2702,-2.93129,Entire home/apt,143.0,1,49,2025-08-15,0.6,47,76,10,EBI00782,143.0,Profesional (10+),Mid-scale (€120-180)
29895434,187446856,Vizcaya,Bilbao,43.27059,-2.92527,Private room,108.0,4,0,,,2,50,0,LBI 305,108.0,Pequeño (2-3),Economy (€75-120)
29930983,208591572,Vizcaya,Bilbao,43.25941,-2.9328,Entire home/apt,114.0,2,57,2025-09-14,0.81,1,336,9,ESFCTU00004802700010156800000000000000000000EBI013231,114.0,Individual (1),Economy (€75-120)
30155515,62205707,Vizcaya,Bilbao,43.25389,-2.90957,Private room,18.0,30,0,,,14,241,0,No es necesaria licencia para alquileres temporales por habitaciones superiores a 1 mes (31 dias),18.0,Profesional (10+),Budget (<€75)
30246390,153992114,Vizcaya,Bilbao,43.25936,-2.93699,Entire home/apt,99.0,2,127,2025-09-21,1.53,2,128,20,EBI915,99.0,Pequeño (2-3),Economy (€75-120)
30490485,85246818,Vizcaya,Bilbao,43.2533,-2.91484,Entire home/apt,132.0,1,36,2025-02-16,0.44,47,346,1,EBI00999,132.0,Profesional (10+),Mid-scale (€120-180)
30492243,20203140,Vizcaya,Bilbao,43.2642676,-2.9266957,Entire home/apt,163.0,4,101,2025-09-23,3.63,1,26,37,ESFCTU00004802200022874100000000000000000000EBI022507,163.0,Individual (1),Mid-scale (€120-180)
30728272,153992114,Vizcaya,Bilbao,43.26139,-2.93527,Entire home/apt,99.0,2,121,2025-09-28,1.47,2,86,24,EBI914,99.0,Pequeño (2-3),Economy (€75-120)
30898500,230909839,Vizcaya,Bilbao,43.25717,-2.92239,Entire home/apt,159.0,2,225,2025-09-13,2.76,1,239,37,E.BI-977,159.0,Individual (1),Mid-scale (€120-180)
30971373,671397896,Vizcaya,Bilbao,43.25772,-2.9243,Entire home/apt,125.0,1,101,2025-08-08,1.23,53,53,20,ESFCTU00004802600054600300000000000000000000EBI009377,125.0,Profesional (10+),Mid-scale (€120-180)
30981101,4743615,Vizcaya,Bilbao,43.27234,-2.94685,Entire home/apt,106.0,1,81,2025-09-24,1.57,4,264,31,ESFCTU00004802100001704100000000000000000000EBI001036,106.0,Mediano (4-10),Economy (€75-120)
31206166,62205707,Vizcaya,Bilbao,43.25753,-2.91982,Private room,40.0,7,1,2021-08-31,0.02,14,272,0,No es necesaria licencia para alquileres temporales por habitaciones superiores a 1 mes (31 dias),40.0,Profesional (10+),Budget (<€75)
31207391,49828616,Vizcaya,Bilbao,43.26762,-2.92542,Private room,50.0,1,98,2025-09-21,1.26,6,334,9,,50.0,Mediano (4-10),Budget (<€75)
31208088,49828616,Vizcaya,Bilbao,43.26705,-2.92762,Private room,59.0,1,92,2025-08-21,1.15,6,356,20,,59.0,Mediano (4-10),Budget (<€75)
31309076,2251617,Vizcaya,Bilbao,43.25612,-2.92914,Private room,34.0,2,251,2025-09-19,3.1,1,289,41,ESHFTU0000480270007700470010000000000000000000LBI3398,34.0,Individual (1),Budget (<€75)
31323282,11296499,Vizcaya,Bilbao,43.2677,-2.9549,Shared room,17.0,1,26,2025-08-15,0.33,16,71,4,,17.0,Profesional (10+),Budget (<€75)
31323971,234480591,Vizcaya,Bilbao,43.26476,-2.92949,Private room,74.0,1,204,2025-09-19,2.59,1,212,40,L.BI-342,74.0,Individual (1),Budget (<€75)
31529872,16126315,Vizcaya,Bilbao,43.26411,-2.94005,Entire home/apt,227.0,2,249,2025-09-28,3.23,24,113,43,ESFCTU000048027000467893000000000000000000000EBI10683,227.0,Profesional (10+),Upscale (€180-300)
31701024,237751693,Vizcaya,Bilbao,43.25534,-2.92175,Entire home/apt,154.0,2,94,2025-06-29,1.17,1,16,6,ESFCTU00004802600040856100000000000000000000EBI007232,154.0,Individual (1),Mid-scale (€120-180)
31701567,237756385,Vizcaya,Bilbao,43.26416397094727,-2.932141065597534,Entire home/apt,278.0,1,162,2025-09-21,2.0,1,57,32,ESFCTU0000480220003721090000000000000000000EBI0009656,278.0,Individual (1),Upscale (€180-300)
31709360,56054495,Vizcaya,Bilbao,43.26423,-2.94184,Entire home/apt,210.0,2,119,2025-09-21,1.52,2,118,50,ESFCTU0000480220006620020000000000000000000E.BI-10096,210.0,Pequeño (2-3),Upscale (€180-300)
32231805,49828616,Vizcaya,Bilbao,43.26669,-2.92759,Private room,59.0,1,52,2025-08-17,0.65,6,358,10,,59.0,Mediano (4-10),Budget (<€75)
32236725,49828616,Vizcaya,Bilbao,43.26768,-2.92566,Private room,55.0,1,65,2025-09-27,0.84,6,358,12,,55.0,Mediano (4-10),Budget (<€75)
32327959,49828616,Vizcaya,Bilbao,43.2659,-2.92756,Private room,51.0,1,76,2025-09-17,0.96,6,351,8,,51.0,Mediano (4-10),Budget (<€75)
32606652,245109633,Vizcaya,Bilbao,43.26759,-2.92543,Entire home/apt,174.0,3,90,2025-09-01,1.12,6,156,12,ESFCTU0000480260002516240000000000000000000000EBI9751,174.0,Mediano (4-10),Mid-scale (€120-180)
32654143,3156808,Vizcaya,Bilbao,43.25922135271525,-2.9523866176605207,Private room,132.0,3,186,2025-09-19,2.4,1,6,37,LBI00387,132.0,Individual (1),Mid-scale (€120-180)
32833501,85246818,Vizcaya,Bilbao,43.26597,-2.94232,Entire home/apt,155.0,1,47,2024-06-09,0.59,47,342,0,EBI01021,155.0,Profesional (10+),Mid-scale (€120-180)
32976851,248185479,Vizcaya,Bilbao,43.2562,-2.92155,Entire home/apt,103.0,2,474,2025-09-27,5.95,1,238,93,EBI01008,103.0,Individual (1),Economy (€75-120)
33030822,248601623,Vizcaya,Bilbao,43.25742,-2.93291,Entire home/apt,161.0,1,107,2024-12-15,1.35,6,322,1,ESFCTU00004802700077906400000000000000000000EBI009960,161.0,Mediano (4-10),Mid-scale (€120-180)
33330196,245890997,Vizcaya,Bilbao,43.25706100463867,-2.9290659427642822,Entire home/apt,106.0,1,164,2025-08-02,2.08,1,56,4,ESFCTU00004802700075991200000000000000000000EBI008499,106.0,Individual (1),Economy (€75-120)
33332249,160412156,Vizcaya,Bilbao,43.26687,-2.92812,Entire home/apt,107.0,1,141,2025-08-25,1.8,45,284,11,ESFCTU00004802600049997200000000000000000000EBI009492,107.0,Profesional (10+),Economy (€75-120)
33338584,180374961,Vizcaya,Bilbao,43.25676,-2.91566,Entire home/apt,155.0,2,30,2025-07-13,0.38,3,120,1,ESFCTU00004802500003971300000000000000000000EBI009487,155.0,Pequeño (2-3),Mid-scale (€120-180)
33683718,253889025,Vizcaya,Bilbao,43.25858,-2.91908,Entire home/apt,154.0,2,42,2025-09-18,0.84,1,76,4,ESFCTU00004802600036490400000000000000000000EBI010425,154.0,Individual (1),Mid-scale (€120-180)
33797207,208200792,Vizcaya,Bilbao,43.25457000732422,-2.925417900085449,Entire home/apt,135.0,1,275,2025-09-14,3.5,14,307,47,ESFCTU000048027001187066000000000000000000000EBI08279,135.0,Profesional (10+),Mid-scale (€120-180)
33871160,255758716,Vizcaya,Bilbao,43.25798,-2.92625,Entire home/apt,140.0,2,268,2025-09-14,3.41,1,211,54,E.BI-946,140.0,Individual (1),Mid-scale (€120-180)
33876672,162062857,Vizcaya,Bilbao,43.25546,-2.92962,Entire home/apt,164.0,2,12,2025-05-22,0.15,1,319,1,EBI02366,164.0,Individual (1),Mid-scale (€120-180)
33903696,140017112,Vizcaya,Bilbao,43.26593,-2.92245,Entire home/apt,72.0,1,44,2025-08-31,0.57,1,40,7,ESFCTU00004802500056892300000000000000000000EBI009272,72.0,Individual (1),Budget (<€75)
33908747,152327992,Vizcaya,Bilbao,43.25343,-2.92081,Private room,57.0,3,415,2025-09-14,5.36,1,123,42,LBI-299,57.0,Individual (1),Budget (<€75)
34109113,190724633,Vizcaya,Bilbao,43.25417,-2.93163,Entire home/apt,159.0,1,52,2025-07-27,0.67,7,342,8,ESFCTU00004802700027438500000000000000000000EBI005586,159.0,Mediano (4-10),Mid-scale (€120-180)
34238180,183050342,Vizcaya,Bilbao,43.27264,-2.94709,Private room,57.0,2,142,2025-09-27,1.88,2,328,33,L.BI-329,57.0,Pequeño (2-3),Budget (<€75)
34283701,258522089,Vizcaya,Bilbao,43.25219,-2.91835,Private room,43.0,1,104,2024-09-12,1.33,1,0,0,,43.0,Individual (1),Budget (<€75)
34284219,218365107,Vizcaya,Bilbao,43.27658,-2.95748,Private room,55.0,2,256,2025-09-28,3.3,1,306,50,ESHFTU00004802400001917600100000000000000000LBI004001,55.0,Individual (1),Budget (<€75)
34362657,168546800,Vizcaya,Bilbao,43.259,-2.94554,Entire home/apt,177.0,3,31,2025-08-31,0.4,1,67,8,E-BI 1000,177.0,Individual (1),Mid-scale (€120-180)
34434054,259930169,Vizcaya,Bilbao,43.25525,-2.9253,Entire home/apt,119.0,2,279,2025-09-17,3.68,2,300,51,ESFCTU00004802700084759600000000000000000000EBI011389,119.0,Pequeño (2-3),Economy (€75-120)
34570802,83481447,Vizcaya,Bilbao,43.26374,-2.90933,Private room,29.0,1,263,2025-09-22,3.4,3,166,40,LB100557,29.0,Pequeño (2-3),Budget (<€75)
34838720,19842451,Vizcaya,Bilbao,43.25087,-2.92133,Entire home/apt,112.0,1,500,2025-09-28,6.46,1,160,58,E-BI-786,112.0,Individual (1),Economy (€75-120)
35141610,16126315,Vizcaya,Bilbao,43.26361,-2.93446,Entire home/apt,172.0,2,126,2025-09-26,1.66,24,105,19,ESFCTU00004802200060126100000000000000000000EBI005571,172.0,Profesional (10+),Mid-scale (€120-180)
35254364,265410560,Vizcaya,Bilbao,43.25408,-2.94675,Entire home/apt,115.0,1,111,2025-09-26,1.45,1,122,12,ESFCTU0000480270010619460000000000000000000000EBI9629,115.0,Individual (1),Economy (€75-120)
35309217,265831902,Vizcaya,Bilbao,43.2579,-2.94883,Private room,84.0,2,134,2025-09-22,1.74,1,82,44,ESHFTU00004802700085409900100000000000000000LBI003749,84.0,Individual (1),Economy (€75-120)
35329561,23028672,Vizcaya,Bilbao,43.26749,-2.92426,Entire home/apt,114.0,1,490,2025-09-22,6.38,4,335,69,ESFCTU0000480250000174450000000000000000000000EBI9386,114.0,Mediano (4-10),Economy (€75-120)
35411583,85246818,Vizcaya,Bilbao,43.26429,-2.92646,Entire home/apt,172.0,1,1,2019-07-14,0.01,47,4,0,EBI01126,172.0,Profesional (10+),Mid-scale (€120-180)
35472547,16126315,Vizcaya,Bilbao,43.25687,-2.92327,Entire home/apt,120.0,2,228,2025-09-26,3.01,24,65,34,ESFCTU000048026000296991000000000000000000000EBI10872,120.0,Profesional (10+),Economy (€75-120)
35556537,267100434,Vizcaya,Bilbao,43.2565067,-2.928715,Entire home/apt,123.0,1,359,2025-09-24,4.68,1,149,71,ESFCTU00004802700084705300000000000000000000EBI005935,123.0,Individual (1),Mid-scale (€120-180)
35557357,245109633,Vizcaya,Bilbao,43.25015,-2.92216,Entire home/apt,103.0,5,169,2025-09-14,2.21,6,160,22,ESFCTU00004802700047286600000000000000000000EBI008796,103.0,Mediano (4-10),Economy (€75-120)
35591469,190724633,Vizcaya,Bilbao,43.2567,-2.94994,Entire home/apt,152.0,2,24,2024-09-02,0.32,7,347,0,ESFCTU00004802700043098900000000000000000000EBI010201,152.0,Mediano (4-10),Mid-scale (€120-180)
36133050,62205707,Vizcaya,Bilbao,43.265,-2.9356,Private room,19.0,30,4,2023-07-31,0.05,14,241,0,No es necesaria licencia para alquileres por habitaciones superiores a 1 mes,19.0,Profesional (10+),Budget (<€75)
36167166,69923417,Vizcaya,Bilbao,43.25538,-2.92588,Entire home/apt,116.0,2,124,2025-09-18,1.63,18,138,7,TBI023,116.0,Profesional (10+),Economy (€75-120)
36195112,66030783,Vizcaya,Bilbao,43.25699,-2.91849,Entire home/apt,190.0,3,21,2024-05-06,0.28,1,138,0,EBI01158,190.0,Individual (1),Upscale (€180-300)
36296313,205080529,Vizcaya,Bilbao,43.26188,-2.89882,Private room,33.0,2,288,2025-09-02,3.8,3,144,63,LBI00390,33.0,Pequeño (2-3),Budget (<€75)
36328902,271732757,Vizcaya,Bilbao,43.25024,-2.92169,Private room,249.0,1,1,2019-08-04,0.01,4,292,0,H.BI.01233,249.0,Mediano (4-10),Upscale (€180-300)
36370693,85246818,Vizcaya,Bilbao,43.25583,-2.9136,Entire home/apt,132.0,1,19,2025-05-12,0.25,47,353,3,ESFCTU00004802500009146900000000000000000000EBI011813,132.0,Profesional (10+),Mid-scale (€120-180)
36480397,205080529,Vizcaya,Bilbao,43.25994,-2.90029,Private room,35.0,2,217,2025-09-27,2.88,3,322,54,LBI00390,35.0,Pequeño (2-3),Budget (<€75)
36481024,274287335,Vizcaya,Bilbao,43.2695,-2.93107,Entire home/apt,125.0,2,432,2025-09-17,5.71,1,96,103,ESFCTU00004802600040012100000000000000000000EBI013411,125.0,Individual (1),Mid-scale (€120-180)
36502440,265354668,Vizcaya,Bilbao,43.26005,-2.93879,Private room,64.0,1,4,2022-08-04,0.05,2,0,0,LBI00373,64.0,Pequeño (2-3),Budget (<€75)
36502524,265354668,Vizcaya,Bilbao,43.2598,-2.93764,Private room,71.0,1,5,2022-08-29,0.07,2,0,0,LBI00373,71.0,Pequeño (2-3),Budget (<€75)
36539312,271732757,Vizcaya,Bilbao,43.24956,-2.91918,Private room,191.0,1,99,2025-08-31,1.32,4,292,11,H.BI.01233,191.0,Mediano (4-10),Upscale (€180-300)
36565519,158000971,Vizcaya,Bilbao,43.25682,-2.9312,Private room,40.0,3,40,2020-09-13,0.53,1,31,0,,40.0,Individual (1),Budget (<€75)
36671021,275626450,Vizcaya,Bilbao,43.25898,-2.91393,Entire home/apt,200.0,2,177,2025-09-24,2.36,1,151,26,ESFCTU00004802500027265300000000000000000000EBI011017,200.0,Individual (1),Upscale (€180-300)
36696743,150809814,Vizcaya,Bilbao,43.25785,-2.91795,Entire home/apt,147.0,2,112,2025-07-23,1.58,4,236,10,ESFCTU00004802600041044100000000000000000000EBI013240,147.0,Mediano (4-10),Mid-scale (€120-180)
36797208,276576627,Vizcaya,Bilbao,43.25981,-2.92023,Entire home/apt,96.0,2,196,2025-09-18,2.62,1,164,40,ESFCTU00004802600020635800000000000000000000EBI011949,96.0,Individual (1),Economy (€75-120)
36865136,277081184,Vizcaya,Bilbao,43.25853,-2.92567,Entire home/apt,242.0,2,141,2025-08-21,1.89,1,163,43,ESFCTU00004802600054033900000000000000000000EBI011857,242.0,Individual (1),Upscale (€180-300)
36993980,278131536,Vizcaya,Bilbao,43.26763,-2.92158,Entire home/apt,91.0,1,92,2025-09-19,1.23,1,206,5,EBI01174,91.0,Individual (1),Economy (€75-120)
37174257,11296499,Vizcaya,Bilbao,43.26891,-2.95541,Shared room,18.0,1,17,2025-09-04,0.23,16,67,8,,18.0,Profesional (10+),Budget (<€75)
37175652,11296499,Vizcaya,Bilbao,43.27065,-2.9495,Shared room,21.0,1,13,2025-09-08,0.19,16,66,6,,21.0,Profesional (10+),Budget (<€75)
37252506,62205707,Vizcaya,Bilbao,43.2665,-2.93612,Private room,21.0,90,2,2020-09-30,0.03,14,91,0,PARA ESTANCIAS DE 1 MES O SUPERIORES NO ES NECESARIA LICENCIA TURISTICA,21.0,Profesional (10+),Budget (<€75)
37320966,280945647,Vizcaya,Bilbao,43.256737,-2.916576,Entire home/apt,98.0,3,144,2025-09-15,1.96,1,339,34,ESFCTU00004802500039162000000000000000000000EBI009300,98.0,Individual (1),Economy (€75-120)
37351453,16126315,Vizcaya,Bilbao,43.26833,-2.92617,Entire home/apt,197.0,2,157,2025-09-13,2.11,24,88,11,ESFCTU00004802600021532900000000000000000000EBI012142,197.0,Profesional (10+),Upscale (€180-300)
37354307,66320778,Vizcaya,Bilbao,43.26621,-2.93441,Private room,52.0,1,301,2025-09-28,4.02,1,144,60,ESHFTU00004802200010525700100000000000000000LBI003961,52.0,Individual (1),Budget (<€75)
37391776,12213743,Vizcaya,Bilbao,43.2596061,-2.9197705,Entire home/apt,82.0,2,48,2025-09-14,3.24,1,60,36,ESFCTU00004802600037655600000000000000000000EBI016553,82.0,Individual (1),Economy (€75-120)
37484071,264460456,Vizcaya,Bilbao,43.2582,-2.93782,Entire home/apt,143.0,1,88,2025-08-08,1.19,31,0,14,TBI00040,143.0,Profesional (10+),Mid-scale (€120-180)
37484078,264460456,Vizcaya,Bilbao,43.2582,-2.93782,Entire home/apt,145.0,1,43,2025-07-04,0.58,31,0,6,TBI00040,145.0,Profesional (10+),Mid-scale (€120-180)
37484910,264460456,Vizcaya,Bilbao,43.2582,-2.93782,Entire home/apt,185.0,1,49,2025-07-14,0.68,31,3,10,TBI00040,185.0,Profesional (10+),Upscale (€180-300)
37485097,264460456,Vizcaya,Bilbao,43.2582,-2.93782,Entire home/apt,139.0,1,34,2025-08-04,0.53,31,2,7,TBI00040,139.0,Profesional (10+),Mid-scale (€120-180)
37485280,264460456,Vizcaya,Bilbao,43.25820159912109,-2.9378199577331543,Entire home/apt,182.0,1,81,2025-08-06,1.09,31,0,16,TBI00040,182.0,Profesional (10+),Upscale (€180-300)
37485498,264460456,Vizcaya,Bilbao,43.2582,-2.93782,Entire home/apt,240.0,1,109,2025-08-20,1.49,31,5,15,TBI00040,240.0,Profesional (10+),Upscale (€180-300)
37586151,19920551,Vizcaya,Bilbao,43.25597,-2.9247,Entire home/apt,136.0,3,238,2025-09-27,3.22,2,127,44,ESFCTU00004802600028282600000000000000000000EBI011295,136.0,Pequeño (2-3),Mid-scale (€120-180)
37698302,85246818,Vizcaya,Bilbao,43.2672,-2.93625,Entire home/apt,176.0,1,63,2025-04-18,0.86,47,331,2,ESFCTU00004802200034669800000000000000000000EBI011237,176.0,Profesional (10+),Mid-scale (€120-180)
37699298,85246818,Vizcaya,Bilbao,43.26657,-2.92581,Entire home/apt,132.0,1,33,2024-12-01,0.45,47,339,1,EBI00586,132.0,Profesional (10+),Mid-scale (€120-180)
37706350,284994124,Vizcaya,Bilbao,43.26794,-2.92933,Entire home/apt,166.0,1,201,2025-09-15,2.7,1,332,19,EBI01196,166.0,Individual (1),Mid-scale (€120-180)
37798593,285696678,Vizcaya,Bilbao,43.26426315307617,-2.9325098991394043,Entire home/apt,211.0,1,59,2025-08-30,0.8,1,88,12,ESFCTU0000480220006655530000000000000000000EBI0010117,211.0,Individual (1),Upscale (€180-300)
37821635,7129633,Vizcaya,Bilbao,43.2583,-2.92466,Private room,81.0,2,62,2025-09-14,0.84,1,329,14,LBI00398,81.0,Individual (1),Economy (€75-120)
37895036,151744095,Vizcaya,Bilbao,43.27174,-2.97003,Private room,180.0,3,10,2022-04-17,0.13,1,66,0,,180.0,Individual (1),Mid-scale (€120-180)
37923127,671397896,Vizcaya,Bilbao,43.26511,-2.93471,Entire home/apt,139.0,1,105,2025-09-14,1.42,53,73,21,ESFCTU00004802200008785000000000000000000000EBI016647,139.0,Profesional (10+),Mid-scale (€120-180)
37932775,83481447,Vizcaya,Bilbao,43.26403,-2.91112,Private room,29.0,1,114,2025-08-23,1.63,3,166,28,LB100557,29.0,Pequeño (2-3),Budget (<€75)
38091177,160412156,Vizcaya,Bilbao,43.25597,-2.94216,Entire home/apt,117.0,1,66,2025-09-01,0.89,45,128,12,ESFCTU00004802700014047500000000000000000000EBI012678,117.0,Profesional (10+),Economy (€75-120)
38142485,59903471,Vizcaya,Bilbao,43.259048,-2.951315,Entire home/apt,91.0,2,243,2025-09-28,3.33,2,78,55,ESFCTU00004802200013051800000000000000000000E.B-10233,91.0,Pequeño (2-3),Economy (€75-120)
38201048,290265081,Vizcaya,Bilbao,43.25636,-2.95169,Entire home/apt,71.0,28,6,2025-03-28,0.15,2,264,2,ESFCNT00004802700042539800000000000000000000000000001,71.0,Pequeño (2-3),Budget (<€75)
38203537,290265081,Vizcaya,Bilbao,43.275917,-2.970672,Entire home/apt,91.0,28,5,2025-08-02,0.13,2,250,3,ESFCNT00004802200035864600000000000000000000000000007,91.0,Pequeño (2-3),Economy (€75-120)
38256493,134385122,Vizcaya,Bilbao,43.26681,-2.95715,Entire home/apt,131.0,2,96,2025-09-04,3.36,3,114,14,EBI02252,131.0,Pequeño (2-3),Mid-scale (€120-180)
38273850,85246818,Vizcaya,Bilbao,43.27749,-2.96334,Entire home/apt,132.0,1,42,2025-09-17,0.57,47,338,9,EBI01238,132.0,Profesional (10+),Mid-scale (€120-180)
38309269,83481447,Vizcaya,Bilbao,43.26229,-2.90939,Private room,46.0,1,2,2025-08-23,1.09,3,133,2,,46.0,Pequeño (2-3),Budget (<€75)
38353588,190724633,Vizcaya,Bilbao,43.25934,-2.93486,Entire home/apt,177.0,2,73,2025-08-13,0.99,7,339,7,ESFCTU00004802700041782900000000000000000000EBI012258,177.0,Mediano (4-10),Mid-scale (€120-180)
38458412,175134623,Vizcaya,Bilbao,43.25653,-2.91855,Entire home/apt,128.0,2,62,2025-08-11,0.84,1,78,5,ESFCTU000048026000361934000000000000000000000EBI10711,128.0,Individual (1),Mid-scale (€120-180)
38505345,85246818,Vizcaya,Bilbao,43.26823,-2.92137,Entire home/apt,120.0,1,41,2025-07-14,0.56,47,24,4,ESFCTU00004802500003193900000000000000000000EBI011154,120.0,Profesional (10+),Economy (€75-120)
38515690,69923417,Vizcaya,Bilbao,43.25558,-2.92592,Entire home/apt,98.0,2,94,2025-09-11,1.28,18,331,17,TBI023,98.0,Profesional (10+),Economy (€75-120)
38574658,294317617,Vizcaya,Bilbao,43.26024,-2.92222,Private room,74.0,3,191,2025-08-05,2.62,1,40,18,L-BI-78,74.0,Individual (1),Budget (<€75)
38643976,53835119,Vizcaya,Bilbao,43.25014,-2.92192,Entire home/apt,94.0,3,184,2025-09-29,2.51,2,74,49,ESFCTU00004802700054122700000000000000000000EBI011978,94.0,Pequeño (2-3),Economy (€75-120)
38831369,104320701,Vizcaya,Bilbao,43.26355,-2.92277,Private room,50.0,2,6,2021-07-22,0.08,2,353,0,,50.0,Pequeño (2-3),Budget (<€75)
39040684,299202849,Vizcaya,Bilbao,43.25369,-2.92428,Entire home/apt,120.0,2,142,2025-09-13,1.95,1,44,23,ESFCTU00004802700119693800000000000000000000EBI013145,120.0,Individual (1),Economy (€75-120)
39131630,188441029,Vizcaya,Bilbao,43.25475,-2.92579,Entire home/apt,124.0,2,115,2025-09-22,1.59,1,128,11,ESFCTU00004802700015913200000000000000000000EBI012975,124.0,Individual (1),Mid-scale (€120-180)
39221424,300961027,Vizcaya,Bilbao,43.2557258605957,-2.9261200428009038,Entire home/apt,179.0,2,116,2025-09-08,1.6,2,327,9,ESFCTU00004802700089373900000000000000000000EBI011341,179.0,Pequeño (2-3),Mid-scale (€120-180)
39251053,301308876,Vizcaya,Bilbao,43.29174,-2.97021,Entire home/apt,89.0,2,243,2025-09-18,3.35,1,161,39,EBI01288,89.0,Individual (1),Economy (€75-120)
39317556,138952279,Vizcaya,Bilbao,43.25698,-2.94238,Entire home/apt,83.0,2,155,2025-09-26,2.15,1,215,36,ESFCTU00004802200065126600000000000000000000EBI012838,83.0,Individual (1),Economy (€75-120)
39457546,62205707,Vizcaya,Bilbao,43.26794,-2.91864,Private room,18.0,90,0,,,14,241,0,PARA ESTANCIAS DE 1 MES O SUPERIORES NO ES NECESARIA LICENCIA TURISTICA,18.0,Profesional (10+),Budget (<€75)
39593414,264460456,Vizcaya,Bilbao,43.2582,-2.93782,Entire home/apt,149.0,1,32,2025-07-14,0.53,31,0,5,TBI00040,149.0,Profesional (10+),Mid-scale (€120-180)
39593918,264460456,Vizcaya,Bilbao,43.2582,-2.93724,Entire home/apt,157.0,1,59,2025-07-25,0.84,31,0,18,TBI00040,157.0,Profesional (10+),Mid-scale (€120-180)
39594351,264460456,Vizcaya,Bilbao,43.2582,-2.93782,Entire home/apt,183.0,1,38,2025-07-23,0.54,31,4,8,TBI00040,183.0,Profesional (10+),Upscale (€180-300)
39710828,69923417,Vizcaya,Bilbao,43.25445,-2.92655,Entire home/apt,116.0,2,82,2025-08-14,1.14,18,294,6,TBI023,116.0,Profesional (10+),Economy (€75-120)
39820015,270477911,Vizcaya,Bilbao,43.27228,-2.94603,Private room,70.0,2,33,2025-08-28,0.63,2,22,8,,70.0,Pequeño (2-3),Budget (<€75)
39826452,97388691,Vizcaya,Bilbao,43.25875,-2.92237,Entire home/apt,191.0,1,17,2025-06-23,0.25,4,76,6,ESFCTU00004802600033266800000000000000000000EBI005904,191.0,Mediano (4-10),Upscale (€180-300)
39888321,208200792,Vizcaya,Bilbao,43.25473,-2.92728,Entire home/apt,189.0,1,191,2025-08-10,2.68,14,321,20,ESFCTU00004827000751121000000000000000000000EBI011912,189.0,Profesional (10+),Upscale (€180-300)
39930017,160412156,Vizcaya,Bilbao,43.26566,-2.91605,Entire home/apt,139.0,1,34,2025-04-18,0.55,45,290,3,ESFCTU00004802600029569700000000000000000000EBI013039,139.0,Profesional (10+),Mid-scale (€120-180)
40048757,11296499,Vizcaya,Bilbao,43.26955,-2.95321,Private room,135.0,1,9,2025-08-08,0.17,16,59,2,,135.0,Profesional (10+),Mid-scale (€120-180)
40321230,46527048,Vizcaya,Bilbao,43.25843,-2.92329,Private room,125.0,1,3,2024-10-11,0.04,6,127,1,Exempt,125.0,Mediano (4-10),Mid-scale (€120-180)
40490635,171851186,Vizcaya,Bilbao,43.26176,-2.93003,Private room,300.0,30,0,,,1,365,0,,300.0,Individual (1),Upscale (€180-300)
40496633,46527048,Vizcaya,Bilbao,43.26013,-2.92668,Private room,78.0,1,12,2025-02-16,0.19,6,107,1,Exempt,78.0,Mediano (4-10),Economy (€75-120)
40562814,104320701,Vizcaya,Bilbao,43.26423,-2.92341,Private room,30.0,1,2,2025-06-22,0.08,2,358,1,,30.0,Pequeño (2-3),Budget (<€75)
40575655,16126315,Vizcaya,Bilbao,43.25914,-2.91756,Entire home/apt,180.0,2,79,2025-09-17,1.15,24,21,9,ESFCTU00004802600034866900000000000000000000EBI013041,180.0,Profesional (10+),Mid-scale (€120-180)
40768283,316068375,Vizcaya,Bilbao,43.25925,-2.92286,Private room,132.0,1,4,2022-08-30,0.06,6,213,0,Exempt,132.0,Mediano (4-10),Mid-scale (€120-180)
40768595,316068375,Vizcaya,Bilbao,43.25943,-2.92301,Private room,132.0,1,47,2025-09-19,0.67,6,219,13,Exempt,132.0,Mediano (4-10),Mid-scale (€120-180)
40769386,316068375,Vizcaya,Bilbao,43.25943,-2.92301,Private room,132.0,1,20,2025-07-30,0.29,6,223,10,Exempt,132.0,Mediano (4-10),Mid-scale (€120-180)
40791636,46527048,Vizcaya,Bilbao,43.26009,-2.92335,Private room,125.0,1,11,2025-05-23,0.19,6,118,1,Exempt,125.0,Mediano (4-10),Mid-scale (€120-180)
40792483,46527048,Vizcaya,Bilbao,43.25987,-2.92121,Private room,130.0,1,104,2025-09-16,1.69,6,117,33,Exempt,130.0,Mediano (4-10),Mid-scale (€120-180)
40792686,46527048,Vizcaya,Bilbao,43.25873,-2.92181,Private room,129.0,1,4,2025-02-28,0.11,6,117,1,Exempt,129.0,Mediano (4-10),Mid-scale (€120-180)
40988341,36543418,Vizcaya,Bilbao,43.25854,-2.93697,Entire home/apt,132.0,2,134,2025-09-26,1.92,1,118,16,ESFCTU00004802700099191600000000000000000000EBI013518,132.0,Individual (1),Mid-scale (€120-180)
41323566,324714616,Vizcaya,Bilbao,43.25595,-2.92189,Entire home/apt,116.0,2,149,2025-08-07,2.31,1,53,15,ESFCTU00004802600021929700000000000000000000EBI011082,116.0,Individual (1),Economy (€75-120)
41344556,324917364,Vizcaya,Bilbao,43.26581,-2.93412,Private room,360.0,2,8,2025-07-13,0.12,2,132,1,ESHFTU00004802200038938100300000000000000000LBI004357,360.0,Pequeño (2-3),Luxury (>€300)
41363542,69923417,Vizcaya,Bilbao,43.25428,-2.9255,Entire home/apt,129.0,2,42,2025-07-30,0.61,18,315,11,TBI023,129.0,Profesional (10+),Mid-scale (€120-180)
41513431,326970596,Vizcaya,Bilbao,43.26325,-2.94832,Entire home/apt,204.0,1,197,2025-09-19,2.87,2,67,31,ESFCTU00004802200008130800000000000000000000EBI009368,204.0,Pequeño (2-3),Upscale (€180-300)
41515914,218526254,Vizcaya,Bilbao,43.2591,-2.93067,Entire home/apt,198.0,1,7,2021-08-02,0.1,2,176,0,EBI01156,198.0,Pequeño (2-3),Upscale (€180-300)
41625267,671397896,Vizcaya,Bilbao,43.25697,-2.94598,Entire home/apt,95.0,1,69,2025-07-28,1.01,53,66,8,ESFCTU00004802700052144100000000000000000000EBI012827,95.0,Profesional (10+),Economy (€75-120)
41640708,82808417,Vizcaya,Bilbao,43.2569876,-2.9229404,Entire home/apt,613.0,2,57,2025-09-24,1.7,1,18,16,,613.0,Individual (1),Luxury (>€300)
41661451,40853483,Vizcaya,Bilbao,43.2568244934082,-2.928169012069702,Entire home/apt,185.0,1,92,2025-08-29,1.88,2,333,28,IB01659,185.0,Pequeño (2-3),Upscale (€180-300)
41800006,245109633,Vizcaya,Bilbao,43.25806,-2.91642,Entire home/apt,173.0,1,19,2025-04-23,0.28,6,116,3,ESFCTU00004802500004692600000000000000000000EBI010883,173.0,Mediano (4-10),Mid-scale (€120-180)
41800988,275934277,Vizcaya,Bilbao,43.26848,-2.9236,Private room,34.0,3,82,2025-09-10,1.32,1,108,17,LBI00499,34.0,Individual (1),Budget (<€75)
41833597,199296518,Vizcaya,Bilbao,43.25773,-2.93293,Private room,53.0,1,434,2025-09-28,6.3,2,59,102,LBI00645,53.0,Pequeño (2-3),Budget (<€75)
41916382,6270792,Vizcaya,Bilbao,43.267464,-2.931291,Entire home/apt,432.0,2,104,2025-08-30,1.74,1,315,12,ESFCTU00004802200029907900000000000000000000EB1015837,432.0,Individual (1),Luxury (>€300)
42002488,187992208,Vizcaya,Bilbao,43.25063,-2.90876,Private room,100.0,2,1,2023-08-14,0.04,2,79,0,,100.0,Pequeño (2-3),Economy (€75-120)
42031783,208200792,Vizcaya,Bilbao,43.25907,-2.92435,Entire home/apt,177.0,1,104,2025-04-19,1.52,14,298,3,ESFCTU00004802600038289200000000000000000000EBI013880,177.0,Profesional (10+),Mid-scale (€120-180)
42112975,287102161,Vizcaya,Bilbao,43.263,-2.94778,Entire home/apt,154.0,2,55,2025-09-17,0.88,2,55,8,EBI-1024,154.0,Pequeño (2-3),Mid-scale (€120-180)
42262401,85246818,Vizcaya,Bilbao,43.25919,-2.9274,Entire home/apt,132.0,1,52,2025-01-30,0.82,47,339,5,EBI1104,132.0,Profesional (10+),Mid-scale (€120-180)
42262797,85246818,Vizcaya,Bilbao,43.27017,-2.92889,Entire home/apt,75.0,1,29,2025-09-12,0.46,47,306,9,EBI00425,75.0,Profesional (10+),Budget (<€75)
42286288,208200792,Vizcaya,Bilbao,43.25604,-2.92726,Entire home/apt,143.0,1,176,2025-08-01,2.65,14,322,29,ESFCTU00004802700088655700000000000000000000EBI011778,143.0,Profesional (10+),Mid-scale (€120-180)
42327034,80682620,Vizcaya,Bilbao,43.26303,-2.92939,Private room,90.0,2,0,,,1,327,0,,90.0,Individual (1),Economy (€75-120)
42500169,338455603,Vizcaya,Bilbao,43.26263,-2.94747,Entire home/apt,218.0,2,159,2025-07-20,2.49,1,96,18,ESFCTU0000480220001017610000000000000000000000EBI6387,218.0,Individual (1),Upscale (€180-300)
42506065,62205707,Vizcaya,Bilbao,43.25179,-2.90157,Private room,18.0,30,0,,,14,303,0,PARA ESTANCIAS DE 1 MES O SUPERIORES NO ES NECESARIA LICENCIA TURISTICA,18.0,Profesional (10+),Budget (<€75)
42798293,28707372,Vizcaya,Bilbao,43.27959,-2.96271,Entire home/apt,131.0,3,99,2025-09-15,1.59,1,19,12,ESFCTU00004802100015135600000000000000000000EBI014065,131.0,Individual (1),Mid-scale (€120-180)
42948455,85246818,Vizcaya,Bilbao,43.25887,-2.92221,Entire home/apt,152.0,1,26,2025-09-08,0.64,47,309,4,EBI01426,152.0,Profesional (10+),Mid-scale (€120-180)
42962700,342070164,Vizcaya,Bilbao,43.25071,-2.94556,Private room,200.0,1,0,,,9,268,0,,200.0,Mediano (4-10),Upscale (€180-300)
42962889,342070164,Vizcaya,Bilbao,43.25102,-2.947,Private room,200.0,1,0,,,9,268,0,,200.0,Mediano (4-10),Upscale (€180-300)
42962968,342070164,Vizcaya,Bilbao,43.25251,-2.9463,Private room,200.0,1,0,,,9,270,0,,200.0,Mediano (4-10),Upscale (€180-300)
42963055,342070164,Vizcaya,Bilbao,43.25073,-2.94708,Private room,200.0,1,0,,,9,268,0,,200.0,Mediano (4-10),Upscale (€180-300)
42963435,342070164,Vizcaya,Bilbao,43.25261,-2.94694,Private room,200.0,1,0,,,9,270,0,,200.0,Mediano (4-10),Upscale (€180-300)
42963529,342070164,Vizcaya,Bilbao,43.25079,-2.94705,Private room,200.0,1,0,,,9,268,0,,200.0,Mediano (4-10),Upscale (€180-300)
42963752,342070164,Vizcaya,Bilbao,43.25288,-2.94627,Private room,200.0,1,0,,,9,270,0,,200.0,Mediano (4-10),Upscale (€180-300)
42963827,342070164,Vizcaya,Bilbao,43.25246,-2.94619,Private room,200.0,1,0,,,9,270,0,,200.0,Mediano (4-10),Upscale (€180-300)
42963879,342070164,Vizcaya,Bilbao,43.25146,-2.94586,Private room,200.0,1,0,,,9,270,0,,200.0,Mediano (4-10),Upscale (€180-300)
43545134,98929360,Vizcaya,Bilbao,43.27836,-2.9578,Entire home/apt,98.0,31,40,2023-08-27,0.64,1,125,0,,98.0,Individual (1),Economy (€75-120)
43546334,101618589,Vizcaya,Bilbao,43.27203,-2.95174,Entire home/apt,130.0,3,13,2021-08-27,0.21,2,89,0,,130.0,Pequeño (2-3),Mid-scale (€120-180)
43574086,28637991,Vizcaya,Bilbao,43.25769,-2.94556,Private room,71.0,4,234,2025-09-16,3.65,2,147,65,ESHFTU00004802700014140300100000000000000000LBI006335,71.0,Pequeño (2-3),Budget (<€75)
43633310,1330627,Vizcaya,Bilbao,43.25836,-2.92877,Entire home/apt,254.0,3,85,2025-09-28,2.19,1,74,33,ESFCTU00004802700079209400000000000000000000EBI004888,254.0,Individual (1),Upscale (€180-300)
43651128,58702874,Vizcaya,Bilbao,43.25894,-2.93603,Entire home/apt,175.0,2,248,2025-09-22,3.9,1,96,53,ESFCTU000048027000752562000000000000000000000EBI01360,175.0,Individual (1),Mid-scale (€120-180)
43688217,146515687,Vizcaya,Bilbao,43.25363,-2.92164,Entire home/apt,123.0,2,37,2025-07-22,0.59,2,49,9,ESFCTU00004802600034763100000000000000000000EBI012083,123.0,Pequeño (2-3),Mid-scale (€120-180)
43734269,271732757,Vizcaya,Bilbao,43.2497,-2.91956,Private room,238.0,1,29,2025-03-24,0.48,4,299,1,H.BI.01233,238.0,Mediano (4-10),Upscale (€180-300)
43734278,271732757,Vizcaya,Bilbao,43.24989,-2.91901,Private room,316.0,1,0,,,4,299,0,H.BI.01233,316.0,Mediano (4-10),Luxury (>€300)
43762382,23028672,Vizcaya,Bilbao,43.25886,-2.94004,Entire home/apt,119.0,1,349,2025-09-28,5.45,4,246,64,ESFCTU00004802700039679700000000000000000000EBI015051,119.0,Mediano (4-10),Economy (€75-120)
43764536,349758604,Vizcaya,Bilbao,43.26138,-2.93623,Entire home/apt,314.0,3,240,2025-09-28,3.8,1,306,21,EBI01502,314.0,Individual (1),Luxury (>€300)
43767828,62205707,Vizcaya,Bilbao,43.26207,-2.9425,Private room,20.0,90,2,2023-06-10,0.05,14,241,0,PARA ESTANCIAS DE 1 MES O SUPERIORES NO ES NECESARIA LICENCIA TURISTICA,20.0,Profesional (10+),Budget (<€75)
43772183,498902500,Vizcaya,Bilbao,43.2562,-2.92429,Entire home/apt,130.0,4,100,2025-09-15,1.85,1,325,24,ESFCTU00004802600053752000000000000000000000EBI013019,130.0,Individual (1),Mid-scale (€120-180)
43773915,253276306,Vizcaya,Bilbao,43.26666,-2.91846,Entire home/apt,93.0,2,83,2025-08-11,1.35,5,115,9,ESFCTU00004802500009553500000000000000000000EBI014706,93.0,Mediano (4-10),Economy (€75-120)
43799365,253276306,Vizcaya,Bilbao,43.26432,-2.95111,Entire home/apt,93.0,2,35,2025-06-19,0.55,5,109,5,ESFCTU00004802200023814600000000000000000000E.BI-9667,93.0,Mediano (4-10),Economy (€75-120)
43815782,54118293,Vizcaya,Bilbao,43.25643,-2.91869,Entire home/apt,82.0,4,168,2025-09-02,2.62,2,255,28,ESFCTU00004802600040424200000000000000000000EBI015710,82.0,Pequeño (2-3),Economy (€75-120)
43826126,9159195,Vizcaya,Bilbao,43.26742,-2.92317,Entire home/apt,134.0,4,66,2025-09-15,1.03,3,255,17,ESFCTU00004802500002326200000000000000000000EBI014483,134.0,Pequeño (2-3),Mid-scale (€120-180)
43896549,253276306,Vizcaya,Bilbao,43.26602,-2.92188,Entire home/apt,93.0,2,122,2025-09-12,1.95,5,120,34,ESFCTU00004802500038080800000000000000000000EBI013228,93.0,Mediano (4-10),Economy (€75-120)
43934175,85246818,Vizcaya,Bilbao,43.26938,-2.92741,Entire home/apt,143.0,1,55,2025-07-13,0.87,47,325,5,EBI01479,143.0,Profesional (10+),Mid-scale (€120-180)
43953168,160412156,Vizcaya,Bilbao,43.26649,-2.92122,Entire home/apt,106.0,1,89,2025-09-13,1.42,45,300,21,ESFCTU00004802500036564500000000000000000000EBI014210,106.0,Profesional (10+),Economy (€75-120)
44001071,11659120,Vizcaya,Bilbao,43.25986,-2.91985,Entire home/apt,215.0,1,152,2025-09-16,2.43,1,99,23,ESFCTU00004802500034269100000000000000000000EBI015381,215.0,Individual (1),Upscale (€180-300)
44069891,294457256,Vizcaya,Bilbao,43.25846,-2.92277,Entire home/apt,311.0,2,18,2025-09-15,0.29,1,282,2,ESFCTV00004802600022396600000000000000000000EBI015323,311.0,Individual (1),Luxury (>€300)
44181718,355500268,Vizcaya,Bilbao,43.26878,-2.92858,Entire home/apt,170.0,2,60,2025-08-17,0.95,16,271,21,ESFCTU00004802600034991800000000000000000000EBI011833,170.0,Profesional (10+),Mid-scale (€120-180)
44211682,356218546,Vizcaya,Bilbao,43.25968,-2.93237,Entire home/apt,175.0,2,26,2025-09-16,0.41,1,287,5,ESFCTU00004802700092813400000000000000000000EBI015422,175.0,Individual (1),Mid-scale (€120-180)
44258630,48009998,Vizcaya,Bilbao,43.25343,-2.93666,Private room,68.0,2,88,2025-09-18,1.41,1,64,42,LBI00604,68.0,Individual (1),Budget (<€75)
44330224,85246818,Vizcaya,Bilbao,43.25874,-2.93917,Entire home/apt,132.0,1,6,2025-03-30,0.13,47,335,3,E.BI-01252,132.0,Profesional (10+),Mid-scale (€120-180)
44330225,85246818,Vizcaya,Bilbao,43.25726,-2.93213,Entire home/apt,132.0,1,10,2025-07-15,0.2,47,1,1,EBI01545,132.0,Profesional (10+),Mid-scale (€120-180)
44389931,48671909,Vizcaya,Bilbao,43.25857,-2.92577,Private room,153.0,1,0,,,7,159,0,Exempt,153.0,Mediano (4-10),Mid-scale (€120-180)
44390174,48671909,Vizcaya,Bilbao,43.2576,-2.92612,Private room,115.0,1,95,2025-08-22,1.8,7,168,3,,115.0,Mediano (4-10),Economy (€75-120)
44390271,48671909,Vizcaya,Bilbao,43.25745,-2.92451,Private room,204.0,1,4,2025-07-14,0.06,7,162,2,,204.0,Mediano (4-10),Upscale (€180-300)
44467529,353038776,Vizcaya,Bilbao,43.25786,-2.92137,Entire home/apt,133.0,1,158,2025-07-13,2.53,11,298,15,ESFCTU00004802600034741900000000000000000000EBI000275,133.0,Profesional (10+),Mid-scale (€120-180)
44470840,287102161,Vizcaya,Bilbao,43.25415,-2.94147,Entire home/apt,119.0,2,34,2025-08-24,0.67,2,82,3,EBI 710,119.0,Pequeño (2-3),Economy (€75-120)
44484406,353038776,Vizcaya,Bilbao,43.26839,-2.92312,Entire home/apt,119.0,1,126,2025-08-28,2.01,11,332,32,ESFCTU00004802500023620400000000000000000000EBI011514,119.0,Profesional (10+),Economy (€75-120)
44487284,359668470,Vizcaya,Bilbao,43.25704,-2.92433,Entire home/apt,122.0,1,219,2025-09-06,3.49,1,277,36,ESFCTU00004802600020579500000000000000000000EBIO15533,122.0,Individual (1),Mid-scale (€120-180)
44519127,10883653,Vizcaya,Bilbao,43.25560397297699,-2.940763153485193,Entire home/apt,79.0,3,4,2025-09-07,0.91,1,353,4,,79.0,Individual (1),Economy (€75-120)
44568148,254094294,Vizcaya,Bilbao,43.25744,-2.92227,Private room,700.0,6,0,,,1,362,0,,700.0,Individual (1),Luxury (>€300)
45006990,264460456,Vizcaya,Bilbao,43.27056,-2.94581,Entire home/apt,139.0,1,100,2025-07-06,1.61,31,0,13,TBI00047,139.0,Profesional (10+),Mid-scale (€120-180)
45007246,264460456,Vizcaya,Bilbao,43.27127,-2.94701,Entire home/apt,131.0,1,263,2025-07-29,4.25,31,0,25,TBI00047,131.0,Profesional (10+),Mid-scale (€120-180)
45007435,264460456,Vizcaya,Bilbao,43.27056,-2.94581,Entire home/apt,146.0,1,81,2025-08-14,1.31,31,0,4,TB000I47,146.0,Profesional (10+),Mid-scale (€120-180)
45007440,264460456,Vizcaya,Bilbao,43.27056,-2.94581,Entire home/apt,141.0,1,191,2025-06-18,3.08,31,0,6,TBI00047,141.0,Profesional (10+),Mid-scale (€120-180)
45007587,264460456,Vizcaya,Bilbao,43.27056,-2.94581,Entire home/apt,130.0,1,28,2025-05-15,0.45,31,0,3,TBI00047,130.0,Profesional (10+),Mid-scale (€120-180)
45007588,264460456,Vizcaya,Bilbao,43.27056,-2.94581,Entire home/apt,127.0,1,103,2025-08-14,1.67,31,0,20,TB000I47,127.0,Profesional (10+),Mid-scale (€120-180)
45007589,264460456,Vizcaya,Bilbao,43.27056,-2.94581,Entire home/apt,133.0,1,81,2025-08-07,1.31,31,0,20,TBI00047,133.0,Profesional (10+),Mid-scale (€120-180)
45007896,264460456,Vizcaya,Bilbao,43.27056,-2.94581,Entire home/apt,129.0,1,145,2025-08-08,2.35,31,0,20,TBI00047,129.0,Profesional (10+),Mid-scale (€120-180)
45109792,364311615,Vizcaya,Bilbao,43.26622,-2.92776,Entire home/apt,91.0,2,58,2025-05-26,1.14,1,280,3,ESFCTU00004802600033566900000000000000000000EBI012654,91.0,Individual (1),Economy (€75-120)
45152151,193947546,Vizcaya,Bilbao,43.25139,-2.91701,Private room,49.0,2,296,2025-08-17,4.78,2,139,35,ESHETUO0004802500027297400100000000000000000LBI005181,49.0,Pequeño (2-3),Budget (<€75)
45198296,365046186,Vizcaya,Bilbao,43.248,-2.91127,Private room,71.0,1,35,2025-07-21,0.78,6,297,5,Exempt,71.0,Mediano (4-10),Budget (<€75)
45322736,16126315,Vizcaya,Bilbao,43.25742,-2.92184,Entire home/apt,220.0,2,247,2025-09-18,4.11,24,114,40,ESFCTU00004802600034866900000000000000000000EBI013471,220.0,Profesional (10+),Upscale (€180-300)
45339573,365046186,Vizcaya,Bilbao,43.24793,-2.91025,Private room,60.0,1,46,2024-05-05,1.04,6,304,0,Exempt,60.0,Mediano (4-10),Budget (<€75)
45339593,365046186,Vizcaya,Bilbao,43.2479,-2.91025,Private room,61.0,1,53,2025-01-03,1.17,6,284,5,Exempt,61.0,Mediano (4-10),Budget (<€75)
45474284,68986095,Vizcaya,Bilbao,43.26941,-2.92929,Private room,72.0,2,14,2025-08-31,0.68,15,304,7,Exempt,72.0,Profesional (10+),Budget (<€75)
45490188,68986095,Vizcaya,Bilbao,43.26941,-2.92929,Private room,109.0,2,13,2025-06-17,0.21,15,291,7,Exempt,109.0,Profesional (10+),Economy (€75-120)
45502640,68986095,Vizcaya,Bilbao,43.26738,-2.92456,Private room,88.0,1,125,2025-09-15,2.04,15,232,19,Exempt,88.0,Profesional (10+),Economy (€75-120)
45503023,68986095,Vizcaya,Bilbao,43.26738,-2.92456,Private room,86.0,1,53,2025-08-20,0.95,15,257,9,Exempt,86.0,Profesional (10+),Economy (€75-120)
45537800,68986095,Vizcaya,Bilbao,43.26765,-2.92539,Private room,82.0,1,127,2025-09-21,2.15,15,286,14,Exempt,82.0,Profesional (10+),Economy (€75-120)
45627036,14585113,Vizcaya,Bilbao,43.24881,-2.91209,Entire home/apt,73.0,2,260,2025-09-14,4.28,1,218,58,EBI01578,73.0,Individual (1),Budget (<€75)
45777451,371120933,Vizcaya,Bilbao,43.25696,-2.92258,Entire home/apt,175.0,2,76,2025-08-12,1.26,1,141,14,ESFCTU00004802600029918300000000000000000000EBI013200,175.0,Individual (1),Mid-scale (€120-180)
45856089,371759663,Vizcaya,Bilbao,43.26178,-2.94377,Private room,67.0,2,148,2025-08-24,2.83,2,41,12,LBI00666,67.0,Pequeño (2-3),Budget (<€75)
45920740,28637991,Vizcaya,Bilbao,43.25705,-2.94487,Private room,120.0,4,24,2025-07-13,0.42,2,184,3,ESHFTU00004802700014140300100000000000000000LBI006335,120.0,Pequeño (2-3),Economy (€75-120)
46043406,15531075,Vizcaya,Bilbao,43.25594,-2.92349,Private room,65.0,2,202,2025-09-11,3.81,2,344,53,ESHFTU00004802600028549000200000000000000000LBI000510,65.0,Pequeño (2-3),Budget (<€75)
46770238,340759599,Vizcaya,Bilbao,43.25369,-2.92023,Entire home/apt,77.0,2,365,2025-09-27,6.66,1,241,64,EBI01608,77.0,Individual (1),Economy (€75-120)
47169358,11296499,Vizcaya,Bilbao,43.26958,-2.95557,Shared room,18.0,1,21,2025-09-07,0.41,16,70,13,,18.0,Profesional (10+),Budget (<€75)
47487582,671397896,Vizcaya,Bilbao,43.25518,-2.92339,Entire home/apt,150.0,1,99,2025-09-11,1.91,53,62,21,ESFCTU00004802600025009200000000000000000000EBI013435,150.0,Profesional (10+),Mid-scale (€120-180)
47738225,160412156,Vizcaya,Bilbao,43.25779,-2.94014,Entire home/apt,124.0,1,26,2025-07-03,0.5,45,322,2,ESFCTU00004802700004518300000000000000000000EBI008329,124.0,Profesional (10+),Mid-scale (€120-180)
47823747,16126315,Vizcaya,Bilbao,43.26649,-2.93332,Entire home/apt,212.0,2,152,2025-09-11,2.71,24,101,34,ESFCTU00004802200031904300000000000000000000EBI015956,212.0,Profesional (10+),Upscale (€180-300)
48038735,245992541,Vizcaya,Bilbao,43.29257,-2.97198,Entire home/apt,143.0,2,40,2025-09-06,0.78,8,71,12,ESFCTU00004802400000731900000000000000000000EBI016160,143.0,Mediano (4-10),Mid-scale (€120-180)
48073517,300961027,Vizcaya,Bilbao,43.25911,-2.92313,Entire home/apt,214.0,2,63,2025-08-20,1.2,2,327,6,ESFCTU00004802600027645000000000000000000000EBI-10545,214.0,Pequeño (2-3),Upscale (€180-300)
48218475,48671909,Vizcaya,Bilbao,43.25683,-2.92426,Private room,131.0,1,6,2025-07-13,0.12,7,166,1,,131.0,Mediano (4-10),Mid-scale (€120-180)
48242507,4743615,Vizcaya,Bilbao,43.27738,-2.95977,Entire home/apt,125.0,2,46,2025-05-16,0.83,4,259,6,ESFCTU00004802400010745300000000000000000000EBI001340,125.0,Mediano (4-10),Mid-scale (€120-180)
48307887,389752536,Vizcaya,Bilbao,43.25751876831055,-2.9284589290618896,Entire home/apt,118.0,2,50,2025-08-26,0.91,1,57,2,ESFCTU000048027000561843000000000000000000000EBI00301,118.0,Individual (1),Economy (€75-120)
48396875,353038776,Vizcaya,Bilbao,43.25419,-2.9331,Entire home/apt,164.0,1,90,2025-08-01,1.69,11,290,14,ESFCTU00004802700024395400000000000000000000EBI016306,164.0,Profesional (10+),Mid-scale (€120-180)
48455897,68986095,Vizcaya,Bilbao,43.26623,-2.92504,Private room,65.0,1,35,2025-09-02,0.64,15,254,8,Exempt,65.0,Profesional (10+),Budget (<€75)
48456688,68986095,Vizcaya,Bilbao,43.26763,-2.92435,Private room,94.0,1,55,2025-08-06,1.06,15,251,2,Exempt,94.0,Profesional (10+),Economy (€75-120)
48460260,68986095,Vizcaya,Bilbao,43.26796,-2.92527,Private room,84.0,1,78,2025-06-13,1.5,15,308,7,Exempt,84.0,Profesional (10+),Economy (€75-120)
48464909,68986095,Vizcaya,Bilbao,43.26825,-2.9236,Private room,83.0,1,61,2025-07-13,1.26,15,267,5,Exempt,83.0,Profesional (10+),Economy (€75-120)
48480651,391252409,Vizcaya,Bilbao,43.25592,-2.94248,Entire home/apt,150.0,3,15,2025-08-01,0.29,1,323,4,ESFCTU00004802700094908500000000000000000000EBI015413,150.0,Individual (1),Mid-scale (€120-180)
48497079,391360714,Vizcaya,Bilbao,43.25905,-2.92322,Entire home/apt,221.0,3,89,2025-09-01,1.72,1,321,13,EBI01577,221.0,Individual (1),Upscale (€180-300)
48686542,353038776,Vizcaya,Bilbao,43.25362,-2.93344,Entire home/apt,153.0,1,35,2025-07-09,0.66,11,311,3,ESFCTU00004802700119873400000000000000000000EBI016340,153.0,Profesional (10+),Mid-scale (€120-180)
48708727,374138888,Vizcaya,Bilbao,43.2678,-2.93289,Entire home/apt,215.0,1,59,2025-08-25,1.08,14,218,6,TBI00051,215.0,Profesional (10+),Upscale (€180-300)
48842497,374138888,Vizcaya,Bilbao,43.26772,-2.93286,Entire home/apt,193.0,1,378,2025-08-28,6.94,14,228,44,TBI00051,193.0,Profesional (10+),Upscale (€180-300)
48992413,395116373,Vizcaya,Bilbao,43.26330244012525,-2.936638884075844,Private room,300.0,2,91,2025-08-17,1.8,1,28,29,LBI00477,300.0,Individual (1),Upscale (€180-300)
49091570,395925496,Vizcaya,Bilbao,43.25893,-2.92329,Private room,90.0,1,30,2025-03-19,0.63,15,118,2,Exempt,90.0,Profesional (10+),Economy (€75-120)
49110710,395925496,Vizcaya,Bilbao,43.25767,-2.92482,Private room,152.0,1,10,2025-08-07,0.2,15,133,3,Exempt,152.0,Profesional (10+),Mid-scale (€120-180)
49123698,395925496,Vizcaya,Bilbao,43.25689,-2.92448,Private room,140.0,1,3,2024-04-27,0.08,15,132,0,Exempt,140.0,Profesional (10+),Mid-scale (€120-180)
49124238,395925496,Vizcaya,Bilbao,43.25881,-2.92262,Private room,132.0,1,3,2023-08-27,0.06,15,126,0,Exempt,132.0,Profesional (10+),Mid-scale (€120-180)
49124348,395925496,Vizcaya,Bilbao,43.25905,-2.92351,Private room,87.0,1,9,2022-11-28,0.18,15,102,0,Exempt,87.0,Profesional (10+),Economy (€75-120)
49124433,395925496,Vizcaya,Bilbao,43.25879,-2.92412,Private room,132.0,1,9,2024-12-24,0.18,15,130,3,Exempt,132.0,Profesional (10+),Mid-scale (€120-180)
49124529,395925496,Vizcaya,Bilbao,43.25754,-2.92428,Private room,132.0,1,1,2023-08-15,0.04,15,128,0,Exempt,132.0,Profesional (10+),Mid-scale (€120-180)
49124692,395925496,Vizcaya,Bilbao,43.25839,-2.92409,Private room,132.0,1,7,2025-02-20,0.19,15,123,2,Exempt,132.0,Profesional (10+),Mid-scale (€120-180)
49124740,395925496,Vizcaya,Bilbao,43.25697,-2.92477,Private room,132.0,1,42,2025-08-02,0.82,15,124,6,Exempt,132.0,Profesional (10+),Mid-scale (€120-180)
49124787,395925496,Vizcaya,Bilbao,43.25719,-2.92421,Private room,159.0,1,1,2023-03-12,0.03,15,134,0,Exempt,159.0,Profesional (10+),Mid-scale (€120-180)
49475248,399022042,Vizcaya,Bilbao,43.25733,-2.94009,Entire home/apt,239.0,1,65,2025-07-25,1.23,1,334,5,ESFCTU00004802700036295200000000000000000000EBI015828,239.0,Individual (1),Upscale (€180-300)
49733720,371064594,Vizcaya,Bilbao,43.25699,-2.91557,Private room,72.0,2,209,2025-09-15,4.42,2,5,30,LBI00500,72.0,Pequeño (2-3),Budget (<€75)
49929079,8725877,Vizcaya,Bilbao,43.25927,-2.92559,Entire home/apt,325.0,4,223,2025-09-21,4.35,1,242,52,EBI01668,325.0,Individual (1),Luxury (>€300)
49970926,59903471,Vizcaya,Bilbao,43.25843,-2.93417,Entire home/apt,93.0,2,322,2025-09-29,6.12,2,63,72,ESFCTU00004802700084918700000000000000000000EBI016467,93.0,Pequeño (2-3),Economy (€75-120)
50015547,193947546,Vizcaya,Bilbao,43.25287,-2.91563,Private room,57.0,2,266,2025-09-14,5.05,2,139,44,ESHFTUO0004802500027297400100000000000000000LBI005181,57.0,Pequeño (2-3),Budget (<€75)
50142732,404643457,Vizcaya,Bilbao,43.26723,-2.92492,Entire home/apt,155.0,1,146,2025-09-08,2.8,1,307,15,ESFCTU00004802500051894200000000000000000000EBI015507,155.0,Individual (1),Mid-scale (€120-180)
50161754,374138888,Vizcaya,Bilbao,43.254631,-2.927939,Entire home/apt,116.0,1,126,2025-09-13,2.42,14,235,32,TBI00052,116.0,Profesional (10+),Economy (€75-120)
50162359,374138888,Vizcaya,Bilbao,43.254631,-2.927939,Entire home/apt,150.0,1,60,2025-08-29,1.15,14,143,8,TBI00052,150.0,Profesional (10+),Mid-scale (€120-180)
50164692,374138888,Vizcaya,Bilbao,43.254631,-2.927939,Entire home/apt,177.0,1,268,2025-09-05,5.14,14,235,38,TBI00052,177.0,Profesional (10+),Mid-scale (€120-180)
50304627,64785246,Vizcaya,Bilbao,43.26172,-2.93825,Private room,52.0,2,127,2025-09-23,2.47,3,206,25,EBI00472,52.0,Pequeño (2-3),Budget (<€75)
50358525,64785246,Vizcaya,Bilbao,43.26111,-2.93815,Private room,52.0,2,142,2025-09-21,2.78,3,212,24,EBI00472,52.0,Pequeño (2-3),Budget (<€75)
50358706,64785246,Vizcaya,Bilbao,43.26184,-2.93732,Private room,96.0,2,35,2025-08-23,0.69,3,194,9,EBI00472,96.0,Pequeño (2-3),Economy (€75-120)
50437290,150809814,Vizcaya,Bilbao,43.25512,-2.91484,Entire home/apt,147.0,2,152,2025-08-27,2.97,4,277,9,ESFCTU00004802500051035900000000000000000000EBI016782,147.0,Mediano (4-10),Mid-scale (€120-180)
50581068,408288773,Vizcaya,Bilbao,43.24843,-2.92096,Entire home/apt,179.0,1,31,2023-02-28,0.61,9,253,0,TBI00011,179.0,Mediano (4-10),Mid-scale (€120-180)
50582531,408288773,Vizcaya,Bilbao,43.24889,-2.91938,Entire home/apt,150.0,1,35,2025-07-06,0.7,9,259,4,TBI00011,150.0,Mediano (4-10),Mid-scale (€120-180)
50582693,408288773,Vizcaya,Bilbao,43.24966,-2.92043,Entire home/apt,176.0,1,28,2023-11-30,0.6,9,253,0,TBI00011,176.0,Mediano (4-10),Mid-scale (€120-180)
50582901,408288773,Vizcaya,Bilbao,43.25028,-2.91949,Entire home/apt,186.0,1,61,2025-05-26,1.2,9,253,1,TBI00011,186.0,Mediano (4-10),Upscale (€180-300)
50595288,134667253,Vizcaya,Bilbao,43.24888,-2.93366,Private room,66.0,1,14,2025-09-14,0.33,3,179,6,,66.0,Pequeño (2-3),Budget (<€75)
50665183,408892085,Vizcaya,Bilbao,43.25907,-2.93398,Entire home/apt,123.0,3,87,2025-08-29,1.71,1,102,18,ESFCTU00004802700014349000000000000000000000EBI016751,123.0,Individual (1),Mid-scale (€120-180)
50760541,410221598,Vizcaya,Bilbao,43.2555537,-2.9229179,Entire home/apt,235.0,3,80,2025-09-08,1.59,2,118,10,ESFCTU00004802600033079400000000000000000000EBI014409,235.0,Pequeño (2-3),Upscale (€180-300)
50788471,407554882,Vizcaya,Bilbao,43.268822,-2.929004,Entire home/apt,178.0,2,39,2025-09-10,0.78,1,206,7,ESFCTU00004802600025433500000000000000000000EBI016126,178.0,Individual (1),Mid-scale (€120-180)
50881944,411406571,Vizcaya,Bilbao,43.249,-2.9211,Private room,79.0,1,137,2025-09-07,2.69,1,14,26,,79.0,Individual (1),Economy (€75-120)
50891777,411487047,Vizcaya,Bilbao,43.26102,-2.90404,Private room,59.0,1,21,2025-08-10,0.42,1,234,4,,59.0,Individual (1),Budget (<€75)
50986940,85246818,Vizcaya,Bilbao,43.25814,-2.92005,Entire home/apt,144.0,1,58,2025-06-02,1.14,47,343,13,EBI01604,144.0,Profesional (10+),Mid-scale (€120-180)
51007787,412491751,Vizcaya,Bilbao,43.26018,-2.93262,Entire home/apt,164.0,1,70,2025-06-12,1.37,1,332,4,ESFCTU00004802700053552300000000000000000000EBI015862,164.0,Individual (1),Mid-scale (€120-180)
51048901,334127164,Vizcaya,Bilbao,43.27113,-2.9463,Entire home/apt,145.0,5,27,2025-08-29,0.99,1,18,9,LBI00721,145.0,Individual (1),Mid-scale (€120-180)
51117414,32859491,Vizcaya,Bilbao,43.25998,-2.93909,Private room,59.0,2,294,2025-09-12,6.13,2,337,71,ESHFTU00004802700056177500200000000000000000LBI005892,59.0,Pequeño (2-3),Budget (<€75)
51164399,937934,Vizcaya,Bilbao,43.25714,-2.93709,Private room,95.0,2,227,2025-09-26,4.45,3,162,73,ESHFTU00004802700020039100100000000000000000LBI004944,95.0,Pequeño (2-3),Economy (€75-120)
51184783,937934,Vizcaya,Bilbao,43.25618,-2.93793,Private room,95.0,2,180,2025-09-23,3.58,3,181,35,ESHFTU00004802700020039100200000000000000000LBI004943,95.0,Pequeño (2-3),Economy (€75-120)
51213115,264460456,Vizcaya,Bilbao,43.25644,-2.94604,Private room,52.0,1,30,2025-09-07,0.59,31,170,3,TBI00675,52.0,Profesional (10+),Budget (<€75)
51213284,264460456,Vizcaya,Bilbao,43.25644,-2.94604,Private room,51.0,1,26,2025-08-11,0.53,31,170,3,TBI00675,51.0,Profesional (10+),Budget (<€75)
51213835,264460456,Vizcaya,Bilbao,43.25644,-2.94604,Private room,63.0,1,41,2025-07-17,0.82,31,217,13,TBI00675,63.0,Profesional (10+),Budget (<€75)
51221602,399941727,Vizcaya,Bilbao,43.25319,-2.93156,Entire home/apt,130.0,1,108,2025-09-19,2.12,2,117,17,EBI01679,130.0,Pequeño (2-3),Mid-scale (€120-180)
51273810,264460456,Vizcaya,Bilbao,43.25644,-2.94604,Private room,59.0,1,13,2025-03-06,0.26,31,167,3,TBI00675,59.0,Profesional (10+),Budget (<€75)
51274022,264460456,Vizcaya,Bilbao,43.25644,-2.94604,Private room,55.0,1,26,2025-09-09,0.51,31,214,8,TBI00675,55.0,Profesional (10+),Budget (<€75)
51274137,264460456,Vizcaya,Bilbao,43.25644,-2.94604,Private room,52.0,1,28,2025-09-11,0.56,31,220,12,TBI00675,52.0,Profesional (10+),Budget (<€75)
51274219,264460456,Vizcaya,Bilbao,43.25644,-2.94604,Private room,48.0,1,10,2025-03-04,0.21,31,216,2,TBI00675,48.0,Profesional (10+),Budget (<€75)
51320013,205080529,Vizcaya,Bilbao,43.26164,-2.89891,Private room,14.0,90,1,2024-12-22,0.11,3,242,1,,14.0,Pequeño (2-3),Budget (<€75)
51420300,416451675,Vizcaya,Bilbao,43.26520538330078,-2.944247007369995,Entire home/apt,188.0,1,36,2025-08-29,0.72,1,99,4,ESFCTU00004802200002426800000000000000000000EBI008059,188.0,Individual (1),Upscale (€180-300)
51437647,534780077,Vizcaya,Bilbao,43.26070022583008,-2.934912919998169,Entire home/apt,179.0,1,85,2025-09-13,1.69,5,307,11,EBI01699,179.0,Mediano (4-10),Mid-scale (€120-180)
51596290,208200792,Vizcaya,Bilbao,43.25775,-2.93122,Entire home/apt,254.0,1,143,2025-08-06,2.86,14,306,16,ESFCTU00004802700081053800000000000000000000EBI013549,254.0,Profesional (10+),Upscale (€180-300)
51737376,254392009,Vizcaya,Bilbao,43.25531,-2.92304,Entire home/apt,133.0,2,46,2025-08-03,0.95,5,221,8,ESFCTU00004802600038598500000000000000000000EBI006543,133.0,Mediano (4-10),Mid-scale (€120-180)
51955286,152745470,Vizcaya,Bilbao,43.27343,-2.94894,Entire home/apt,176.0,5,20,2024-09-22,0.41,5,45,0,TBI00029.,176.0,Mediano (4-10),Mid-scale (€120-180)
52099590,371759663,Vizcaya,Bilbao,43.26352,-2.94302,Private room,48.0,2,108,2025-08-31,2.22,2,12,17,,48.0,Pequeño (2-3),Budget (<€75)
52274541,253276306,Vizcaya,Bilbao,43.26462,-2.91582,Entire home/apt,85.0,2,68,2025-08-13,1.46,5,97,9,ESFCTU00004802500004878400000000000000000000EBI009164,85.0,Mediano (4-10),Economy (€75-120)
52292375,423245920,Vizcaya,Bilbao,43.25878,-2.92597,Entire home/apt,171.0,1,71,2025-09-09,1.47,1,321,13,ESFCTU00004802600021720000000000000000000000282008152,171.0,Individual (1),Mid-scale (€120-180)
52520933,196332886,Vizcaya,Bilbao,43.26774597167969,-2.922266960144043,Entire home/apt,137.0,2,166,2025-09-27,3.43,5,338,26,ESFCTU00004802500001439000000000000000000000EBI017141,137.0,Mediano (4-10),Mid-scale (€120-180)
52663004,87729988,Vizcaya,Bilbao,43.25583,-2.90049,Private room,26.0,1,199,2025-09-21,4.52,2,106,58,ESHFTU00004802500039201600300000000000000000LBI005042,26.0,Pequeño (2-3),Budget (<€75)
52754589,427084522,Vizcaya,Bilbao,43.25759,-2.91806,Entire home/apt,300.0,2,1,2023-07-09,0.04,1,55,0,ESFCTU00004802500007916000000000000000000000EBI015075,300.0,Individual (1),Upscale (€180-300)
52783831,7666158,Vizcaya,Bilbao,43.25288,-2.93157,Entire home/apt,96.0,2,33,2025-09-20,0.69,1,359,12,,96.0,Individual (1),Economy (€75-120)
52877161,428103045,Vizcaya,Bilbao,43.26071,-2.93514,Entire home/apt,158.0,4,59,2025-08-31,1.26,1,27,13,EBI 01405,158.0,Individual (1),Mid-scale (€120-180)
52910283,428350814,Vizcaya,Bilbao,43.25566,-2.93618,Entire home/apt,110.0,2,277,2025-09-25,5.83,1,98,70,ESFCTU00004802700055034200000000000000000000EBI017299,110.0,Individual (1),Economy (€75-120)
53029302,425918272,Vizcaya,Bilbao,43.25727,-2.92352,Private room,83.0,2,72,2025-08-20,1.6,3,70,4,LBI00501,83.0,Pequeño (2-3),Economy (€75-120)
53064130,425918272,Vizcaya,Bilbao,43.25691,-2.92323,Private room,81.0,2,26,2023-07-02,0.58,3,64,0,LBI00501,81.0,Pequeño (2-3),Economy (€75-120)
53065171,425918272,Vizcaya,Bilbao,43.25724,-2.92194,Private room,74.0,2,45,2025-07-11,1.06,3,72,1,LBI00501,74.0,Pequeño (2-3),Budget (<€75)
53145650,37479065,Vizcaya,Bilbao,43.26594,-2.93472,Private room,112.0,2,65,2025-09-09,1.39,2,37,24,ESHFTU00004802200022423100200000000000000000LBI004800,112.0,Pequeño (2-3),Economy (€75-120)
53217985,430850650,Vizcaya,Bilbao,43.26799,-2.91634,Entire home/apt,97.0,2,53,2025-08-29,1.14,1,250,7,ESFCTU00004802500012627700000000000000000000EBI017514,97.0,Individual (1),Economy (€75-120)
53246129,16126315,Vizcaya,Bilbao,43.26298,-2.94075,Entire home/apt,273.0,2,174,2025-09-15,3.75,24,78,34,ESFCTU00004802200029730300000000000000000000EBI017132,273.0,Profesional (10+),Upscale (€180-300)
53259888,431177122,Vizcaya,Bilbao,43.258408,-2.922315,Entire home/apt,443.0,1,0,,,1,364,0,E.BI-953,443.0,Individual (1),Luxury (>€300)
53369283,353038776,Vizcaya,Bilbao,43.268,-2.93171,Entire home/apt,257.0,1,100,2025-08-14,2.13,11,300,20,ESFCTU00004802200000371300000000000000000000EBI017497,257.0,Profesional (10+),Upscale (€180-300)
53509821,433298523,Vizcaya,Bilbao,43.256813,-2.923429,Entire home/apt,131.0,2,91,2025-09-11,2.04,1,39,18,ESFCTU00004802600029648900000000000000000000EBI017785,131.0,Individual (1),Mid-scale (€120-180)
53586499,433960491,Vizcaya,Bilbao,43.2583122253418,-2.9280788898468018,Entire home/apt,219.0,2,97,2025-09-27,2.22,1,75,19,ESFCTU00004802700045084000000000000000000000EBI014900,219.0,Individual (1),Upscale (€180-300)
53605927,671397896,Vizcaya,Bilbao,43.25257,-2.91304,Entire home/apt,90.0,1,34,2025-08-09,0.74,53,40,12,ESFCTU00004802500015529100000000000000000000EBI011664,90.0,Profesional (10+),Economy (€75-120)
53610340,218182143,Vizcaya,Bilbao,43.256634,-2.9228,Entire home/apt,144.0,2,104,2024-08-08,2.24,2,236,0,ESFCTU00004802600022508300000000000000000000EBI017169,144.0,Pequeño (2-3),Mid-scale (€120-180)
53819860,671397896,Vizcaya,Bilbao,43.25663,-2.92313,Entire home/apt,135.0,1,144,2025-09-15,3.16,53,56,34,ESFCTU00004802600025996500000000000000000000EBI016090,135.0,Profesional (10+),Mid-scale (€120-180)
53819987,27570356,Vizcaya,Bilbao,43.2582,-2.92802,Entire home/apt,196.0,1,49,2025-09-06,1.07,4,90,11,ESFCTU00004802700043649300000000000000000000EBI007368,196.0,Mediano (4-10),Upscale (€180-300)
53928917,358826319,Vizcaya,Bilbao,43.25744,-2.92367,Entire home/apt,134.0,1,60,2025-08-28,1.35,4,298,10,ESFCTU00004802600028389200000000000000000000EBI002556,134.0,Mediano (4-10),Mid-scale (€120-180)
53961443,436735790,Vizcaya,Bilbao,43.256634,-2.926616,Entire home/apt,505.0,2,59,2025-08-27,1.36,1,27,11,ESFCTU00004802700084137200000000000000000000EBI016113,505.0,Individual (1),Luxury (>€300)
54012421,437652561,Vizcaya,Bilbao,43.25909,-2.92215,Private room,97.0,2,100,2025-09-25,2.25,1,75,22,LBI00444,97.0,Individual (1),Economy (€75-120)
54149167,438984240,Vizcaya,Bilbao,43.26824,-2.92178,Entire home/apt,87.0,3,197,2025-09-11,4.39,4,314,35,EBI011416,87.0,Mediano (4-10),Economy (€75-120)
54160853,439100822,Vizcaya,Bilbao,43.2548212,-2.9318723,Entire home/apt,112.0,2,36,2025-03-09,0.82,1,80,2,E.BI-893,112.0,Individual (1),Economy (€75-120)
54175151,438984240,Vizcaya,Bilbao,43.26538,-2.91501,Entire home/apt,85.0,3,143,2025-09-20,3.17,4,316,29,EBI01526,85.0,Mediano (4-10),Economy (€75-120)
54284841,440262740,Vizcaya,Bilbao,43.254765,-2.930754,Entire home/apt,98.0,2,31,2025-08-01,0.73,1,22,7,EBI01170,98.0,Individual (1),Economy (€75-120)
544675877806694310,54118293,Vizcaya,Bilbao,43.25614929199219,-2.919174909591675,Entire home/apt,85.0,4,144,2025-08-02,3.22,2,199,31,ESFCTU00004802600033740300000000000000000000EBI017633,85.0,Pequeño (2-3),Economy (€75-120)
548343073121792703,32149531,Vizcaya,Bilbao,43.25501,-2.9255,Entire home/apt,150.0,2,189,2025-09-01,4.3,1,165,40,ESFCTU00004802700053228700000000000000000000EBI007649,150.0,Individual (1),Mid-scale (€120-180)
557927043262872031,444181977,Vizcaya,Bilbao,43.25882,-2.926159,Entire home/apt,98.0,2,30,2025-08-13,0.77,2,39,7,ESFCTU00004802600025150100000000000000000000EBI017835,98.0,Pequeño (2-3),Economy (€75-120)
557930321024042580,444181977,Vizcaya,Bilbao,43.25882,-2.926159,Entire home/apt,122.0,2,16,2025-05-25,0.38,2,39,3,ESFCTU00004802600025150100000000000000000000EBI017835,122.0,Pequeño (2-3),Mid-scale (€120-180)
558652639225073363,322682146,Vizcaya,Bilbao,43.2598,-2.91907,Entire home/apt,128.0,2,192,2025-09-27,4.63,2,144,41,ESFCTU00004802600029614400000000000000000000EBI018490,128.0,Pequeño (2-3),Mid-scale (€120-180)
560775066163426733,95263190,Vizcaya,Bilbao,43.258018,-2.919128,Entire home/apt,114.0,1,90,2025-09-12,2.1,1,94,11,ESFCTU00004802600031778800000000000000000000EBI017910,114.0,Individual (1),Economy (€75-120)
564442078400323535,180374961,Vizcaya,Bilbao,43.2575,-2.92068,Entire home/apt,247.0,2,23,2025-08-24,0.55,3,152,7,ESFCTU00004802600050562800000000000000000000EBI017967,247.0,Pequeño (2-3),Upscale (€180-300)
567844350431637200,446286437,Vizcaya,Bilbao,43.26378,-2.93344,Entire home/apt,195.0,1,72,2025-08-27,1.67,1,298,12,ESFCTU00004802200026905800000000000000000000EBI017356,195.0,Individual (1),Upscale (€180-300)
568055438949201587,176952064,Vizcaya,Bilbao,43.2613936,-2.8977594,Entire home/apt,73.0,4,11,2025-08-22,1.11,1,249,11,ESFCTU00004802500062586200000000000000000000EBI033044,73.0,Individual (1),Budget (<€75)
568741168719846355,444526884,Vizcaya,Bilbao,43.28225,-2.95999,Entire home/apt,87.0,2,85,2025-09-25,1.96,1,32,31,ESFCTU00004802400010997600000000000000000000EBI017923,87.0,Individual (1),Economy (€75-120)
574284308548974126,447573732,Vizcaya,Bilbao,43.25834,-2.92232,Entire home/apt,155.0,1,84,2025-08-21,2.0,1,336,14,ESFCTU00004802600035783800000000000000000000EBI017507,155.0,Individual (1),Mid-scale (€120-180)
574733359128188199,227134619,Vizcaya,Bilbao,43.26826,-2.92853,Private room,74.0,1,79,2025-09-12,1.83,5,341,37,Exempt,74.0,Mediano (4-10),Budget (<€75)
575807630342768083,448011305,Vizcaya,Bilbao,43.25494,-2.939433,Entire home/apt,200.0,1,54,2025-08-12,1.26,1,93,21,ESFCTU00004802700058173500000000000000000000EBI012782,200.0,Individual (1),Upscale (€180-300)
575894711947987492,227134619,Vizcaya,Bilbao,43.26796,-2.92841,Private room,83.0,1,103,2025-09-14,2.38,5,332,31,Exempt,83.0,Mediano (4-10),Economy (€75-120)
575949764918181466,227134619,Vizcaya,Bilbao,43.26767,-2.92843,Private room,72.0,1,43,2025-08-27,0.99,5,349,23,Exempt,72.0,Mediano (4-10),Budget (<€75)
575967946752363061,227134619,Vizcaya,Bilbao,43.26943,-2.9287,Private room,72.0,1,46,2025-08-12,1.07,5,350,16,Exempt,72.0,Mediano (4-10),Budget (<€75)
578071586710286039,448569302,Vizcaya,Bilbao,43.258446,-2.925886,Entire home/apt,233.0,2,152,2025-09-11,3.6,2,278,28,ESFCTU00004802600048777100000000000000000000EBI009564,233.0,Pequeño (2-3),Upscale (€180-300)
578962053269874539,448782289,Vizcaya,Bilbao,43.27491,-2.95932,Entire home/apt,118.0,2,279,2025-09-14,6.49,2,31,70,EBI01794,118.0,Pequeño (2-3),Economy (€75-120)
579592897528741519,448920237,Vizcaya,Bilbao,43.25634,-2.92427,Entire home/apt,105.0,1,59,2025-09-04,1.39,1,61,15,ESFCTU00004802600024214100000000000000000000EBI012014,105.0,Individual (1),Economy (€75-120)
584624340733697855,16126315,Vizcaya,Bilbao,43.2677,-2.93038,Entire home/apt,187.0,2,129,2025-09-21,3.14,24,101,31,ESFCTU00004802200037566700000000000000000000EBI008082,187.0,Profesional (10+),Upscale (€180-300)
586080435651883700,671397896,Vizcaya,Bilbao,43.26468,-2.93497,Entire home/apt,139.0,1,86,2025-09-14,2.04,53,61,24,ESFCTU00004802200048467300000000000000000000EBI005546,139.0,Profesional (10+),Mid-scale (€120-180)
587488125563393060,152745470,Vizcaya,Bilbao,43.27149,-2.94887,Entire home/apt,133.0,5,27,2025-08-02,0.64,5,45,6,TBI00029,133.0,Mediano (4-10),Mid-scale (€120-180)
588439673535400945,450672467,Vizcaya,Bilbao,43.267895,-2.920789,Shared room,17.0,1,52,2025-08-26,1.48,8,279,28,Exempt,17.0,Mediano (4-10),Budget (<€75)
588445722297669704,450672467,Vizcaya,Bilbao,43.267918,-2.920778,Shared room,17.0,1,11,2025-05-27,0.52,8,332,5,Exempt,17.0,Mediano (4-10),Budget (<€75)
588447931651498397,450672467,Vizcaya,Bilbao,43.267921,-2.920773,Shared room,18.0,1,12,2025-09-13,0.33,8,286,10,Exempt,18.0,Mediano (4-10),Budget (<€75)
588449692525607636,450672467,Vizcaya,Bilbao,43.26791,-2.920767,Private room,52.0,2,8,2023-08-29,0.2,8,323,0,Exempt,52.0,Mediano (4-10),Budget (<€75)
588452184013723175,450672467,Vizcaya,Bilbao,43.267929,-2.920757,Private room,58.0,2,35,2025-09-08,0.86,8,321,13,Exempt,58.0,Mediano (4-10),Budget (<€75)
588891384003874397,354981059,Vizcaya,Bilbao,43.27956,-2.9639,Entire home/apt,186.0,2,77,2025-09-14,1.81,1,174,31,ESFCTU00004802100029152600000000000000000000EBI018173,186.0,Individual (1),Upscale (€180-300)
589488688980551170,69923417,Vizcaya,Bilbao,43.25429,-2.92605,Entire home/apt,206.0,2,49,2025-08-17,1.18,18,135,8,TBI023,206.0,Profesional (10+),Upscale (€180-300)
592625629139522543,451645098,Vizcaya,Bilbao,43.26992,-2.948089,Entire home/apt,180.0,2,35,2025-08-27,1.29,2,62,12,ESFCTU00004802100004689800000000000000000000EBI022019,180.0,Pequeño (2-3),Mid-scale (€120-180)
593094111075106633,451750172,Vizcaya,Bilbao,43.255039,-2.931585,Entire home/apt,151.0,1,139,2025-09-11,3.31,2,312,41,ESFCTU000048027000487709000000000000000000000EBI10315,151.0,Pequeño (2-3),Mid-scale (€120-180)
593641947263067954,178841567,Vizcaya,Bilbao,43.25556,-2.94442,Entire home/apt,125.0,2,107,2025-09-23,2.52,1,235,13,ESFCTU00004802700089926700000000000000000000EBI018274,125.0,Individual (1),Mid-scale (€120-180)
594014637544486666,671397896,Vizcaya,Bilbao,43.26325,-2.94212,Entire home/apt,176.0,1,47,2025-08-30,1.12,53,5,17,EBI01773,176.0,Profesional (10+),Mid-scale (€120-180)
594694527567717867,353038776,Vizcaya,Bilbao,43.260887,-2.945728,Entire home/apt,214.0,1,68,2025-09-07,1.63,11,324,21,ESFCTU00004802200013679400000000000000000000EBI018353,214.0,Profesional (10+),Upscale (€180-300)
597065812936950086,97388691,Vizcaya,Bilbao,43.256,-2.92094,Entire home/apt,301.0,1,14,2025-08-09,0.33,4,64,4,ESFCTU00004802600028624400000000000000000000EBI014249,301.0,Mediano (4-10),Luxury (>€300)
597084708013810181,32859491,Vizcaya,Bilbao,43.26013,-2.93766,Private room,51.0,2,305,2025-09-15,7.19,2,328,77,ESHFTU00004802700056177500200000000000000000LBI005892,51.0,Pequeño (2-3),Budget (<€75)
602162858684392498,134385122,Vizcaya,Bilbao,43.26649,-2.95528,Entire home/apt,147.0,2,113,2025-08-21,3.68,3,123,16,EBI0000,147.0,Pequeño (2-3),Mid-scale (€120-180)
602794956163454764,4723100,Vizcaya,Bilbao,43.26630401611328,-2.921797037124634,Entire home/apt,90.0,1,69,2025-09-24,1.67,16,157,20,ESFCTU00004802500005628400000000000000000000EBI017583,90.0,Profesional (10+),Economy (€75-120)
602941040714340905,453840475,Vizcaya,Bilbao,43.25102,-2.92262,Entire home/apt,84.0,2,4,2025-05-29,0.11,1,299,1,ESFCTU00004802700098338600000000000000000000EBI012728,84.0,Individual (1),Economy (€75-120)
603259570797948759,453903081,Vizcaya,Bilbao,43.265750885009766,-2.9346859455108643,Entire home/apt,126.0,1,68,2025-08-15,1.68,2,57,18,ESFCTU00004802200031289100000000000000000000TBI000548,126.0,Pequeño (2-3),Mid-scale (€120-180)
603276676640592503,453903081,Vizcaya,Bilbao,43.265750885009766,-2.9346859455108643,Entire home/apt,101.0,1,14,2025-06-23,0.37,2,41,4,ESFCTU00004802200031289100000000000000000000TBI000548,101.0,Pequeño (2-3),Economy (€75-120)
603496726035223217,37213806,Vizcaya,Bilbao,43.25012,-2.92082,Private room,45.0,2,128,2025-09-15,3.04,1,339,37,,45.0,Individual (1),Budget (<€75)
605114365558163082,671397896,Vizcaya,Bilbao,43.25751,-2.92474,Entire home/apt,85.0,1,55,2025-09-12,1.36,53,45,19,ESFCTU00004802600033322100000000000000000000EBI015947,85.0,Profesional (10+),Economy (€75-120)
609112509102629117,85246818,Vizcaya,Bilbao,43.27179,-2.94216,Entire home/apt,132.0,1,35,2025-08-18,0.84,47,337,7,ESFCTU00004802100027986900000000000000000000EBI016809,132.0,Profesional (10+),Mid-scale (€120-180)
609463972457770167,455227826,Vizcaya,Bilbao,43.25118,-2.9431,Private room,58.0,2,64,2025-09-23,1.54,2,84,10,,58.0,Pequeño (2-3),Budget (<€75)
609858894744326101,129230780,Vizcaya,Bilbao,43.27229,-2.95685,Entire home/apt,1413.0,1,2,2022-09-23,0.05,1,363,0,,1413.0,Individual (1),Luxury (>€300)
610537351141209027,455446696,Vizcaya,Bilbao,43.265884,-2.92216,Entire home/apt,260.0,1,123,2025-09-25,3.19,1,188,52,EBI-297,260.0,Individual (1),Upscale (€180-300)
610988420488509164,134667253,Vizcaya,Bilbao,43.24898,-2.93315,Private room,66.0,1,28,2025-05-24,0.71,3,179,1,,66.0,Pequeño (2-3),Budget (<€75)
611006841578947325,134667253,Vizcaya,Bilbao,43.2511,-2.93437,Private room,66.0,1,19,2025-08-20,0.47,3,178,3,,66.0,Pequeño (2-3),Budget (<€75)
611329695463654493,259930169,Vizcaya,Bilbao,43.257057189941406,-2.9252970218658447,Entire home/apt,122.0,2,198,2025-09-19,4.83,2,330,47,ESFCTU00004802600033524900000000000000000000EBI018773,122.0,Pequeño (2-3),Mid-scale (€120-180)
612354272489819210,62205707,Vizcaya,Bilbao,43.25432,-2.92201,Private room,18.0,90,0,,,14,91,0,,18.0,Profesional (10+),Budget (<€75)
612670142854479195,13843849,Vizcaya,Bilbao,43.267772960026285,-2.9387628414902154,Private room,1106.0,1,0,,,1,365,0,,1106.0,Individual (1),Luxury (>€300)
613823132782303046,456191010,Vizcaya,Bilbao,43.264755,-2.933105,Entire home/apt,212.0,2,37,2025-09-05,0.95,2,267,12,EBI01576,212.0,Pequeño (2-3),Upscale (€180-300)
615111422628917465,453339933,Vizcaya,Bilbao,43.2412223815918,-2.922461986541748,Private room,72.0,1,78,2025-09-10,1.87,2,15,1,,72.0,Pequeño (2-3),Budget (<€75)
626705364334269159,349009682,Vizcaya,Bilbao,43.25898,-2.92699,Entire home/apt,198.0,2,104,2025-09-14,2.65,2,204,25,ESFCTU00004802600025412000000000000000000000  EBI 01449,198.0,Pequeño (2-3),Upscale (€180-300)
628643665646281111,459503437,Vizcaya,Bilbao,43.267731,-2.92157,Entire home/apt,131.0,2,47,2025-07-24,1.17,1,211,7,EBI01856,131.0,Individual (1),Mid-scale (€120-180)
634034601131599473,352654621,Vizcaya,Bilbao,43.26055,-2.91914,Entire home/apt,89.0,2,152,2025-09-05,3.73,1,326,33,ESFCTU00004802600024467100000000000000000000EBI018535,89.0,Individual (1),Economy (€75-120)
637612144677613806,10776801,Vizcaya,Bilbao,43.26007,-2.93723,Entire home/apt,256.0,1,59,2025-07-15,1.49,3,108,16,EBI01917,256.0,Pequeño (2-3),Upscale (€180-300)
638021829432267508,208200792,Vizcaya,Bilbao,43.256977,-2.940125,Entire home/apt,251.0,1,63,2025-08-24,1.55,14,280,13,ESFCTU00004802700067268600000000000000000000EBI017820,251.0,Profesional (10+),Upscale (€180-300)
638142616519559576,671397896,Vizcaya,Bilbao,43.25769,-2.92253,Entire home/apt,151.0,1,105,2025-09-08,2.6,53,66,23,ESFCTU00004802600030296800000000000000000000EBI018898,151.0,Profesional (10+),Mid-scale (€120-180)
639908574419547812,462095451,Vizcaya,Bilbao,43.2704288,-2.9414428,Entire home/apt,238.0,2,14,2025-08-18,0.35,1,55,4,ESFCTU00004802100027927200000000000000000000EBI018900,238.0,Individual (1),Upscale (€180-300)
641707646366551938,354795452,Vizcaya,Bilbao,43.255,-2.92936,Entire home/apt,148.0,2,70,2025-09-17,1.79,2,79,19,ESFCTU00004802700060435900000000000000000000EBI019239,148.0,Pequeño (2-3),Mid-scale (€120-180)
643177982126777069,462806893,Vizcaya,Bilbao,43.2581593,-2.9319931,Private room,183.0,1,4,2024-08-11,0.1,20,242,0,HBI01269,183.0,Profesional (10+),Upscale (€180-300)
643185313964700103,462806893,Vizcaya,Bilbao,43.2581593,-2.9319931,Private room,161.0,1,7,2025-05-16,0.19,20,242,1,HBI01269,161.0,Profesional (10+),Mid-scale (€120-180)
643185344760123524,462806893,Vizcaya,Bilbao,43.2581593,-2.9319931,Private room,171.0,1,0,,,20,247,0,HBI01269,171.0,Profesional (10+),Mid-scale (€120-180)
643296685176191005,462806893,Vizcaya,Bilbao,43.2581593,-2.9319931,Private room,173.0,1,0,,,20,243,0,HBI01269,173.0,Profesional (10+),Mid-scale (€120-180)
643298803249521787,462806893,Vizcaya,Bilbao,43.2581593,-2.9319931,Private room,187.0,1,3,2025-07-01,0.09,20,248,1,HBI01269,187.0,Profesional (10+),Upscale (€180-300)
644827526738911065,463235144,Vizcaya,Bilbao,43.2670573,-2.9273729,Entire home/apt,139.0,2,45,2025-09-07,1.12,1,72,5,ESFCTU00004802600036314300000000000000000000EBI016889,139.0,Individual (1),Mid-scale (€120-180)
647848938474780731,140288665,Vizcaya,Bilbao,43.25062,-2.92217,Entire home/apt,139.0,2,136,2025-09-21,3.64,1,75,17,ESFCTU00004802600030019300000000000000000000EBI008460,139.0,Individual (1),Mid-scale (€120-180)
649040961185957833,208200792,Vizcaya,Bilbao,43.2622525,-2.9412978,Entire home/apt,175.0,1,11,2025-05-11,0.28,14,318,2,ESFCTU00004802200039182700000000000000000000EBI011330,175.0,Profesional (10+),Mid-scale (€120-180)
649329579173029701,137138916,Vizcaya,Bilbao,43.25675,-2.92636,Private room,109.0,1,1,2022-07-15,0.03,1,17,0,,109.0,Individual (1),Economy (€75-120)
651235700339937352,455653168,Vizcaya,Bilbao,43.25726,-2.936,Private room,60.0,4,71,2025-09-14,1.8,3,79,17,,60.0,Pequeño (2-3),Budget (<€75)
651254424835845627,455653168,Vizcaya,Bilbao,43.25736,-2.93644,Private room,57.0,4,55,2025-09-20,1.4,3,83,8,,57.0,Pequeño (2-3),Budget (<€75)
653311155294924760,424968878,Vizcaya,Bilbao,43.254977,-2.917666,Entire home/apt,123.0,2,44,2025-08-23,1.12,1,81,10,EBI-1109,123.0,Individual (1),Mid-scale (€120-180)
654039340168874394,671397896,Vizcaya,Bilbao,43.2586144,-2.9336451,Entire home/apt,114.0,1,102,2025-08-08,2.6,53,64,21,ESFCTU00004802700056823100000000000000000000EBI017370,114.0,Profesional (10+),Economy (€75-120)
654273825129298991,336775126,Vizcaya,Bilbao,43.25878,-2.93634,Entire home/apt,114.0,1,316,2025-09-26,7.96,3,46,67,EBI01887,114.0,Pequeño (2-3),Economy (€75-120)
654313622717683276,30979607,Vizcaya,Bilbao,43.25791,-2.93717,Entire home/apt,65.0,30,18,2025-07-30,0.47,1,318,5,ESFCNT00004802700047358000000000000000000000000000007,65.0,Individual (1),Budget (<€75)
656216237721728755,41089812,Vizcaya,Bilbao,43.26257,-2.94611,Private room,51.0,3,120,2025-09-07,3.05,2,336,45,ESHFTU00004802200016771200100000000000000000LBI005365,51.0,Pequeño (2-3),Budget (<€75)
656344681902468332,465859199,Vizcaya,Bilbao,43.24989,-2.94632,Private room,72.0,1,3,2025-05-22,0.2,2,88,1,,72.0,Pequeño (2-3),Budget (<€75)
656731000098813512,4743615,Vizcaya,Bilbao,43.2654112,-2.9443068,Entire home/apt,252.0,1,28,2025-09-26,0.73,4,145,8,ESFCTU00004802200006760900000000000000000000EBI019273,252.0,Mediano (4-10),Upscale (€180-300)
659597214616411123,25922050,Vizcaya,Bilbao,43.26702219694167,-2.9369591883605883,Entire home/apt,193.0,3,33,2023-09-04,0.83,1,12,0,EBI01815,193.0,Individual (1),Upscale (€180-300)
660530585531464317,229305452,Vizcaya,Bilbao,43.25792,-2.94723,Private room,172.0,1,1,2024-05-26,0.06,1,90,0,,172.0,Individual (1),Mid-scale (€120-180)
664276386985202315,208200792,Vizcaya,Bilbao,43.2556234,-2.9257994,Entire home/apt,214.0,1,80,2025-09-07,2.06,14,328,25,ESFCTU00004802700081334800000000000000000000EBI018690,214.0,Profesional (10+),Upscale (€180-300)
664357773692646266,112518630,Vizcaya,Bilbao,43.2575,-2.92712,Entire home/apt,100.0,2,114,2025-09-24,2.92,2,70,28,,100.0,Pequeño (2-3),Economy (€75-120)
664546411578859943,467851689,Vizcaya,Bilbao,43.25599,-2.93122,Entire home/apt,117.0,3,23,2025-07-13,0.59,1,273,1,EBI01840,117.0,Individual (1),Economy (€75-120)
665635384988152271,160412156,Vizcaya,Bilbao,43.2664114,-2.9317785,Entire home/apt,173.0,1,36,2025-05-25,0.93,45,11,2,ESFCTU00004802200029473900000000000000000000EBI011433,173.0,Profesional (10+),Mid-scale (€120-180)
665807617126568505,208200792,Vizcaya,Bilbao,43.25753479999999,-2.9262204,Entire home/apt,301.0,1,105,2025-09-13,3.62,14,282,41,ESFCTU00004802600039688200000000000000000000EBI018063,301.0,Profesional (10+),Luxury (>€300)
666030067255607600,418309779,Vizcaya,Bilbao,43.25646042814185,-2.93290201574564,Private room,48.0,2,51,2025-09-04,1.31,1,272,18,,48.0,Individual (1),Budget (<€75)
666484125372940569,124256500,Vizcaya,Bilbao,43.25568272045773,-2.9361196607351308,Private room,44.0,1,134,2025-09-12,3.41,6,30,21,,44.0,Mediano (4-10),Budget (<€75)
671026928632207699,9004696,Vizcaya,Bilbao,43.25712288350357,-2.919178158044815,Entire home/apt,117.0,20,29,2025-09-04,0.76,1,202,8,ESFCTU00004802600039898500000000000000000000EBI019356,117.0,Individual (1),Economy (€75-120)
677203931414913015,181984676,Vizcaya,Bilbao,43.2535,-2.95279,Entire home/apt,90.0,3,25,2025-09-23,0.66,3,113,10,ESFCTU00004803600111810900000000000000000000EBI019394,90.0,Pequeño (2-3),Economy (€75-120)
679605617069788400,101618589,Vizcaya,Bilbao,43.2628,-2.94102,Entire home/apt,200.0,3,29,2025-08-30,0.76,2,89,12,,200.0,Pequeño (2-3),Upscale (€180-300)
679641330702887683,436808804,Vizcaya,Bilbao,43.2764365,-2.9508665,Private room,58.0,1,1,2025-08-16,0.65,3,269,1,,58.0,Pequeño (2-3),Budget (<€75)
681661057490954541,472177231,Vizcaya,Bilbao,43.267536,-2.922975,Entire home/apt,120.0,2,68,2025-07-25,1.82,2,39,16,TBI00060,120.0,Pequeño (2-3),Economy (€75-120)
681696900336834247,472177231,Vizcaya,Bilbao,43.267536,-2.922975,Entire home/apt,139.0,2,79,2025-09-22,2.08,2,62,32,TBI00060,139.0,Pequeño (2-3),Mid-scale (€120-180)
682685143458508007,29643945,Vizcaya,Bilbao,43.26386,-2.95957,Entire home/apt,87.0,2,64,2025-09-14,1.69,1,320,29,EBI02543,87.0,Individual (1),Economy (€75-120)
685251124616139927,473045996,Vizcaya,Bilbao,43.25994,-2.92137,Private room,170.0,2,9,2023-09-24,0.23,2,121,0,,170.0,Pequeño (2-3),Mid-scale (€120-180)
685322857635479815,473045996,Vizcaya,Bilbao,43.2599,-2.92145,Private room,660.0,2,5,2023-09-29,0.13,2,363,0,,660.0,Pequeño (2-3),Luxury (>€300)
685517869397168289,473145400,Vizcaya,Bilbao,43.25058,-2.92182,Private room,31.0,1,12,2022-11-18,0.31,1,360,0,,31.0,Individual (1),Budget (<€75)
686705863952757959,34111511,Vizcaya,Bilbao,43.25655752984057,-2.9226673534423853,Entire home/apt,328.0,2,170,2025-09-22,5.88,2,191,81,ESFCTU00004802600031860000000000000000000000EBI019574,328.0,Pequeño (2-3),Luxury (>€300)
688089745093374959,41089812,Vizcaya,Bilbao,43.26254,-2.94599,Private room,63.0,3,104,2025-09-17,3.45,2,132,49,ESHFTU00004802200016771200200000000000000000LBI005364,63.0,Pequeño (2-3),Budget (<€75)
689739126355908325,227045659,Vizcaya,Bilbao,43.257202,-2.942843,Entire home/apt,117.0,2,89,2025-09-29,3.4,1,75,46,ESHFTU00004802700045782500100000000000000000LBI005114,117.0,Individual (1),Economy (€75-120)
689891178820166448,65715472,Vizcaya,Bilbao,43.26755,-2.92215,Entire home/apt,141.0,2,183,2025-09-23,4.82,1,94,58,ESFCTU00004802500053431700000000000000000000EBI019745,141.0,Individual (1),Mid-scale (€120-180)
690504285389932228,671397896,Vizcaya,Bilbao,43.2678748,-2.9190082,Entire home/apt,123.0,1,34,2025-09-08,0.89,53,67,16,ESFCTU00004802500004402100000000000000000000EBI019118,123.0,Profesional (10+),Mid-scale (€120-180)
691217652840875703,671397896,Vizcaya,Bilbao,43.26628,-2.94517,Entire home/apt,169.0,1,37,2025-09-10,1.03,53,68,15,ESFCTU00004802200042379500000000000000000000EBI019299,169.0,Profesional (10+),Mid-scale (€120-180)
691907713825007903,120770310,Vizcaya,Bilbao,43.26164,-2.9419,Entire home/apt,80.0,30,4,2025-07-31,0.16,1,267,1,ESFCNT00004802200038894000000000000000000000000000007,80.0,Individual (1),Economy (€75-120)
692815001892792394,101928006,Vizcaya,Bilbao,43.26513,-2.9156,Entire home/apt,103.0,2,146,2025-09-28,3.9,1,111,50,EBI2060,103.0,Individual (1),Economy (€75-120)
692872188529609217,474873092,Vizcaya,Bilbao,43.2585872,-2.9222537,Private room,71.0,1,63,2025-09-22,1.66,7,343,11,HBI00384,71.0,Mediano (4-10),Budget (<€75)
692874626390487559,474873092,Vizcaya,Bilbao,43.2585872,-2.9222537,Private room,73.0,1,4,2025-05-22,0.11,7,339,1,HBI00834,73.0,Mediano (4-10),Budget (<€75)
692876983650830267,474873092,Vizcaya,Bilbao,43.2585872,-2.9222537,Private room,71.0,1,10,2025-08-04,0.26,7,340,1,,71.0,Mediano (4-10),Budget (<€75)
692879021522173668,474873092,Vizcaya,Bilbao,43.2585872,-2.9222537,Private room,71.0,1,17,2025-07-22,0.45,7,347,3,HBI00834,71.0,Mediano (4-10),Budget (<€75)
692881032906078031,474873092,Vizcaya,Bilbao,43.2585872,-2.9222537,Private room,71.0,1,13,2025-09-17,0.34,7,339,9,HBI00834,71.0,Mediano (4-10),Budget (<€75)
692881087704589742,474873092,Vizcaya,Bilbao,43.2585872,-2.9222537,Private room,71.0,1,2,2024-10-20,0.06,7,349,1,HBI00834,71.0,Mediano (4-10),Budget (<€75)
696410876828962683,475668261,Vizcaya,Bilbao,43.25799,-2.93322,Entire home/apt,67.0,2,83,2025-08-14,2.24,1,310,19,ESFCTU00004802700011545900000000000000000000EBI019718,67.0,Individual (1),Budget (<€75)
696504484622148291,75988768,Vizcaya,Bilbao,43.258986506087126,-2.944792775620053,Entire home/apt,158.0,1,80,2025-09-20,2.12,1,328,26,EBI01969,158.0,Individual (1),Mid-scale (€120-180)
696985948752262513,671397896,Vizcaya,Bilbao,43.2608,-2.9292,Entire home/apt,265.0,1,70,2025-09-14,2.17,53,55,23,ESFCTU00004802700053071900000000000000000000EBI019732,265.0,Profesional (10+),Upscale (€180-300)
699043807728902016,130051963,Vizcaya,Bilbao,43.26158,-2.91157,Entire home/apt,115.0,2,97,2025-09-25,2.57,1,353,41,EBI02019,115.0,Individual (1),Economy (€75-120)
708025104907253870,10776801,Vizcaya,Bilbao,43.259138,-2.936515,Entire home/apt,223.0,1,11,2025-08-16,0.3,3,111,4,EBI01769,223.0,Pequeño (2-3),Upscale (€180-300)
708633921481590906,450672467,Vizcaya,Bilbao,43.26859,-2.9199,Private room,57.0,2,16,2025-09-17,0.43,8,275,5,Exempt,57.0,Mediano (4-10),Budget (<€75)
708638477893116704,450672467,Vizcaya,Bilbao,43.26919,-2.91975,Private room,68.0,2,10,2025-08-25,0.29,8,276,3,Exempt,68.0,Mediano (4-10),Budget (<€75)
710191280943675672,267409902,Vizcaya,Bilbao,43.256571,-2.938121,Entire home/apt,147.0,2,85,2025-09-28,5.1,1,238,55,EBI02524,147.0,Individual (1),Mid-scale (€120-180)
710485948129280072,69923417,Vizcaya,Bilbao,43.25414,-2.92507,Entire home/apt,182.0,2,35,2025-09-12,0.98,18,125,18,TBI00023,182.0,Profesional (10+),Upscale (€180-300)
716440406761424382,61756170,Vizcaya,Bilbao,43.2551606557958,-2.9275215044617653,Entire home/apt,88.0,2,44,2025-09-05,1.45,1,146,13,,88.0,Individual (1),Economy (€75-120)
719334431399071425,85246818,Vizcaya,Bilbao,43.25595,-2.92246,Entire home/apt,132.0,1,13,2025-09-17,0.37,47,353,6,EBI01944,132.0,Profesional (10+),Mid-scale (€120-180)
719993830582327363,4723100,Vizcaya,Bilbao,43.2572702,-2.9175198,Entire home/apt,90.0,1,55,2025-09-19,1.51,16,148,15,ESFCTU00004802500044354100000000000000000000EBI019866,90.0,Profesional (10+),Economy (€75-120)
722249586824037158,480695213,Vizcaya,Bilbao,43.26301,-2.94084,Private room,293.0,1,79,2025-09-07,2.28,3,324,31,,293.0,Pequeño (2-3),Upscale (€180-300)
722263257246464774,480695213,Vizcaya,Bilbao,43.26503,-2.94248,Private room,313.0,1,5,2025-08-26,0.35,3,345,3,,313.0,Pequeño (2-3),Luxury (>€300)
723811793502781496,478255347,Vizcaya,Bilbao,43.2594208712493,-2.9240220201027323,Entire home/apt,227.0,2,124,2025-09-18,3.4,1,228,25,,227.0,Individual (1),Upscale (€180-300)
723976134430166247,33509538,Vizcaya,Bilbao,43.25399,-2.92288,Entire home/apt,171.0,2,17,2025-09-14,0.48,1,137,6,ESFCTU0000480270009346300000000000000000000EBI020479,171.0,Individual (1),Mid-scale (€120-180)
724386374405799751,103323532,Vizcaya,Bilbao,43.26392,-2.92039,Entire home/apt,153.0,2,10,2025-08-02,0.27,1,289,3,ESFCTU00004802600034866900000000000000000000EBI013471,153.0,Individual (1),Mid-scale (€120-180)
725207598714844920,124256500,Vizcaya,Bilbao,43.25556038484631,-2.936207838356495,Private room,39.0,1,136,2025-09-15,3.72,6,24,23,,39.0,Mediano (4-10),Budget (<€75)
727589799370982509,17190256,Vizcaya,Bilbao,43.25553,-2.92044,Entire home/apt,146.0,2,150,2025-09-22,4.14,2,99,34,ESFCTU00004802500024010200000000000000000000EBI019970,146.0,Pequeño (2-3),Mid-scale (€120-180)
729665753554926550,482077545,Vizcaya,Bilbao,43.25599,-2.93577,Entire home/apt,106.0,1,137,2025-08-28,3.79,1,333,37,ESFCTU00004802700046395600000000000000000000EBI020200,106.0,Individual (1),Economy (€75-120)
738936948954199647,55174444,Vizcaya,Bilbao,43.26735938029318,-2.9210030660033226,Entire home/apt,138.0,2,19,2025-09-22,0.59,1,83,10,ESFCTU00004802500010097000000000000000000000EBI013136,138.0,Individual (1),Mid-scale (€120-180)
739655598239278007,424590493,Vizcaya,Bilbao,43.25461,-2.93192,Entire home/apt,87.0,1,13,2025-09-26,0.54,1,56,10,ESFCTU00004802700047066400000000000000000000EBI017273,87.0,Individual (1),Economy (€75-120)
740988684791335000,484207204,Vizcaya,Bilbao,43.26207,-2.92687,Shared room,42.0,1,16,2025-08-12,0.45,3,315,13,,42.0,Pequeño (2-3),Budget (<€75)
741009651520707163,484207204,Vizcaya,Bilbao,43.26103,-2.92681,Shared room,54.0,1,14,2025-08-09,0.39,3,349,11,,54.0,Pequeño (2-3),Budget (<€75)
741043049231680713,484207204,Vizcaya,Bilbao,43.26115,-2.92784,Private room,244.0,1,1,2025-05-22,0.23,3,354,1,,244.0,Pequeño (2-3),Upscale (€180-300)
747720776022730156,9187416,Vizcaya,Bilbao,43.26587,-2.934,Private room,88.0,2,217,2025-09-29,6.31,1,28,77,ESHFTU00004802200042883700100000000000000000LBI005394,88.0,Individual (1),Economy (€75-120)
749237393021574948,218182143,Vizcaya,Bilbao,43.25656420000001,-2.9231606,Entire home/apt,138.0,30,60,2025-07-10,1.74,2,277,3,ESFCTU00004802600031807500000000000000000000EBI019891,138.0,Pequeño (2-3),Mid-scale (€120-180)
755139743863335712,671397896,Vizcaya,Bilbao,43.256584090208754,-2.92229868095093,Entire home/apt,113.0,1,104,2025-09-14,3.03,53,45,36,ESFCTU00004802600039062000000000000000000000EBI020015,113.0,Profesional (10+),Economy (€75-120)
757044526135597326,51925656,Vizcaya,Bilbao,43.26851,-2.92055,Entire home/apt,85.0,2,170,2025-09-15,4.96,1,55,52,ESFCTU00004802500004368000000000000000000000EBI012669,85.0,Individual (1),Economy (€75-120)
762061398975467247,488068956,Vizcaya,Bilbao,43.25830029999999,-2.9376519,Entire home/apt,209.0,1,12,2024-08-26,0.35,1,321,0,ESFCTU00004802700085597300000000000000000000LBI006928,209.0,Individual (1),Upscale (€180-300)
762352492963012263,488129636,Vizcaya,Bilbao,43.2525447,-2.9163802,Entire home/apt,102.0,2,27,2025-08-04,0.9,1,300,9,ESFCTU00004802500015769100000000000000000000EBI019529,102.0,Individual (1),Economy (€75-120)
766376223139556472,488624148,Vizcaya,Bilbao,43.2621852,-2.9450094,Entire home/apt,161.0,1,13,2025-06-14,0.37,1,318,5,ESFCTU00004802200034937800000000000000000000EBI020626,161.0,Individual (1),Mid-scale (€120-180)
773742995808031969,490062198,Vizcaya,Bilbao,43.25668,-2.91537,Entire home/apt,105.0,2,38,2025-07-06,1.14,1,312,4,ESFCTU00004802500012591100000000000000000000EBI021997,105.0,Individual (1),Economy (€75-120)
778180934716081187,326236532,Vizcaya,Bilbao,43.2570257,-2.9172652,Private room,60.0,1,49,2025-09-01,1.79,2,362,21,,60.0,Pequeño (2-3),Budget (<€75)
780229783362635379,160412156,Vizcaya,Bilbao,43.255305,-2.9172564,Entire home/apt,122.0,1,20,2023-10-30,0.6,45,333,0,ESFCTU00004802500033583900000000000000000000EBI020060,122.0,Profesional (10+),Mid-scale (€120-180)
785562310294735184,22112542,Vizcaya,Bilbao,43.26784223195711,-2.9259705269836367,Entire home/apt,106.0,2,74,2025-09-21,2.2,1,156,19,ESFCTU00004802600031844000000000000000000000EBI005494,106.0,Individual (1),Economy (€75-120)
790260058718482467,16126315,Vizcaya,Bilbao,43.26136,-2.94528,Entire home/apt,170.0,2,86,2025-09-26,2.62,24,114,20,ESFCTU00004802200029584200000000000000000000EBI020905,170.0,Profesional (10+),Mid-scale (€120-180)
791070264074988342,671397896,Vizcaya,Bilbao,43.2630419,-2.9447166,Entire home/apt,129.0,1,34,2025-09-14,1.08,53,63,10,ESFCTU00004802200029588000000000000000000000EBI020228,129.0,Profesional (10+),Mid-scale (€120-180)
791081916832459296,460060031,Vizcaya,Bilbao,43.26713682577604,-2.9221434981475825,Entire home/apt,119.0,2,122,2025-09-28,3.86,3,321,66,EBI00824,119.0,Pequeño (2-3),Economy (€75-120)
792152272005831023,493228247,Vizcaya,Bilbao,43.249012231022505,-2.910191991401676,Private room,55.0,1,1,2024-04-01,0.05,5,269,0,Exempt,55.0,Mediano (4-10),Budget (<€75)
792826176674796370,493228247,Vizcaya,Bilbao,43.24928,-2.90987,Private room,57.0,1,6,2025-01-04,0.22,5,265,1,Exempt,57.0,Mediano (4-10),Budget (<€75)
792826305306128782,493228247,Vizcaya,Bilbao,43.24972,-2.90931,Private room,66.0,1,6,2025-04-17,0.22,5,293,3,Exempt,66.0,Mediano (4-10),Budget (<€75)
793461195479686587,438984240,Vizcaya,Bilbao,43.26871,-2.92161,Entire home/apt,85.0,3,62,2025-09-02,1.86,4,313,24,EBI02251,85.0,Mediano (4-10),Economy (€75-120)
795011938490301933,97838291,Vizcaya,Bilbao,43.25257418541753,-2.9396729171276093,Entire home/apt,101.0,5,63,2025-09-23,1.93,1,96,17,ESFCTU00004802700108339900000000000000000000EBI021245,101.0,Individual (1),Economy (€75-120)
795320088886101690,493228247,Vizcaya,Bilbao,43.24958,-2.91093,Private room,44.0,1,12,2025-06-19,0.45,5,306,5,Exempt,44.0,Mediano (4-10),Budget (<€75)
795320601380052351,493228247,Vizcaya,Bilbao,43.24848,-2.9095,Private room,47.0,1,11,2025-05-19,0.33,5,214,3,Exempt,47.0,Mediano (4-10),Budget (<€75)
795426001386890816,493846707,Vizcaya,Bilbao,43.25758829999999,-2.9243378,Entire home/apt,156.0,2,17,2024-07-18,0.54,1,64,0,ESFCTU0000480260004270430000000000000000000EBI1020270,156.0,Individual (1),Mid-scale (€120-180)
800658735944984530,196332886,Vizcaya,Bilbao,43.25539209999999,-2.9275877,Entire home/apt,135.0,1,134,2025-09-19,4.65,5,326,50,ESFCTU00004802700122543000000000000000000000EBI023946,135.0,Mediano (4-10),Mid-scale (€120-180)
800666844426469573,196332886,Vizcaya,Bilbao,43.2542869,-2.9280721,Entire home/apt,137.0,1,75,2025-09-24,2.78,5,336,28,ESFCTU00004802700014415200000000000000000000EBI025063,137.0,Mediano (4-10),Mid-scale (€120-180)
801291451497606678,208200792,Vizcaya,Bilbao,43.25804,-2.9322452,Entire home/apt,246.0,1,107,2025-09-14,3.83,14,266,46,EBI01874,246.0,Profesional (10+),Upscale (€180-300)
802837551891453080,488751732,Vizcaya,Bilbao,43.25649,-2.92508,Private room,48.0,1,111,2025-09-26,3.46,1,188,37,Exempt,48.0,Individual (1),Budget (<€75)
802847350161568860,410843664,Vizcaya,Bilbao,43.2596374,-2.949094,Entire home/apt,181.0,2,33,2025-08-24,1.18,2,30,10,E.BI-972,181.0,Pequeño (2-3),Upscale (€180-300)
803727439706761722,205652845,Vizcaya,Bilbao,43.25169,-2.93817,Entire home/apt,75.0,1,138,2025-09-24,4.24,2,247,67,EB102785,75.0,Pequeño (2-3),Budget (<€75)
804224309256570828,410221598,Vizcaya,Bilbao,43.2555537,-2.9229179,Entire home/apt,170.0,2,2,2024-08-09,0.06,2,7,0,ESFCTU00004802600033079400000000000000000000EBI014409,170.0,Pequeño (2-3),Mid-scale (€120-180)
804404955816508357,496062858,Vizcaya,Bilbao,43.26936,-2.95352,Entire home/apt,104.0,2,55,2025-08-08,1.73,1,315,12,ESFCTU00004802100008837900000000000000000000EBI021319,104.0,Individual (1),Economy (€75-120)
805752818170556051,496392250,Vizcaya,Bilbao,43.2677051,-2.9627614,Entire home/apt,113.0,1,128,2025-09-07,4.69,1,120,55,ESFCTU00004802200067322000000000000000000000EBI016588,113.0,Individual (1),Economy (€75-120)
806279711612549551,11899282,Vizcaya,Bilbao,43.2541,-2.91897,Private room,48.0,2,84,2025-09-22,2.58,1,47,39,ESHFTU00004802500019438200100000000000000000LBI007044,48.0,Individual (1),Budget (<€75)
811538932619679649,448569302,Vizcaya,Bilbao,43.267706,-2.923967,Entire home/apt,274.0,1,135,2025-09-12,4.13,2,296,56,ESFCTU00004802500038337300000000000000000000EBI020943,274.0,Pequeño (2-3),Upscale (€180-300)
813514908470916251,353038776,Vizcaya,Bilbao,43.25598,-2.92322,Entire home/apt,187.0,1,213,2025-09-15,6.59,11,311,74,ESFCTU00004802600033192000000000000000000000EBI021553,187.0,Profesional (10+),Upscale (€180-300)
815308492712329763,364556198,Vizcaya,Bilbao,43.25665089681692,-2.9228366911411285,Entire home/apt,141.0,2,87,2025-08-25,2.88,1,45,30,EBI01745,141.0,Individual (1),Mid-scale (€120-180)
815644960579327989,45665039,Vizcaya,Bilbao,43.25771779999999,-2.9243043,Private room,500.0,1,0,,,14,363,0,LBI-168,500.0,Profesional (10+),Luxury (>€300)
815645080898931425,45665039,Vizcaya,Bilbao,43.25771779999999,-2.9243043,Private room,500.0,1,1,2023-02-15,0.03,14,365,0,LBI-168,500.0,Profesional (10+),Luxury (>€300)
817158767183773418,671397896,Vizcaya,Bilbao,43.2664128,-2.9229073,Entire home/apt,68.0,1,51,2025-09-10,1.64,53,77,18,ESFCTU00004802500065332200000000000000000000EBI018708,68.0,Profesional (10+),Budget (<€75)
820339225988279686,45665039,Vizcaya,Bilbao,43.25771779999999,-2.9243043,Private room,500.0,1,1,2025-05-23,0.23,14,365,1,LBI-168,500.0,Profesional (10+),Luxury (>€300)
820349354981799081,45665039,Vizcaya,Bilbao,43.25771779999999,-2.9243043,Private room,800.0,1,0,,,14,365,0,LBI-168,800.0,Profesional (10+),Luxury (>€300)
821670511324452911,671397896,Vizcaya,Bilbao,43.25647,-2.92239,Entire home/apt,221.0,1,23,2025-07-31,0.76,53,68,1,ESFCTU00004802600033674100000000000000000000EBI021542,221.0,Profesional (10+),Upscale (€180-300)
821702108009165554,45665039,Vizcaya,Bilbao,43.25771779999999,-2.9243043,Private room,500.0,1,0,,,14,365,0,LBI-168,500.0,Profesional (10+),Luxury (>€300)
821767416047514316,500034618,Vizcaya,Bilbao,43.26283,-2.93899,Private room,72.0,1,16,2023-10-22,0.53,4,86,0,,72.0,Mediano (4-10),Budget (<€75)
822215469214710970,671397896,Vizcaya,Bilbao,43.25776,-2.92804,Entire home/apt,191.0,1,65,2025-08-24,2.1,53,63,20,ESFCTU00004802700113543200000000000000000000EBI017480,191.0,Profesional (10+),Upscale (€180-300)
825348362327949137,8793375,Vizcaya,Bilbao,43.25586,-2.92831,Private room,59.0,1,98,2025-08-27,3.1,2,341,6,ESHFTU00004802700081232700300000000000000000LBI005220,59.0,Pequeño (2-3),Budget (<€75)
826802434219951784,472917783,Vizcaya,Bilbao,43.2565181,-2.9143132,Private room,120.0,3,0,,,1,89,0,,120.0,Individual (1),Economy (€75-120)
827327230195986877,671397896,Vizcaya,Bilbao,43.25698269999999,-2.9229431,Entire home/apt,131.0,1,127,2025-09-12,4.02,53,66,40,ESFCTU00004802600026535500000000000000000000EBI021872,131.0,Profesional (10+),Mid-scale (€120-180)
828380081504806482,501401536,Vizcaya,Bilbao,43.25569,-2.91735,Entire home/apt,163.0,2,29,2025-08-24,0.95,1,193,11,ESFCTU00004802600041624500000000000000000000EBI019998,163.0,Individual (1),Mid-scale (€120-180)
828691702251829436,53078816,Vizcaya,Bilbao,43.27682,-2.97057,Private room,76.0,1,20,2025-09-08,0.71,14,170,11,,76.0,Profesional (10+),Economy (€75-120)
828693411995561847,53078816,Vizcaya,Bilbao,43.2754,-2.97081,Private room,69.0,1,28,2025-03-14,0.97,14,176,5,,69.0,Profesional (10+),Budget (<€75)
828694861192510472,53078816,Vizcaya,Bilbao,43.27498,-2.97072,Private room,70.0,1,18,2025-05-10,0.59,14,158,2,,70.0,Profesional (10+),Budget (<€75)
828696490526995934,53078816,Vizcaya,Bilbao,43.27709,-2.97125,Private room,105.0,1,69,2025-09-01,2.2,14,179,29,,105.0,Profesional (10+),Economy (€75-120)
828698654519083246,53078816,Vizcaya,Bilbao,43.27569,-2.97124,Private room,89.0,1,14,2025-09-03,0.7,14,164,8,,89.0,Profesional (10+),Economy (€75-120)
828700130008264890,53078816,Vizcaya,Bilbao,43.27675,-2.97215,Private room,117.0,1,3,2025-08-19,0.12,14,155,1,,117.0,Profesional (10+),Economy (€75-120)
830434207881666936,671397896,Vizcaya,Bilbao,43.26677761160281,-2.9253777489066124,Entire home/apt,136.0,1,22,2025-09-11,1.24,53,66,19,ESFCTU00004802600028018100000000000000000000EBI019774,136.0,Profesional (10+),Mid-scale (€120-180)
831369118342446433,355500268,Vizcaya,Bilbao,43.26825,-2.926,Entire home/apt,135.0,2,12,2025-04-12,0.39,16,11,2,ESFCTU00004802600029069200000000000000000000000000008,135.0,Profesional (10+),Mid-scale (€120-180)
831807757431147951,479398090,Vizcaya,Bilbao,43.25691753940574,-2.9310888424515724,Entire home/apt,170.0,2,32,2025-09-14,1.23,1,265,11,ESHFTU00004802700098801500200000000000000000LBI006226,170.0,Individual (1),Mid-scale (€120-180)
832342185795904192,45665039,Vizcaya,Bilbao,43.25771779999999,-2.9243043,Private room,500.0,1,0,,,14,365,0,LBI-168,500.0,Profesional (10+),Luxury (>€300)
832399627477781728,85246818,Vizcaya,Bilbao,43.27096,-2.94708,Entire home/apt,91.0,1,24,2025-08-31,0.77,47,311,10,EBI02177,91.0,Profesional (10+),Economy (€75-120)
832401828513137301,449522045,Vizcaya,Bilbao,43.2587648,-2.9385691,Entire home/apt,177.0,2,94,2025-09-08,3.11,1,68,21,EBI01211,177.0,Individual (1),Mid-scale (€120-180)
832611362692440395,158371615,Vizcaya,Bilbao,43.2565939,-2.9245597,Entire home/apt,107.0,2,114,2025-09-24,3.96,2,344,35,ESFCTU00004802600032477900000000000000000000EBI002815,107.0,Pequeño (2-3),Economy (€75-120)
836640259009244027,503080700,Vizcaya,Bilbao,43.2593043,-2.9491668,Entire home/apt,108.0,1,15,2025-05-18,0.48,1,341,2,EBI02083,108.0,Individual (1),Economy (€75-120)
836682589007082590,32186532,Vizcaya,Bilbao,43.25527,-2.93795,Private room,300.0,1,1,2024-03-22,0.05,1,365,0,ESHFTU00004802700015964400100000000000000000LBI005518,300.0,Individual (1),Upscale (€180-300)
836772128740719905,1224856,Vizcaya,Bilbao,43.25716,-2.92423,Entire home/apt,300.0,1,13,2025-07-11,0.44,1,357,5,ESFCTU00004802600044319700000000000000000000EBI021355,300.0,Individual (1),Upscale (€180-300)
838125613670055691,160412156,Vizcaya,Bilbao,43.2530556,-2.9212042,Entire home/apt,104.0,1,33,2025-07-13,1.08,45,326,8,ESFCTU00004802600050005000000000000000000000EBI010856,104.0,Profesional (10+),Economy (€75-120)
840488907546738908,502698353,Vizcaya,Bilbao,43.2577235,-2.9234566,Entire home/apt,100.0,2,41,2025-08-03,1.33,1,172,2,ESHFTU00004802600050291700100000000000000000LBI005529,100.0,Individual (1),Economy (€75-120)
842630158359425734,367035953,Vizcaya,Bilbao,43.25617,-2.91537,Entire home/apt,68.0,1,133,2025-09-14,4.34,3,57,45,ESFCTU00004802500003681100000000000000000000EBI022222,68.0,Pequeño (2-3),Budget (<€75)
843973212577717294,456498604,Vizcaya,Bilbao,43.27288392639801,-2.949914261698723,Private room,36.0,1,117,2025-09-09,3.87,2,306,42,,36.0,Pequeño (2-3),Budget (<€75)
844647724912657058,3215084,Vizcaya,Bilbao,43.2567258,-2.9282665,Entire home/apt,79.0,1,6,2025-09-04,0.22,3,69,4,ESFCTU00004802700031540800000000000000000000000000002,79.0,Pequeño (2-3),Economy (€75-120)
844715761788393034,3215084,Vizcaya,Bilbao,43.2567258,-2.9282665,Entire home/apt,85.0,1,7,2025-07-28,0.66,3,68,7,ESFCTU00004802700031540800000000000000000000TBI001826,85.0,Pequeño (2-3),Economy (€75-120)
847559098600882244,254392009,Vizcaya,Bilbao,43.25109,-2.91976,Entire home/apt,95.0,2,25,2025-02-23,0.83,5,269,2,EBI02205,95.0,Mediano (4-10),Economy (€75-120)
847585889062803438,505409676,Vizcaya,Bilbao,43.26492,-2.95935,Entire home/apt,192.0,2,21,2025-06-20,0.7,1,0,3,ESFCTU00004802200056741300000000000000000000EBI022424,192.0,Individual (1),Upscale (€180-300)
847631764666862229,505495516,Vizcaya,Bilbao,43.2564633,-2.9304218,Entire home/apt,113.0,1,27,2025-08-25,1.48,4,343,13,ESFCTU00004802700102548100000000000000000000EBI011329,113.0,Mediano (4-10),Economy (€75-120)
847641511129847756,505495516,Vizcaya,Bilbao,43.25701363677812,-2.932724788360592,Entire home/apt,178.0,1,26,2025-07-29,1.27,4,329,19,ESFCTU00004802700059236600000000000000000000EBI016003,178.0,Mediano (4-10),Mid-scale (€120-180)
847647298612609448,505495516,Vizcaya,Bilbao,43.2583242,-2.9313897,Entire home/apt,236.0,1,73,2025-08-13,2.62,4,324,25,ESFCTU00004802700037128200000000000000000000EBI011789,236.0,Mediano (4-10),Upscale (€180-300)
847708726616627062,467427716,Vizcaya,Bilbao,43.24865630000001,-2.9116075,Entire home/apt,119.0,2,11,2025-08-26,0.37,1,83,2,ESFCTU00004802500008435500000000000000000000EBI021931,119.0,Individual (1),Economy (€75-120)
847740167125455113,505522437,Vizcaya,Bilbao,43.2599116,-2.9350432,Entire home/apt,169.0,1,124,2025-08-30,4.09,1,323,37,ESFCTU00048027000101766000000000000000000000EBI021748,169.0,Individual (1),Mid-scale (€120-180)
848311840010851796,119116167,Vizcaya,Bilbao,43.25914,-2.93513,Entire home/apt,144.0,2,184,2025-09-27,6.66,1,308,69,EBI02244,144.0,Individual (1),Mid-scale (€120-180)
848577592898289232,500034618,Vizcaya,Bilbao,43.2632489811153,-2.9387613013386726,Private room,70.0,1,16,2023-12-09,0.54,4,88,0,,70.0,Mediano (4-10),Budget (<€75)
849074468628850330,144161989,Vizcaya,Bilbao,43.25517,-2.93579,Private room,31.0,1,0,,,1,340,0,,31.0,Individual (1),Budget (<€75)
850675677428046124,506102583,Vizcaya,Bilbao,43.26202,-2.940371,Entire home/apt,355.0,1,94,2025-09-23,3.07,1,247,40,EBI02204,355.0,Individual (1),Luxury (>€300)
851231838203162825,16126315,Vizcaya,Bilbao,43.26036,-2.94583,Entire home/apt,174.0,2,57,2025-04-21,1.89,24,105,7,ESFCTU00004802200009859700000000000000000000EBI022709,174.0,Profesional (10+),Mid-scale (€120-180)
852757899289257607,506557969,Vizcaya,Bilbao,43.2569136,-2.9240314,Entire home/apt,121.0,1,44,2025-08-31,1.5,1,65,14,ESFCTU00004802600042272700000000000000000000EBI023058,121.0,Individual (1),Mid-scale (€120-180)
852960466695814098,448782289,Vizcaya,Bilbao,43.27651,-2.9604,Entire home/apt,134.0,2,188,2025-09-11,6.22,2,67,63,,134.0,Pequeño (2-3),Mid-scale (€120-180)
853422235296820877,506695706,Vizcaya,Bilbao,43.27993,-2.95932,Entire home/apt,143.0,4,10,2025-08-07,0.38,1,47,2,EBI02498,143.0,Individual (1),Mid-scale (€120-180)
853542307803596742,353038776,Vizcaya,Bilbao,43.256733,-2.922843,Entire home/apt,247.0,1,66,2025-09-02,2.71,11,312,29,ESFCTU00004802600031703000000000000000000000EBI022457,247.0,Profesional (10+),Upscale (€180-300)
853740678509262400,506771591,Vizcaya,Bilbao,43.26649,-2.92142,Entire home/apt,105.0,2,35,2025-08-29,1.16,1,271,8,ESFCTU00004802500064305700000000000000000000EBI022464,105.0,Individual (1),Economy (€75-120)
853999328847850734,335617265,Vizcaya,Bilbao,43.25473113338451,-2.9346437752246857,Private room,65.0,2,40,2025-05-22,1.35,7,64,3,ESHFTU00004802700067832900200000000000000000LBI005537,65.0,Mediano (4-10),Budget (<€75)
854088247450090486,214425790,Vizcaya,Bilbao,43.2637587,-2.9219777,Private room,56.0,2,149,2025-09-21,4.93,1,64,36,LB100562,56.0,Individual (1),Budget (<€75)
854545266623527203,506888473,Vizcaya,Bilbao,43.26711390000001,-2.9330858,Entire home/apt,254.0,2,110,2025-09-10,3.76,2,117,43,ESFCTU00004802200047843600000000000000000000EBI003634,254.0,Pequeño (2-3),Upscale (€180-300)
854575496400781812,506888473,Vizcaya,Bilbao,43.25783441745049,-2.924193525836257,Private room,93.0,2,122,2025-09-12,4.03,2,77,37,ESHFTU00004802600029464500100000000000000000LBI-00215,93.0,Pequeño (2-3),Economy (€75-120)
854997981915365851,503330466,Vizcaya,Bilbao,43.25794,-2.94488,Private room,50.0,1,4,2023-10-09,0.13,1,361,0,,50.0,Individual (1),Budget (<€75)
855088012158183951,335617265,Vizcaya,Bilbao,43.25531,-2.93561,Private room,65.0,2,90,2025-09-24,3.15,7,67,41,ESHFTU00004802700067832900200000000000000000LBI005537,65.0,Mediano (4-10),Budget (<€75)
856433196716851644,89495785,Vizcaya,Bilbao,43.256011389366286,-2.9393302649259567,Private room,50.0,1,190,2025-09-26,6.43,1,2,80,694625062,50.0,Individual (1),Budget (<€75)
857071279520798906,500034618,Vizcaya,Bilbao,43.263246,-2.938761200000001,Private room,72.0,1,12,2023-10-28,0.4,4,89,0,,72.0,Mediano (4-10),Budget (<€75)
857727975857790108,264460456,Vizcaya,Bilbao,43.25587,-2.91883,Entire home/apt,122.0,1,10,2025-07-27,0.34,31,2,5,TBI00062,122.0,Profesional (10+),Mid-scale (€120-180)
857825189541813601,264460456,Vizcaya,Bilbao,43.2558704,-2.9188319,Entire home/apt,256.0,1,48,2025-07-18,1.58,31,5,13,TBI00062,256.0,Profesional (10+),Upscale (€180-300)
857831409319389945,264460456,Vizcaya,Bilbao,43.25587,-2.91883,Entire home/apt,233.0,1,30,2025-07-06,0.99,31,0,9,TBI00062,233.0,Profesional (10+),Upscale (€180-300)
857858361607760825,264460456,Vizcaya,Bilbao,43.25587,-2.91883,Entire home/apt,281.0,1,56,2025-07-20,1.84,31,2,34,TBI00062,281.0,Profesional (10+),Upscale (€180-300)
857862178277677987,264460456,Vizcaya,Bilbao,43.25587,-2.91883,Entire home/apt,242.0,1,55,2025-09-01,1.82,31,0,16,TBI00062,242.0,Profesional (10+),Upscale (€180-300)
857877948537792490,264460456,Vizcaya,Bilbao,43.25545,-2.91976,Entire home/apt,146.0,1,22,2025-07-23,0.73,31,2,6,TBI00062,146.0,Profesional (10+),Mid-scale (€120-180)
857886314942209870,264460456,Vizcaya,Bilbao,43.25587,-2.91883,Entire home/apt,136.0,1,8,2025-09-05,0.47,31,0,6,TBI00062,136.0,Profesional (10+),Mid-scale (€120-180)
857900873961630399,82060503,Vizcaya,Bilbao,43.2708,-2.95322,Private room,92.0,2,13,2025-05-22,0.43,1,89,2,,92.0,Individual (1),Economy (€75-120)
858643728488509102,507785810,Vizcaya,Bilbao,43.262306755155095,-2.945926247607422,Entire home/apt,136.0,2,14,2025-09-22,0.5,1,77,8,ESFCTU00004802200008131500000000000000000000EBI008697,136.0,Individual (1),Mid-scale (€120-180)
859161883155999496,671397896,Vizcaya,Bilbao,43.2565982,-2.9230829,Entire home/apt,147.0,1,89,2025-09-14,2.98,53,63,32,ESFCTU00004802600056021400000000000000000000EBI022802,147.0,Profesional (10+),Mid-scale (€120-180)
859233523846594148,409621889,Vizcaya,Bilbao,43.25444,-2.91807,Private room,63.0,2,16,2024-07-19,0.53,4,60,0,LBI00561,63.0,Mediano (4-10),Budget (<€75)
859247582893754371,409621889,Vizcaya,Bilbao,43.25421,-2.91853,Private room,60.0,2,16,2023-10-01,0.53,4,28,0,LBI00561,60.0,Mediano (4-10),Budget (<€75)
861305106377346712,353038776,Vizcaya,Bilbao,43.2664361,-2.9350015,Entire home/apt,273.0,1,99,2025-09-12,3.27,11,313,34,ESFCTU00004802200004195100000000000000000000EBI021292,273.0,Profesional (10+),Upscale (€180-300)
863155482747601983,187699699,Vizcaya,Bilbao,43.2692517,-2.928497,Entire home/apt,177.0,2,91,2025-09-29,3.06,1,206,27,ESFCTU00004802600036283200000000000000000000000021269,177.0,Individual (1),Mid-scale (€120-180)
863821158326491124,508872982,Vizcaya,Bilbao,43.25966789445501,-2.941012345254421,Entire home/apt,108.0,1,70,2025-09-01,2.45,1,308,25,ESFCTU00004802700042234200000000000000000000EBI023441,108.0,Individual (1),Economy (€75-120)
865363293366694969,152745470,Vizcaya,Bilbao,43.27282,-2.94865,Entire home/apt,475.0,4,5,2024-12-13,0.17,5,90,2,TBI00029,475.0,Mediano (4-10),Luxury (>€300)
867453083895453827,349009682,Vizcaya,Bilbao,43.2560516,-2.9226433,Entire home/apt,122.0,2,81,2025-08-13,2.96,2,219,17,ESFCTU0000480260003648290000000000000000000 EBI 01981,122.0,Pequeño (2-3),Mid-scale (€120-180)
867511313160240223,481745848,Vizcaya,Bilbao,43.27678840422632,-2.9728293791413307,Private room,44.0,1,19,2023-12-09,0.7,2,56,0,LBI00620,44.0,Pequeño (2-3),Budget (<€75)
870854847043488899,510290610,Vizcaya,Bilbao,43.26998,-2.95689,Entire home/apt,129.0,3,5,2025-05-11,0.22,7,56,1,TBI00064,129.0,Mediano (4-10),Mid-scale (€120-180)
870873292231453617,510290610,Vizcaya,Bilbao,43.2695,-2.95634,Entire home/apt,99.0,3,11,2025-08-08,0.47,7,58,8,TBI00064,99.0,Mediano (4-10),Economy (€75-120)
870899993476617644,510290610,Vizcaya,Bilbao,43.26933,-2.95648,Entire home/apt,135.0,3,10,2025-08-08,0.35,7,56,5,TBI00064,135.0,Mediano (4-10),Mid-scale (€120-180)
870904940470013081,510290610,Vizcaya,Bilbao,43.27073,-2.95776,Entire home/apt,108.0,3,9,2025-06-03,0.31,7,48,2,TBI00064,108.0,Mediano (4-10),Economy (€75-120)
870909438834360753,510290610,Vizcaya,Bilbao,43.2709,-2.95822,Entire home/apt,125.0,3,5,2024-08-24,0.18,7,42,0,TBI00064,125.0,Mediano (4-10),Mid-scale (€120-180)
871710685274950478,505916208,Vizcaya,Bilbao,43.25465,-2.92431,Entire home/apt,204.0,1,86,2025-09-20,3.02,1,46,39,ESFCTU00004802700002791200000000000000000000EBI014733,204.0,Individual (1),Upscale (€180-300)
873671211080726831,85246818,Vizcaya,Bilbao,43.25723,-2.92618,Entire home/apt,132.0,1,5,2024-06-27,0.18,47,330,0,ESFCTU00004802600033551500000000000000000000EBI013682,132.0,Profesional (10+),Mid-scale (€120-180)
874042571389389129,500034618,Vizcaya,Bilbao,43.26285760376874,-2.938915193080902,Private room,72.0,1,10,2023-10-15,0.34,4,88,0,,72.0,Mediano (4-10),Budget (<€75)
874569301115730083,511094487,Vizcaya,Bilbao,43.251505950678,-2.9469129428213137,Entire home/apt,88.0,4,75,2025-08-20,2.55,2,182,16,ESFCTU00004803600198526800000000000000000000EBI023061,88.0,Pequeño (2-3),Economy (€75-120)
875446861162005430,14181634,Vizcaya,Bilbao,43.25736,-2.92385,Entire home/apt,127.0,2,84,2025-09-10,3.65,1,24,40,EBI02565,127.0,Individual (1),Mid-scale (€120-180)
875656125013990681,18003982,Vizcaya,Bilbao,43.26535,-2.95769,Entire home/apt,140.0,2,7,2025-07-28,0.24,4,286,1,ESFCTU00004802200035149400000000000000000000EBI011190,140.0,Mediano (4-10),Mid-scale (€120-180)
875832693824268863,355500268,Vizcaya,Bilbao,43.26784,-2.92152,Entire home/apt,92.0,2,19,2025-09-21,0.67,16,290,7,ESFCTU00004802500051816400000000000000000000EBI023102,92.0,Profesional (10+),Economy (€75-120)
876279942559499359,124591434,Vizcaya,Bilbao,43.25671,-2.94254,Private room,615.0,1,0,,,3,291,0,,615.0,Pequeño (2-3),Luxury (>€300)
876670381826118163,507483700,Vizcaya,Bilbao,43.25768,-2.92402,Entire home/apt,105.0,2,56,2025-08-24,1.9,1,361,20,ESFCTU00004802600023868700000000000000000000EBI006716,105.0,Individual (1),Economy (€75-120)
879019011177497523,511094487,Vizcaya,Bilbao,43.2563736,-2.899826,Entire home/apt,98.0,4,77,2025-08-23,2.61,2,251,23,ESFCTU00004802500039892600000000000000000000EB1023263,98.0,Pequeño (2-3),Economy (€75-120)
881674569690237927,3227964,Vizcaya,Bilbao,43.27108,-2.92873,Private room,35.0,16,20,2025-09-02,0.75,3,89,5,,35.0,Pequeño (2-3),Budget (<€75)
881736721314559372,512611363,Vizcaya,Bilbao,43.25155,-2.90533,Entire home/apt,167.0,2,16,2025-08-22,0.57,1,284,4,ESFCTU00004802500055575600000000000000000000EBI023094,167.0,Individual (1),Mid-scale (€120-180)
882412380706016775,335617265,Vizcaya,Bilbao,43.25429,-2.93542,Private room,65.0,2,17,2025-08-17,0.63,7,66,7,ESHFTU00004802700067832900200000000000000000LBI005537,65.0,Mediano (4-10),Budget (<€75)
884062576528294893,409621889,Vizcaya,Bilbao,43.25613,-2.9165,Private room,60.0,2,35,2025-08-24,1.23,4,189,16,LBI00561,60.0,Mediano (4-10),Budget (<€75)
884098298817586367,409621889,Vizcaya,Bilbao,43.25552,-2.91651,Entire home/apt,252.0,2,6,2025-06-08,0.22,4,25,2,LBI00561,252.0,Mediano (4-10),Upscale (€180-300)
884779253784125934,40853483,Vizcaya,Bilbao,43.254664461751325,-2.9250820353627205,Entire home/apt,125.0,1,107,2025-09-28,3.72,2,351,50,EBI02364,125.0,Pequeño (2-3),Mid-scale (€120-180)
884802415535763408,513308179,Vizcaya,Bilbao,43.244523,-2.925838,Entire home/apt,126.0,2,147,2025-09-28,5.03,1,121,57,ESFCTU00004802700107785500000000000000000000EBI034153,126.0,Individual (1),Mid-scale (€120-180)
888101913819334730,324917364,Vizcaya,Bilbao,43.2623544,-2.938413,Entire home/apt,230.0,2,1,2025-07-13,0.37,2,117,1,ESFCTU00004802700026894000000000000000000000EBI014175,230.0,Pequeño (2-3),Upscale (€180-300)
888152640713906028,514055048,Vizcaya,Bilbao,43.256825,-2.92768,Entire home/apt,120.0,2,11,2024-11-01,0.4,1,46,3,ESFCTU00004802700032183600000000000000000000EBI019792,120.0,Individual (1),Economy (€75-120)
888516632799594671,43997907,Vizcaya,Bilbao,43.247304631563104,-2.910771876549159,Entire home/apt,73.0,2,109,2025-09-14,3.85,3,17,37,ESFCTU00004802500011272000000000000000000000EBI024046,73.0,Pequeño (2-3),Budget (<€75)
891043778410054038,514650849,Vizcaya,Bilbao,43.25701,-2.92962,Entire home/apt,134.0,2,0,,,1,0,0,EBI02157,134.0,Individual (1),Mid-scale (€120-180)
891350392016947723,514727381,Vizcaya,Bilbao,43.24665,-2.94199,Private room,73.0,1,89,2025-09-13,3.17,1,164,34,,73.0,Individual (1),Budget (<€75)
891803454730853060,671397896,Vizcaya,Bilbao,43.257334,-2.938105,Entire home/apt,129.0,1,23,2025-09-20,0.82,53,82,10,ESFCTU0000480270005250500000000000000000000000EBI9643,129.0,Profesional (10+),Mid-scale (€120-180)
892723403776219924,515044576,Vizcaya,Bilbao,43.26782,-2.92295,Entire home/apt,145.0,1,4,2023-08-24,0.15,1,33,0,EBI02240,145.0,Individual (1),Mid-scale (€120-180)
893388319873972100,355500268,Vizcaya,Bilbao,43.25686,-2.93717,Entire home/apt,135.0,2,18,2025-09-16,0.63,16,326,7,ESFCTU00004802700010959500000000000000000000EBI014021,135.0,Profesional (10+),Mid-scale (€120-180)
893879259327361564,191659176,Vizcaya,Bilbao,43.27854808100332,-2.960955575108528,Private room,37.0,3,79,2025-09-25,2.76,2,29,16,,37.0,Pequeño (2-3),Budget (<€75)
898212569736225114,402591220,Vizcaya,Bilbao,43.25599,-2.91749,Private room,42.0,2,45,2025-09-29,1.64,1,102,29,ESHFTU00004802500001748300100000000000000000LBI005787,42.0,Individual (1),Budget (<€75)
898277432037188513,516289066,Vizcaya,Bilbao,43.25848,-2.93394,Entire home/apt,178.0,1,12,2024-02-27,0.43,1,325,0,ESFCTU0000480270005429100000000000000000000000EB17674,178.0,Individual (1),Mid-scale (€120-180)
900073824151682916,208200792,Vizcaya,Bilbao,43.25733903673996,-2.939877313485868,Entire home/apt,256.0,1,96,2025-08-23,3.42,14,286,36,ESFCTU00004802700036664600000000000000000000EBI020161,256.0,Profesional (10+),Upscale (€180-300)
904394246367319049,65619920,Vizcaya,Bilbao,43.25965758001918,-2.92046314603271,Entire home/apt,170.0,2,15,2025-09-09,0.53,4,279,4,EBI00551,170.0,Mediano (4-10),Mid-scale (€120-180)
904765310231865978,517688481,Vizcaya,Bilbao,43.2539338,-2.9157795,Entire home/apt,132.0,1,6,2025-08-30,0.23,1,339,2,EBI02378,132.0,Individual (1),Mid-scale (€120-180)
907027925903278976,518334028,Vizcaya,Bilbao,43.2575697,-2.9289229,Entire home/apt,98.0,2,14,2025-08-25,0.51,1,46,2,ESFCTU00004802700054687100000000000000000000EBI023612,98.0,Individual (1),Economy (€75-120)
908380060930983809,518550026,Vizcaya,Bilbao,43.2586031,-2.9236497,Entire home/apt,176.0,1,18,2025-05-31,0.64,1,324,10,EBI02420,176.0,Individual (1),Mid-scale (€120-180)
908510914751414223,20611562,Vizcaya,Bilbao,43.2467,-2.92158,Entire home/apt,106.0,2,129,2025-09-24,4.75,2,119,57,ESFCTU00004802700065886400000000000000000000EBI024806,106.0,Pequeño (2-3),Economy (€75-120)
909302020442402116,138091717,Vizcaya,Bilbao,43.262071,-2.939092,Entire home/apt,353.0,2,20,2025-09-22,0.74,1,75,9,ESFCTU00004802700101132300000000000000000000EBI023551,353.0,Individual (1),Luxury (>€300)
910188868361943741,519114049,Vizcaya,Bilbao,43.26502930906906,-2.934742346405983,Entire home/apt,117.0,31,23,2025-05-16,0.84,1,333,1,,117.0,Individual (1),Economy (€75-120)
910834018795445396,671397896,Vizcaya,Bilbao,43.2569435,-2.9256522,Entire home/apt,148.0,1,84,2025-09-23,3.11,53,64,28,ESFCTU00004802600033557700000000000000000000EB1022125,148.0,Profesional (10+),Mid-scale (€120-180)
911548509906334824,519414924,Vizcaya,Bilbao,43.25926,-2.94089,Entire home/apt,229.0,1,21,2024-10-29,0.76,1,0,3,EBI02271,229.0,Individual (1),Upscale (€180-300)
912071612627452455,208200792,Vizcaya,Bilbao,43.2570365,-2.9311431,Entire home/apt,209.0,1,42,2025-08-26,1.52,14,345,9,ESFCTU00004802700053987300000000000000000000EBI018735,209.0,Profesional (10+),Upscale (€180-300)
912332588741281108,354795452,Vizcaya,Bilbao,43.25435,-2.92999,Private room,79.0,2,31,2025-09-23,1.14,2,85,14,ESHFTU00004802700047719900100000000000000000LBI005684,79.0,Pequeño (2-3),Economy (€75-120)
914467295669673217,520182967,Vizcaya,Bilbao,43.2671523,-2.9231745,Entire home/apt,95.0,1,123,2025-09-22,4.53,2,347,60,ESFCTU00004802500002022300000000000000000000EBI024790,95.0,Pequeño (2-3),Economy (€75-120)
915128802551268419,516623198,Vizcaya,Bilbao,43.25678,-2.92419,Entire home/apt,102.0,2,105,2025-09-15,3.83,1,209,41,ESFCTU00004802600028555100000000000000000000EBIO22213,102.0,Individual (1),Economy (€75-120)
916427437054936347,515944778,Vizcaya,Bilbao,43.25892,-2.93835,Entire home/apt,82.0,2,157,2025-09-27,5.68,1,59,61,ESFCTU0000480270009308610000000000000000000EBIO024333,82.0,Individual (1),Economy (€75-120)
916583783028903246,9444161,Vizcaya,Bilbao,43.25255099793607,-2.934411764144897,Private room,270.0,2,7,2024-04-12,0.26,1,77,0,ESHFTU00004802700054617800100000000000000000LBI005831,270.0,Individual (1),Upscale (€180-300)
917123274994971467,326970596,Vizcaya,Bilbao,43.25746399408101,-2.924572549073783,Entire home/apt,244.0,1,100,2025-09-22,3.99,2,82,38,ESFCTU00004802600042630500000000000000000000EBI020893,244.0,Pequeño (2-3),Upscale (€180-300)
917918008642684467,202707111,Vizcaya,Bilbao,43.25192,-2.914,Entire home/apt,165.0,1,18,2025-08-29,0.66,2,91,6,ESFCTU00004802500026146600000000000000000000EBI024550,165.0,Pequeño (2-3),Mid-scale (€120-180)
917934655278429679,202707111,Vizcaya,Bilbao,43.25168481915415,-2.9143143072724342,Entire home/apt,126.0,1,24,2025-08-16,0.9,2,84,8,ESFCTU00004802500080667400000000000000000000EBI024532,126.0,Pequeño (2-3),Mid-scale (€120-180)
917936236364433484,520993449,Vizcaya,Bilbao,43.26225,-2.93389,Entire home/apt,121.0,2,130,2025-09-28,4.79,1,227,56,LBI00607,121.0,Individual (1),Mid-scale (€120-180)
918477136007071111,336775126,Vizcaya,Bilbao,43.25715,-2.94039,Entire home/apt,122.0,1,168,2025-09-10,6.08,3,65,40,EBI02247,122.0,Pequeño (2-3),Mid-scale (€120-180)
918797394072810311,15387122,Vizcaya,Bilbao,43.25766,-2.93479,Entire home/apt,135.0,3,12,2025-01-04,0.44,1,171,4,,135.0,Individual (1),Mid-scale (€120-180)
919321206399884678,521370734,Vizcaya,Bilbao,43.262291,-2.912878,Entire home/apt,113.0,2,119,2025-09-20,4.33,1,196,57,ESFCTU00004802500009771300000000000000000000EBI025825,113.0,Individual (1),Economy (€75-120)
919457663620890907,32811069,Vizcaya,Bilbao,43.26902,-2.92594,Entire home/apt,118.0,2,38,2025-09-14,1.57,1,340,23,,118.0,Individual (1),Economy (€75-120)
919981669300477835,160412156,Vizcaya,Bilbao,43.257346758,-2.922834385,Entire home/apt,114.0,1,43,2025-09-13,1.57,45,335,7,ESFCTU00004802600031922500000000000000000000EBI007476,114.0,Profesional (10+),Economy (€75-120)
920038544872644004,85246818,Vizcaya,Bilbao,43.2668,-2.92607,Entire home/apt,132.0,1,12,2025-08-10,0.45,47,331,10,ESFCTU00004802600026657400000000000000000000EBI024228,132.0,Profesional (10+),Mid-scale (€120-180)
920259322809191494,521610497,Vizcaya,Bilbao,43.26370677174625,-2.945676828761324,Entire home/apt,144.0,3,1,2023-08-28,0.04,3,118,0,,144.0,Pequeño (2-3),Mid-scale (€120-180)
921479027074358981,521889496,Vizcaya,Bilbao,43.25774,-2.93701,Entire home/apt,165.0,1,14,2025-09-03,0.53,1,310,3,ESFCTU00004802700085695600000000000000000000EBI024693,165.0,Individual (1),Mid-scale (€120-180)
921800093791706764,54459407,Vizcaya,Bilbao,43.2540514,-2.9369485,Private room,44.0,1,135,2025-09-11,5.23,1,140,54,ESHFTU00004802700079166000100000000000000000LBI006119,44.0,Individual (1),Budget (<€75)
922134835441700269,348197632,Vizcaya,Bilbao,43.2592884,-2.9147715,Entire home/apt,247.0,2,6,2025-05-11,0.33,37,70,2,EBI02100,247.0,Profesional (10+),Upscale (€180-300)
923289441589120245,53078816,Vizcaya,Bilbao,43.27702,-2.97393,Entire home/apt,92.0,1,99,2025-09-21,3.85,14,177,37,HTI01318,92.0,Profesional (10+),Economy (€75-120)
923847470921635891,685232399,Vizcaya,Bilbao,43.25724,-2.92279,Entire home/apt,111.0,2,56,2025-09-28,2.08,5,59,21,ESFCTU00004802600032961300000000000000000000EBI017576,111.0,Mediano (4-10),Economy (€75-120)
924711177016283608,516642817,Vizcaya,Bilbao,43.2599901,-2.9452436,Entire home/apt,218.0,1,48,2025-09-24,1.78,1,99,26,ESFCTU00004802200026285100000000000000000000EBI023214,218.0,Individual (1),Upscale (€180-300)
924752101608751784,521610497,Vizcaya,Bilbao,43.262857181019086,-2.9448578576721207,Entire home/apt,173.0,3,4,2025-08-17,0.15,3,122,2,,173.0,Pequeño (2-3),Mid-scale (€120-180)
925312834852923321,521610497,Vizcaya,Bilbao,43.25915870983036,-2.92266765344239,Entire home/apt,189.0,3,0,,,3,362,0,,189.0,Pequeño (2-3),Upscale (€180-300)
926091744952220477,357472858,Vizcaya,Bilbao,43.24821,-2.91002,Private room,35.0,2,3,2023-09-07,0.12,1,355,0,,35.0,Individual (1),Budget (<€75)
927247429021396886,55029942,Vizcaya,Bilbao,43.26582,-2.93541,Private room,56.0,1,64,2025-09-16,2.35,2,151,26,,56.0,Pequeño (2-3),Budget (<€75)
928149432306498904,160412156,Vizcaya,Bilbao,43.25727454,-2.937203437,Entire home/apt,157.0,1,23,2025-07-30,0.86,45,338,3,ESFCTU00004802700067739100000000000000000000EBI012502,157.0,Profesional (10+),Mid-scale (€120-180)
928705536563963767,455227826,Vizcaya,Bilbao,43.24912,-2.9406,Private room,59.0,3,13,2025-09-21,0.48,2,330,6,,59.0,Pequeño (2-3),Budget (<€75)
928754211228353745,73341595,Vizcaya,Bilbao,43.2561483,-2.9451327,Entire home/apt,900.0,3,28,2025-08-18,1.05,4,48,11,ESFCTU00004802700034560300000000000000000000EBI025029,900.0,Mediano (4-10),Luxury (>€300)
931057843315171243,491331691,Vizcaya,Bilbao,43.2643523,-2.9268336,Entire home/apt,105.0,30,15,2025-08-24,0.64,1,120,8,ESFCNT00004802200031929600000000000000000000000000005,105.0,Individual (1),Economy (€75-120)
933287608386797296,425837616,Vizcaya,Bilbao,43.25198,-2.92253,Private room,81.0,2,29,2025-09-21,1.1,1,351,13,,81.0,Individual (1),Economy (€75-120)
935579381947239028,525707653,Vizcaya,Bilbao,43.2547798515594,-2.9446225005249094,Entire home/apt,92.0,1,102,2025-09-11,3.82,1,345,53,ESFCTU00004802700058402600000000000000000000EBI022657,92.0,Individual (1),Economy (€75-120)
936165858247332045,243682671,Vizcaya,Bilbao,43.25741,-2.94505,Entire home/apt,182.0,2,109,2025-09-15,4.09,1,230,46,ESFCTU00004802700033449200000000000000000000EBI025184,182.0,Individual (1),Upscale (€180-300)
937631034926152108,526279572,Vizcaya,Bilbao,43.2574227,-2.9287668,Entire home/apt,109.0,2,16,2025-08-27,0.61,1,56,11,ESFCTU00004802600029648900000000000000000000EBI021368,109.0,Individual (1),Economy (€75-120)
938898848963117385,526651245,Vizcaya,Bilbao,43.25501,-2.91604,Entire home/apt,101.0,2,10,2025-08-11,0.45,1,329,4,ESFCTU00004802500028279900000000000000000000EBI022862,101.0,Individual (1),Economy (€75-120)
941173142767254352,9847795,Vizcaya,Bilbao,43.2566202,-2.924267,Entire home/apt,119.0,30,2,2025-07-13,0.12,2,312,1,E.BI-01563,119.0,Pequeño (2-3),Economy (€75-120)
943449428893724670,517355179,Vizcaya,Bilbao,43.2494923,-2.940603,Private room,37.0,1,28,2025-09-08,1.07,1,12,24,,37.0,Individual (1),Budget (<€75)
944223900044659683,436808804,Vizcaya,Bilbao,43.2698106,-2.9500647,Private room,60.0,1,9,2025-08-25,0.37,3,266,6,,60.0,Pequeño (2-3),Budget (<€75)
944371050256363152,528119064,Vizcaya,Bilbao,43.2631847,-2.9102934,Entire home/apt,80.0,3,68,2025-09-21,2.59,2,165,17,EBI02504,80.0,Pequeño (2-3),Economy (€75-120)
949069864804656959,526268786,Vizcaya,Bilbao,43.26146929999999,-2.9265301,Entire home/apt,165.0,1,7,2025-09-03,2.84,3,228,7,,165.0,Pequeño (2-3),Mid-scale (€120-180)
949179578721881782,529436868,Vizcaya,Bilbao,43.2572741,-2.9249011,Entire home/apt,123.0,2,24,2025-08-20,0.93,1,35,11,ESFCTU00004802600026463100000000000000000000EBI024367,123.0,Individual (1),Mid-scale (€120-180)
949188586644430784,526268786,Vizcaya,Bilbao,43.26146929999999,-2.9265301,Entire home/apt,281.0,1,5,2025-09-05,1.21,3,212,5,,281.0,Pequeño (2-3),Upscale (€180-300)
949897234836091881,160412156,Vizcaya,Bilbao,43.2568823,-2.9251075,Entire home/apt,107.0,1,24,2025-08-10,0.93,45,338,14,ESFCTU00004802600025395600000000000000000000EBI007696,107.0,Profesional (10+),Economy (€75-120)
950533956991244709,7513964,Vizcaya,Bilbao,43.2556903,-2.9280647,Entire home/apt,85.0,1,91,2025-09-16,3.48,1,337,35,202000000180172,85.0,Individual (1),Economy (€75-120)
952765278674550695,526268786,Vizcaya,Bilbao,43.26146929999999,-2.9265301,Entire home/apt,275.0,1,2,2025-07-28,0.6,3,142,2,,275.0,Pequeño (2-3),Upscale (€180-300)
953375645066247106,671397896,Vizcaya,Bilbao,43.2571974,-2.9238378,Entire home/apt,157.0,1,64,2025-08-10,2.46,53,70,19,ESFCTU00004802600041058800000000000000000000EBI020691,157.0,Profesional (10+),Mid-scale (€120-180)
955227139751614069,462806893,Vizcaya,Bilbao,43.2489286,-2.9177353,Entire home/apt,149.0,1,14,2025-08-28,0.72,20,249,12,TBI00071,149.0,Profesional (10+),Mid-scale (€120-180)
955229703996457315,462806893,Vizcaya,Bilbao,43.2489286,-2.9177353,Entire home/apt,146.0,1,26,2025-08-08,1.47,20,252,10,TBI00071,146.0,Profesional (10+),Mid-scale (€120-180)
955231257148469459,462806893,Vizcaya,Bilbao,43.2489809,-2.9186718,Entire home/apt,144.0,1,11,2025-08-17,0.62,20,250,9,TBI00071,144.0,Profesional (10+),Mid-scale (€120-180)
955232587661463613,462806893,Vizcaya,Bilbao,43.2489286,-2.9177353,Entire home/apt,137.0,1,1,2024-03-19,0.05,20,250,0,TBI00071,137.0,Profesional (10+),Mid-scale (€120-180)
956997120503334414,531561073,Vizcaya,Bilbao,43.25856,-2.91966,Entire home/apt,127.0,3,100,2025-09-21,3.87,2,235,42,,127.0,Pequeño (2-3),Mid-scale (€120-180)
957286182655926568,90501842,Vizcaya,Bilbao,43.25819800676054,-2.9259464134918134,Entire home/apt,159.0,1,186,2025-09-25,7.21,1,24,83,ESFCTU00004802600024280600000000000000000000EBI021373,159.0,Individual (1),Mid-scale (€120-180)
959161941313834801,532142818,Vizcaya,Bilbao,43.25827,-2.933,Entire home/apt,134.0,1,9,2025-09-06,0.35,1,2,4,ESFCTU00004802700092578200000000000000000000EBI024895,134.0,Individual (1),Mid-scale (€120-180)
959348292717357485,254392009,Vizcaya,Bilbao,43.2646714,-2.9556501,Entire home/apt,97.0,2,17,2025-07-16,0.68,5,241,3,ESFCTU00004802200053933500000000000000000000EBI024840,97.0,Mediano (4-10),Economy (€75-120)
961643047269307750,532767200,Vizcaya,Bilbao,43.25014,-2.95091,Private room,90.0,1,4,2024-05-26,0.16,1,89,0,,90.0,Individual (1),Economy (€75-120)
962433536299368676,482121734,Vizcaya,Bilbao,43.27525,-2.97495,Private room,26.0,1,32,2025-08-15,1.25,1,259,15,,26.0,Individual (1),Budget (<€75)
976149188985626428,479377040,Vizcaya,Bilbao,43.26412,-2.92511,Entire home/apt,227.0,1,88,2025-09-24,3.58,1,85,37,ESFCTU00004802200002075800000000000000000000EBI025735,227.0,Individual (1),Upscale (€180-300)
978002315582707436,160412156,Vizcaya,Bilbao,43.248888999,-2.910443789,Entire home/apt,85.0,1,17,2025-08-31,0.7,45,342,7,ESFCTU00004802500011710700000000000000000000EBI016243,85.0,Profesional (10+),Economy (€75-120)
981006298739884578,537243517,Vizcaya,Bilbao,43.27184,-2.94806,Entire home/apt,105.0,1,24,2025-08-19,1.02,3,320,13,Exempt,105.0,Pequeño (2-3),Economy (€75-120)
981070032935350359,537243517,Vizcaya,Bilbao,43.27159,-2.94899,Entire home/apt,107.0,1,16,2025-08-11,0.92,3,323,9,Exempt,107.0,Pequeño (2-3),Economy (€75-120)
981080413539149625,537243517,Vizcaya,Bilbao,43.27322,-2.94833,Entire home/apt,128.0,1,32,2025-09-15,1.41,3,300,25,Exempt,128.0,Pequeño (2-3),Mid-scale (€120-180)
984082656511214554,6468379,Vizcaya,Bilbao,43.2625793815182,-2.9301441375732478,Entire home/apt,226.0,2,49,2025-09-24,2.05,1,107,37,ESFCTU00004802200059926100000000000000000000EBI014838,226.0,Individual (1),Upscale (€180-300)
989094781111510945,155538438,Vizcaya,Bilbao,43.27476,-2.95278,Entire home/apt,224.0,3,16,2025-08-24,0.73,1,70,5,,224.0,Individual (1),Upscale (€180-300)
992499862755673235,456498604,Vizcaya,Bilbao,43.27215,-2.95027,Private room,32.0,1,108,2025-09-15,4.47,2,204,56,,32.0,Pequeño (2-3),Budget (<€75)
993982605466329615,671397896,Vizcaya,Bilbao,43.2637592,-2.9399782,Entire home/apt,89.0,1,20,2025-08-09,0.85,53,54,12,ESFCTU00004802700044987500000000000000000000EBI010823,89.0,Profesional (10+),Economy (€75-120)
994188894059641036,30002157,Vizcaya,Bilbao,43.25609,-2.92486,Private room,124.0,1,31,2025-07-22,1.28,1,343,8,ESHFTU00004802600042761600100000000000000000LBI006184,124.0,Individual (1),Mid-scale (€120-180)
996489841384910441,540697052,Vizcaya,Bilbao,43.26246,-2.91623,Entire home/apt,86.0,2,51,2025-09-06,2.2,1,255,25,EBI027023,86.0,Individual (1),Economy (€75-120)
1004444009654417887,4860687,Vizcaya,Bilbao,43.25807443244891,-2.938311025500297,Entire home/apt,173.0,1,88,2025-09-22,4.2,2,76,36,esfctu00004802700097696800000000000000000000ebi018575,173.0,Pequeño (2-3),Mid-scale (€120-180)
1009380820001750214,543276496,Vizcaya,Bilbao,43.26509,-2.92337,Entire home/apt,113.0,1,4,2025-08-12,0.18,2,243,1,ESFCTU00004802600023969100000000000000000000EBI023702,113.0,Pequeño (2-3),Economy (€75-120)
1010138585480711722,543436712,Vizcaya,Bilbao,43.26534,-2.93139,Entire home/apt,118.0,1,42,2025-08-21,1.87,1,290,11,ESFCTU00004802200022838300000000000000000000EBI025296,118.0,Individual (1),Economy (€75-120)
1017349936919854345,251488672,Vizcaya,Bilbao,43.2495129,-2.9298719,Private room,66.0,1,7,2025-07-13,0.31,2,84,4,,66.0,Pequeño (2-3),Budget (<€75)
1019463555247071621,545379488,Vizcaya,Bilbao,43.24809,-2.91143,Entire home/apt,82.0,2,57,2025-09-28,2.59,1,252,44,ESFCTU00004802500022884100000000000000000000EBI026776,82.0,Individual (1),Economy (€75-120)
1022500213551736830,111564751,Vizcaya,Bilbao,43.25716,-2.93022,Entire home/apt,82.0,2,88,2025-09-26,4.75,1,128,51,ESFCTU00004802700061711300000000000000000000EBI000994,82.0,Individual (1),Economy (€75-120)
1028886180437671075,540513939,Vizcaya,Bilbao,43.2660889,-2.937008,Private room,47.0,1,11,2025-03-18,0.5,1,65,7,LBI00627,47.0,Individual (1),Budget (<€75)
1029436278524523221,16126315,Vizcaya,Bilbao,43.26163,-2.93201,Entire home/apt,264.0,1,49,2025-09-20,2.22,24,95,25,ESFCTU00004802200052180400000000000000000000EBI026815,264.0,Profesional (10+),Upscale (€180-300)
1031186109355043198,65042652,Vizcaya,Bilbao,43.258662652136486,-2.90101021528244,Entire home/apt,95.0,2,10,2025-08-10,0.6,7,213,3,ESFCTU00004803500167553700000000000000000000EBI015657,95.0,Mediano (4-10),Economy (€75-120)
1034037390869609915,29324517,Vizcaya,Bilbao,43.2564069,-2.9232924,Entire home/apt,113.0,2,134,2025-09-27,6.05,2,267,68,ESFCTU00004802600048388900000000000000000000EBI009447,113.0,Pequeño (2-3),Economy (€75-120)
1034074748092915818,436808804,Vizcaya,Bilbao,43.27739,-2.95058,Private room,61.0,1,4,2025-09-28,0.98,3,265,4,,61.0,Pequeño (2-3),Budget (<€75)
1034552114498246177,548496385,Vizcaya,Bilbao,43.25499162383405,-2.9228343940428245,Entire home/apt,45.0,30,4,2025-08-01,0.27,1,146,1,,45.0,Individual (1),Budget (<€75)
1035533304468168877,548710568,Vizcaya,Bilbao,43.26676,-2.92614,Entire home/apt,147.0,1,53,2025-09-24,2.47,1,282,19,ESFCTU00004802600026567600000000000000000000EBI026330,147.0,Individual (1),Mid-scale (€120-180)
1036701064354345778,548941402,Vizcaya,Bilbao,43.25584,-2.9307,Entire home/apt,129.0,2,11,2025-04-21,0.53,1,300,4,ESFCTU00004802700043664600000000000000000000EBI027106,129.0,Individual (1),Mid-scale (€120-180)
1040378943259638555,68986095,Vizcaya,Bilbao,43.26849,-2.93021,Private room,69.0,1,28,2025-09-24,1.34,15,305,23,Exempt,69.0,Profesional (10+),Budget (<€75)
1040462081216966623,68986095,Vizcaya,Bilbao,43.26981,-2.92881,Private room,85.0,1,29,2025-08-01,1.4,15,293,21,Exempt,85.0,Profesional (10+),Economy (€75-120)
1040464958281383955,68986095,Vizcaya,Bilbao,43.26825,-2.92834,Private room,81.0,1,35,2025-09-01,1.89,15,284,31,Exempt,81.0,Profesional (10+),Economy (€75-120)
1041236321519775948,15116959,Vizcaya,Bilbao,43.25497,-2.9171,Entire home/apt,143.0,30,1,2025-07-13,0.37,1,343,1,EBI02263,143.0,Individual (1),Mid-scale (€120-180)
1042220739529655700,134385122,Vizcaya,Bilbao,43.26644,-2.95761,Entire home/apt,145.0,2,9,2025-04-19,0.42,3,135,2,EBI01241,145.0,Pequeño (2-3),Mid-scale (€120-180)
1046972125697871427,671397896,Vizcaya,Bilbao,43.2677904,-2.9326424,Entire home/apt,116.0,1,51,2025-08-24,2.46,53,56,27,ESFCTU000048022000240569000000000000000000EBI01010635,116.0,Profesional (10+),Economy (€75-120)
1050818367312006135,34111511,Vizcaya,Bilbao,43.2569085,-2.9221735,Entire home/apt,230.0,1,101,2025-09-25,6.54,2,204,79,ESFCTU00004802600029894000000000000000000000EBI026668,230.0,Pequeño (2-3),Upscale (€180-300)
1055695126563357814,552893902,Vizcaya,Bilbao,43.24830567969975,-2.9115328042297417,Entire home/apt,128.0,2,9,2025-08-03,0.53,1,84,4,ESFCTU00004802500027904100000000000000000000EBI019158,128.0,Individual (1),Mid-scale (€120-180)
1060861420443133835,75918846,Vizcaya,Bilbao,43.2561143,-2.9322775,Entire home/apt,73.0,3,73,2025-09-23,3.99,2,86,47,ESFCTU00004802700071764600000000000000000000EBI022189,73.0,Pequeño (2-3),Budget (<€75)
1061632448283336894,541408187,Vizcaya,Bilbao,43.25517,-2.93098,Private room,70.0,2,3,2024-05-19,0.15,4,82,0,ESFCTU00004802700050174000000000000000000000EBI018393,70.0,Mediano (4-10),Budget (<€75)
1061666132213423866,541408187,Vizcaya,Bilbao,43.25396,-2.93072,Private room,65.0,2,8,2024-05-03,0.38,4,93,0,ESFCTU00004802700050174000000000000000000000EBI018393,65.0,Mediano (4-10),Budget (<€75)
1061697901988287218,541408187,Vizcaya,Bilbao,43.2540071,-2.9321463,Private room,81.0,2,3,2024-10-24,0.15,4,92,1,ESFCTU00004802700050174000000000000000000000EBI018393,81.0,Mediano (4-10),Economy (€75-120)
1061808441193555642,541408187,Vizcaya,Bilbao,43.2540071,-2.9321463,Private room,69.0,2,10,2025-05-08,0.48,4,15,4,ESFCTU00004802700050174000000000000000000000EBI018393,69.0,Mediano (4-10),Budget (<€75)
1062464205189394328,1847976,Vizcaya,Bilbao,43.2648775,-2.9319931,Entire home/apt,95.0,30,8,2025-09-12,0.56,1,206,6,ESFCNT00004802200022140700000000000000000000000000001,95.0,Individual (1),Economy (€75-120)
1063699771368790310,286125698,Vizcaya,Bilbao,43.25780410815975,-2.9446026963375598,Entire home/apt,100.0,2,36,2025-09-14,1.83,1,348,19,ESFCTU00004802700027812300000000000000000000EBI026240,100.0,Individual (1),Economy (€75-120)
1064357764562443563,253276306,Vizcaya,Bilbao,43.26415,-2.91724,Entire home/apt,91.0,2,43,2025-09-14,2.16,5,135,28,ESFCTU00004802500004879100000000000000000000EBI027180,91.0,Mediano (4-10),Economy (€75-120)
1065207624675691464,555493308,Vizcaya,Bilbao,43.2529,-2.91556,Entire home/apt,65.0,1,18,2025-09-14,1.02,1,317,9,ESFCTU00004802500032386700000000000000000000EBI027616,65.0,Individual (1),Budget (<€75)
1069509918320763299,85246818,Vizcaya,Bilbao,43.25418,-2.91578,Entire home/apt,91.0,1,5,2025-08-17,0.26,47,309,2,ESFCTU000048025000719097000000000000000000000EBI02750,91.0,Profesional (10+),Economy (€75-120)
1070085539841835171,160412156,Vizcaya,Bilbao,43.2508304,-2.9133117,Entire home/apt,77.0,1,11,2025-07-27,0.56,45,309,7,ESFCTU00004802500014074700000000000000000000EBI020840,77.0,Profesional (10+),Economy (€75-120)
1070111204056077899,540484130,Vizcaya,Bilbao,43.2514346,-2.9200034,Entire home/apt,95.0,2,21,2025-09-11,1.13,1,222,13,ESFCTU00004802600021675300000000000000000000EBI027773,95.0,Individual (1),Economy (€75-120)
1071101794498909825,557102774,Vizcaya,Bilbao,43.25988,-2.91817,Entire home/apt,144.0,2,55,2025-09-28,2.72,1,75,30,ESFCTU00004802600026177700000000000000000000EBI027373,144.0,Individual (1),Mid-scale (€120-180)
1076001221507732880,462806893,Vizcaya,Bilbao,43.24951,-2.91809,Entire home/apt,138.0,1,3,2025-06-15,0.16,20,254,1,TBI00071,138.0,Profesional (10+),Mid-scale (€120-180)
1076067097945270331,558376524,Vizcaya,Bilbao,43.25771568641781,-2.923477525199467,Private room,92.0,2,25,2025-08-31,1.35,1,346,13,LBI00629,92.0,Individual (1),Economy (€75-120)
1077370729212392965,558684125,Vizcaya,Bilbao,43.25094,-2.94649,Entire home/apt,86.0,3,52,2025-09-23,2.65,1,225,30,EBI02549,86.0,Individual (1),Economy (€75-120)
1080236458052571863,462806893,Vizcaya,Bilbao,43.2489809,-2.9186718,Entire home/apt,138.0,1,4,2025-05-22,0.21,20,254,2,TBI00071,138.0,Profesional (10+),Mid-scale (€120-180)
1080239309710863970,462806893,Vizcaya,Bilbao,43.2489501,-2.9180188,Entire home/apt,143.0,1,13,2025-09-22,0.69,20,268,11,TBI00071,143.0,Profesional (10+),Mid-scale (€120-180)
1080242378460350612,462806893,Vizcaya,Bilbao,43.2489501,-2.9180188,Entire home/apt,141.0,1,2,2025-07-13,0.12,20,251,1,TBI00071,141.0,Profesional (10+),Mid-scale (€120-180)
1080246222865843238,462806893,Vizcaya,Bilbao,43.2489501,-2.9180188,Entire home/apt,143.0,1,7,2025-08-24,0.36,20,252,1,TBI00071,143.0,Profesional (10+),Mid-scale (€120-180)
1080248603861317703,462806893,Vizcaya,Bilbao,43.2489501,-2.9180188,Entire home/apt,141.0,1,21,2025-08-20,1.11,20,256,10,TBI00071,141.0,Profesional (10+),Mid-scale (€120-180)
1081762867540292187,520182967,Vizcaya,Bilbao,43.26628,-2.92205,Entire home/apt,165.0,1,95,2025-09-23,4.94,2,338,63,ESFCTU00004802500002027800000000000000000000EBI026558,165.0,Pequeño (2-3),Mid-scale (€120-180)
1081845657244790892,534780077,Vizcaya,Bilbao,43.2643,-2.95924,Entire home/apt,83.0,2,8,2025-08-18,0.65,5,341,7,ESFCTU00004802200006405900000000000000000000EBI017909,83.0,Mediano (4-10),Economy (€75-120)
1082365865409511958,559921507,Vizcaya,Bilbao,43.26673,-2.91947,Entire home/apt,100.0,1,97,2025-09-20,5.11,2,336,54,ESFCTU00004802500004471700000000000000000000EBI028204,100.0,Pequeño (2-3),Economy (€75-120)
1083898355594146781,560259052,Vizcaya,Bilbao,43.26561,-2.92986,Entire home/apt,188.0,1,19,2025-08-22,0.99,4,317,13,EBI02393,188.0,Mediano (4-10),Upscale (€180-300)
1085222519003607392,560259052,Vizcaya,Bilbao,43.26093,-2.926,Entire home/apt,169.0,1,7,2025-05-04,0.36,4,317,1,EBI001964,169.0,Mediano (4-10),Mid-scale (€120-180)
1085317180000328493,560259052,Vizcaya,Bilbao,43.26091,-2.92624,Entire home/apt,168.0,1,15,2025-07-26,0.82,4,336,7,EBI01965,168.0,Mediano (4-10),Mid-scale (€120-180)
1085451858597154644,560670073,Vizcaya,Bilbao,43.26312,-2.95483,Entire home/apt,125.0,1,15,2025-08-30,0.86,1,55,12,ESFCTU00004802200023279300000000000000000000EBIO25616,125.0,Individual (1),Mid-scale (€120-180)
1085452754620519919,560259052,Vizcaya,Bilbao,43.2669,-2.93505,Entire home/apt,156.0,1,11,2025-09-10,0.77,4,282,9,EBI00889,156.0,Mediano (4-10),Mid-scale (€120-180)
1086927952657239109,561025973,Vizcaya,Bilbao,43.2595485,-2.921926,Entire home/apt,168.0,1,8,2025-08-19,0.41,1,319,5,ESFCTU00004802600038259500000000000000000000EBI025791,168.0,Individual (1),Mid-scale (€120-180)
1086969680899005547,543276496,Vizcaya,Bilbao,43.25965,-2.96043,Entire home/apt,77.0,1,18,2025-05-04,0.96,2,294,5,ESFCTU00004803600118757000000000000000000000EBI023191,77.0,Pequeño (2-3),Economy (€75-120)
1087625451965565648,559573039,Vizcaya,Bilbao,43.2561977,-2.9294663,Entire home/apt,160.0,1,5,2024-08-04,0.27,1,174,0,,160.0,Individual (1),Mid-scale (€120-180)
1087684113897371502,150384763,Vizcaya,Bilbao,43.25949687985333,-2.953523422090152,Entire home/apt,86.0,2,59,2025-09-23,3.09,1,74,31,ESFCTU00004802700113469500000000000000000000EBI028271,86.0,Individual (1),Economy (€75-120)
1088469456550174114,51114482,Vizcaya,Bilbao,43.25036894530402,-2.913310341802975,Entire home/apt,107.0,2,13,2025-09-17,0.7,1,82,9,,107.0,Individual (1),Economy (€75-120)
1090652874316588977,561895686,Vizcaya,Bilbao,43.27019,-2.92502,Entire home/apt,107.0,1,30,2025-07-20,1.59,1,286,12,ESFCTU00004802500009406400000000000000000000EBI027832,107.0,Individual (1),Economy (€75-120)
1092559860629673629,4554244,Vizcaya,Bilbao,43.25326219999999,-2.9249498,Entire home/apt,139.0,3,22,2025-08-05,1.2,1,109,8,lbi00678,139.0,Individual (1),Mid-scale (€120-180)
1094252308147470097,531561073,Vizcaya,Bilbao,43.25371773812191,-2.9230891540646557,Entire home/apt,113.0,3,88,2025-09-24,4.52,2,251,47,,113.0,Pequeño (2-3),Economy (€75-120)
1095584787528045110,563045051,Vizcaya,Bilbao,43.2667904,-2.9239991,Entire home/apt,157.0,1,51,2025-09-05,2.66,1,332,22,ESFCTU00004802600042029700000000000000000000EBI027599,157.0,Individual (1),Mid-scale (€120-180)
1096332717797062928,160412156,Vizcaya,Bilbao,43.266710759,-2.935212659,Entire home/apt,95.0,1,13,2025-08-31,0.71,45,236,11,ESFCTU00004802200025334700000000000000000000EBI004572,95.0,Profesional (10+),Economy (€75-120)
1097025046481108965,562138762,Vizcaya,Bilbao,43.2600656,-2.9452436,Entire home/apt,137.0,1,51,2025-09-29,2.74,1,89,34,ESFCTU00004802200001819900000000000000000000EBI027193,137.0,Individual (1),Mid-scale (€120-180)
1097763896518689648,261227766,Vizcaya,Bilbao,43.26305869999999,-2.9449716,Entire home/apt,279.0,2,60,2025-09-25,3.22,1,103,33,ESFCTU00004802200031478900000000000000000000EBI028132,279.0,Individual (1),Upscale (€180-300)
1098309529332272854,563691558,Vizcaya,Bilbao,43.25467,-2.92681,Entire home/apt,95.0,1,26,2025-08-17,1.44,1,73,11,ESFCTU00004802700077740400000000000000000000EBI026208,95.0,Individual (1),Economy (€75-120)
1100511992414602676,564036693,Vizcaya,Bilbao,43.25945644578529,-2.940361239016056,Entire home/apt,240.0,3,1,2024-06-02,0.06,1,132,0,ESFCTU00004802700010429300000000000000000000EBI025690,240.0,Individual (1),Upscale (€180-300)
1100619177654895902,265841481,Vizcaya,Bilbao,43.25903,-2.93566,Entire home/apt,173.0,2,23,2025-09-13,1.28,1,149,12,E.BI-978,173.0,Individual (1),Mid-scale (€120-180)
1102247129940715596,564666948,Vizcaya,Bilbao,43.26828,-2.92351,Entire home/apt,92.0,2,20,2025-09-14,1.07,1,302,9,ESFCTU00004802600021733000000000000000000000EBI027911,92.0,Individual (1),Economy (€75-120)
1102807132651584602,408288773,Vizcaya,Bilbao,43.2493939,-2.9202094,Entire home/apt,159.0,1,3,2025-05-10,0.47,9,263,3,,159.0,Mediano (4-10),Mid-scale (€120-180)
1102848085159563011,408288773,Vizcaya,Bilbao,43.2493939,-2.9202094,Entire home/apt,184.0,1,0,,,9,261,0,,184.0,Mediano (4-10),Upscale (€180-300)
1102856144702647921,408288773,Vizcaya,Bilbao,43.2493939,-2.9202094,Entire home/apt,194.0,1,0,,,9,261,0,,194.0,Mediano (4-10),Upscale (€180-300)
1102859500770995408,408288773,Vizcaya,Bilbao,43.2493939,-2.9202094,Entire home/apt,192.0,1,0,,,9,263,0,,192.0,Mediano (4-10),Upscale (€180-300)
1102862199585325272,408288773,Vizcaya,Bilbao,43.2493939,-2.9202094,Entire home/apt,202.0,1,0,,,9,263,0,,202.0,Mediano (4-10),Upscale (€180-300)
1105751869506352476,364281314,Vizcaya,Bilbao,43.2675673,-2.9161003,Entire home/apt,105.0,2,69,2025-09-15,3.88,1,10,40,EBI02742,105.0,Individual (1),Economy (€75-120)
1106950672583841184,562146656,Vizcaya,Bilbao,43.25700291073891,-2.924911117706932,Entire home/apt,107.0,2,95,2025-09-25,5.33,1,121,60,ESFCTU00004802600040698700000000000000000000EBI024956,107.0,Individual (1),Economy (€75-120)
1107113016945867805,106281994,Vizcaya,Bilbao,43.26533217758037,-2.9223177895683583,Private room,42.0,1,25,2025-08-09,1.33,3,247,11,,42.0,Pequeño (2-3),Budget (<€75)
1107199943470198864,565871637,Vizcaya,Bilbao,43.2607429,-2.9227054,Entire home/apt,157.0,2,8,2025-08-08,0.49,1,60,5,ESFCTU00004802600054960800000000000000000000EBI024411,157.0,Individual (1),Mid-scale (€120-180)
1107270156382120575,230471242,Vizcaya,Bilbao,43.2638489,-2.9465461,Entire home/apt,208.0,1,39,2025-09-09,2.13,1,107,22,ESFCTU00004802200029438800000000000000000000EBI009515,208.0,Individual (1),Upscale (€180-300)
1108711282797859365,160412156,Vizcaya,Bilbao,43.2595118,-2.9486502,Entire home/apt,85.0,1,22,2025-08-25,1.2,45,275,11,ESFCTU00004802200029511800000000000000000000EBI028044,85.0,Profesional (10+),Economy (€75-120)
1112279722758441044,85246818,Vizcaya,Bilbao,43.27116,-2.94894,Entire home/apt,137.0,1,17,2025-09-08,0.98,47,344,9,ESFCTU00004802100006073300000000000000000000EBI027124,137.0,Profesional (10+),Mid-scale (€120-180)
1112924651445851758,61655708,Vizcaya,Bilbao,43.25861479466787,-2.943496406078338,Entire home/apt,156.0,1,28,2025-09-10,1.89,1,205,17,ESFCTU00004802200002222600000000000000000000EBI025058,156.0,Individual (1),Mid-scale (€120-180)
1116534389760421255,374138888,Vizcaya,Bilbao,43.2620969,-2.9285592,Entire home/apt,149.0,1,29,2025-08-24,1.72,14,239,27,TBI00077,149.0,Profesional (10+),Mid-scale (€120-180)
1117185035643375094,568190184,Vizcaya,Bilbao,43.25712,-2.9399,Entire home/apt,143.0,1,3,2024-07-23,0.17,1,313,0,ESFCTU00004802700008399400000000000000000000EBI014636,143.0,Individual (1),Mid-scale (€120-180)
1117244480290128149,671397896,Vizcaya,Bilbao,43.2664171,-2.9335738,Entire home/apt,150.0,1,49,2025-09-07,2.88,53,62,27,ESFCTU00004802200032206700000000000000000000EBI028062,150.0,Profesional (10+),Mid-scale (€120-180)
1117960271329768056,124256500,Vizcaya,Bilbao,43.2551709199624,-2.93505235439751,Private room,41.0,1,0,,,6,7,0,,41.0,Mediano (4-10),Budget (<€75)
1119550211342379304,562161610,Vizcaya,Bilbao,43.2668157,-2.924316,Entire home/apt,140.0,30,5,2024-07-20,0.28,1,257,0,EBI02751,140.0,Individual (1),Mid-scale (€120-180)
1119834444986652507,568794443,Vizcaya,Bilbao,43.2583,-2.93581,Entire home/apt,95.0,1,50,2025-08-24,2.81,1,79,17,LBI00647,95.0,Individual (1),Economy (€75-120)
1120814551336080464,528119064,Vizcaya,Bilbao,43.26316,-2.91011,Entire home/apt,98.0,3,26,2025-04-14,1.42,2,174,5,ESFCTU00004802500009041700000000000000000000EBI028868,98.0,Pequeño (2-3),Economy (€75-120)
1121007788322472981,245109633,Vizcaya,Bilbao,43.26408,-2.92181,Entire home/apt,321.0,2,20,2025-09-12,1.28,6,140,15,ESFCTU00004802600021011900000000000000000000EBI025038,321.0,Mediano (4-10),Luxury (>€300)
1121882708872405499,559921507,Vizcaya,Bilbao,43.26745,-2.9233,Entire home/apt,99.0,1,49,2025-09-26,2.74,2,315,25,ESFCTU00004802500055909900000000000000000000EBI009634,99.0,Pequeño (2-3),Economy (€75-120)
1122273464191356685,485801266,Vizcaya,Bilbao,43.25268,-2.91881,Entire home/apt,106.0,3,23,2025-09-14,1.35,29,147,17,ESFCTU00004802600047382800000000000000000000EBI028549,106.0,Profesional (10+),Economy (€75-120)
1122547449302609321,2912413,Vizcaya,Bilbao,43.2476,-2.90769,Entire home/apt,204.0,1,12,2025-09-18,0.7,1,326,8,ESFCTU00004802500079980800000000000000000000EBI028820,204.0,Individual (1),Upscale (€180-300)
1125400247980455583,569868266,Vizcaya,Bilbao,43.2603934,-2.9481694,Entire home/apt,163.0,2,85,2025-09-28,4.81,1,215,70,ESFCTU00004802200036300800000000000000000000EBI028246,163.0,Individual (1),Mid-scale (€120-180)
1128969499818193564,53078816,Vizcaya,Bilbao,43.24940689576397,-2.911884225904942,Private room,82.0,1,64,2025-08-22,4.26,14,177,27,,82.0,Profesional (10+),Economy (€75-120)
1128998564039350381,53078816,Vizcaya,Bilbao,43.2498313273993,-2.9292424768209457,Private room,90.0,1,85,2025-09-22,5.72,14,177,47,,90.0,Profesional (10+),Economy (€75-120)
1130446230790381194,106281994,Vizcaya,Bilbao,43.2657272,-2.9221011,Private room,47.0,1,15,2025-09-13,0.86,3,238,7,,47.0,Pequeño (2-3),Budget (<€75)
1131201994179060599,571390396,Vizcaya,Bilbao,43.2681106,-2.9222638,Private room,52.0,2,11,2025-06-13,0.67,1,5,4,ESHFTU00004802500002720800100000000000000000LBI006445,52.0,Individual (1),Budget (<€75)
1136023399023948676,85246818,Vizcaya,Bilbao,43.26776,-2.92432,Entire home/apt,137.0,1,15,2025-08-21,0.89,47,350,9,ESFCTU00004802500035975000000000000000000000EBI025469,137.0,Profesional (10+),Mid-scale (€120-180)
1136237151868818134,524569276,Vizcaya,Bilbao,43.26574781981789,-2.9134999215602875,Private room,45.0,1,1,2024-05-04,0.06,1,263,0,,45.0,Individual (1),Budget (<€75)
1136329648330416952,23028672,Vizcaya,Bilbao,43.26759,-2.92624,Entire home/apt,166.0,1,122,2025-09-24,6.89,4,306,80,ESFCTU00004802600031563000000000000000000000EBI024882,166.0,Mediano (4-10),Mid-scale (€120-180)
1136715357135505239,33281529,Vizcaya,Bilbao,43.2590141,-2.9251254,Entire home/apt,214.0,3,36,2025-09-22,2.1,1,77,25,ESFCTU00004802600056599800000000000000000000EBI028747,214.0,Individual (1),Upscale (€180-300)
1137468431688172670,572935773,Vizcaya,Bilbao,43.2724,-2.95818,Private room,125.0,1,776,2025-09-28,47.61,2,364,702,TBI00058,125.0,Pequeño (2-3),Mid-scale (€120-180)
1137665040568353341,351632343,Vizcaya,Bilbao,43.25725,-2.92801,Entire home/apt,84.0,2,64,2025-09-10,4.07,2,10,47,ESFCTU00004802700037989900000000000000000000EBI029113,84.0,Pequeño (2-3),Economy (€75-120)
1138941879901686135,20403730,Vizcaya,Bilbao,43.2643523,-2.9268336,Entire home/apt,143.0,2,21,2025-09-23,1.23,1,145,12,ESFCTU00004802200048977700000000000000000000EBI028927,143.0,Individual (1),Mid-scale (€120-180)
1139038108345975572,685232399,Vizcaya,Bilbao,43.25936,-2.92446,Private room,79.0,1,25,2025-09-26,1.46,5,1,18,ESHFTU00004802600053243300200000000000000000LBI005340,79.0,Mediano (4-10),Economy (€75-120)
1139038242821955687,685232399,Vizcaya,Bilbao,43.258342,-2.9249182,Private room,79.0,1,7,2025-08-19,0.44,5,1,2,ESHFTU00004802600053243300500000000000000000LBI005347,79.0,Mediano (4-10),Economy (€75-120)
1139081308215578917,685232399,Vizcaya,Bilbao,43.258342,-2.9249182,Private room,79.0,1,8,2025-09-16,0.46,5,1,3,ESHFTU00004802600053243300400000000000000000LBI005348,79.0,Mediano (4-10),Economy (€75-120)
1141337346424990357,573866445,Vizcaya,Bilbao,43.25529,-2.93709,Entire home/apt,101.0,1,12,2024-10-20,0.72,1,52,1,ESFCTU00004802700085397900000000000000000000EBI026873,101.0,Individual (1),Economy (€75-120)
1145493560603454942,85246818,Vizcaya,Bilbao,43.28184,-2.96376,Entire home/apt,75.0,1,28,2025-08-27,1.74,47,319,20,ESFCTU00004802400004896100000000000000000000EBI029076,75.0,Profesional (10+),Budget (<€75)
1145521113833867205,248601623,Vizcaya,Bilbao,43.2575451,-2.9357648,Entire home/apt,225.0,1,42,2025-09-15,2.49,6,338,16,ESFCTU00004802700081749000000000000000000000EBI024785,225.0,Mediano (4-10),Upscale (€180-300)
1147606197667124986,374138888,Vizcaya,Bilbao,43.2620969,-2.9285592,Entire home/apt,161.0,1,78,2025-09-11,4.62,14,233,65,TBI00077,161.0,Profesional (10+),Mid-scale (€120-180)
1147615284937046964,374138888,Vizcaya,Bilbao,43.2620969,-2.9285592,Entire home/apt,133.0,1,52,2025-09-12,3.08,14,238,45,TBI00077,133.0,Profesional (10+),Mid-scale (€120-180)
1147634162455896226,374138888,Vizcaya,Bilbao,43.2620969,-2.9285592,Entire home/apt,177.0,1,33,2025-08-03,1.94,14,238,21,TBI00077,177.0,Profesional (10+),Mid-scale (€120-180)
1147648797897393484,374138888,Vizcaya,Bilbao,43.2620969,-2.9285592,Entire home/apt,162.0,1,4,2025-02-22,0.24,14,225,3,TBI00077,162.0,Profesional (10+),Mid-scale (€120-180)
1147751843119909231,5259162,Vizcaya,Bilbao,43.25436534101746,-2.9217299446463585,Entire home/apt,194.0,2,84,2025-09-21,4.94,1,81,49,ESFCTU00004802600025910100000000000000000000EBI029283,194.0,Individual (1),Upscale (€180-300)
1150015762857396312,25131539,Vizcaya,Bilbao,43.2580755,-2.9264386,Private room,93.0,2,68,2025-09-23,4.03,4,182,46,ESHFTU00004802600042314400100000000000000000LBI006520,93.0,Mediano (4-10),Economy (€75-120)
1150076862071866880,25131539,Vizcaya,Bilbao,43.2580755,-2.9264386,Private room,93.0,2,70,2025-09-25,4.14,4,195,44,ESHFTU00004802600042314400200000000000000000LBI006529,93.0,Mediano (4-10),Economy (€75-120)
1150085837398905652,25131539,Vizcaya,Bilbao,43.2580755,-2.9264386,Private room,93.0,1,86,2025-09-19,5.1,4,186,55,ESHFTU00004802600042314400300000000000000000LBI006528,93.0,Mediano (4-10),Economy (€75-120)
1150655421026652978,16126315,Vizcaya,Bilbao,43.26507,-2.93333,Entire home/apt,262.0,2,61,2025-09-20,3.89,24,118,42,ESFCTU00004802200023482700000000000000000000EBI026989,262.0,Profesional (10+),Upscale (€180-300)
1152113488227316082,85446750,Vizcaya,Bilbao,43.27256,-2.94599,Entire home/apt,153.0,2,3,2024-12-08,0.22,1,90,1,ESFCTU00004802100001783600000000000000000000000001441,153.0,Individual (1),Mid-scale (€120-180)
1152800669193751412,51648371,Vizcaya,Bilbao,43.2648833,-2.9584765,Entire home/apt,86.0,3,62,2025-09-12,3.94,1,70,51,ESFCTU00004802200031430700000000000000000000EBI029142,86.0,Individual (1),Economy (€75-120)
1152835651995592207,576657646,Vizcaya,Bilbao,43.2571033,-2.9282665,Entire home/apt,185.0,1,61,2025-09-18,3.73,1,87,41,ESFCTU00004802700053128000000000000000000000EBI017459,185.0,Individual (1),Upscale (€180-300)
1155033045073652229,4723100,Vizcaya,Bilbao,43.2565317,-2.9329102,Entire home/apt,85.0,1,40,2025-08-17,2.51,16,154,26,ESFCTU000048027000466636000000000000000000000EB005970,85.0,Profesional (10+),Economy (€75-120)
1155087074483299171,131523372,Vizcaya,Bilbao,43.2556901,-2.9348225,Private room,57.0,2,18,2025-09-18,1.1,2,9,9,,57.0,Pequeño (2-3),Budget (<€75)
1155163219568990943,671397896,Vizcaya,Bilbao,43.25659719999999,-2.9233209,Entire home/apt,139.0,1,43,2025-09-07,2.63,53,68,32,ESFCTU00004802600039715500000000000000000000EBI028707,139.0,Profesional (10+),Mid-scale (€120-180)
1156261096037745553,397626130,Vizcaya,Bilbao,43.25647752029715,-2.912086062133312,Entire home/apt,105.0,1,47,2025-09-09,3.9,1,253,47,2024RTE00966968,105.0,Individual (1),Economy (€75-120)
1159259833332670584,365046186,Vizcaya,Bilbao,43.24893,-2.90964,Entire home/apt,86.0,1,39,2025-09-22,2.37,6,353,18,Exempt,86.0,Mediano (4-10),Economy (€75-120)
1159312809482521036,365046186,Vizcaya,Bilbao,43.24888,-2.91079,Entire home/apt,78.0,1,44,2025-09-25,2.76,6,326,27,Exempt,78.0,Mediano (4-10),Economy (€75-120)
1160077562528786885,578416905,Vizcaya,Bilbao,43.26709,-2.925,Entire home/apt,147.0,1,33,2025-09-19,2.01,1,322,19,ESFCTU00004802600041689400000000000000000000EBI028099,147.0,Individual (1),Mid-scale (€120-180)
1160641133573444289,2376774,Vizcaya,Bilbao,43.27008303762793,-2.9501428423278875,Entire home/apt,97.0,2,62,2025-09-25,4.02,1,325,45,ESFCTU00004802100001235000000000000000000000EBI029908,97.0,Individual (1),Economy (€75-120)
1160861098873741498,54708298,Vizcaya,Bilbao,43.25662,-2.92864,Entire home/apt,225.0,2,21,2025-08-19,1.28,1,172,12,EBI02858,225.0,Individual (1),Upscale (€180-300)
1161601059558150462,4723100,Vizcaya,Bilbao,43.2427683,-2.9254154,Entire home/apt,99.0,1,40,2025-09-26,2.44,16,152,26,ESFCTU00004802700031597200000000000000000000EBI006390,99.0,Profesional (10+),Economy (€75-120)
1162126626017612501,160412156,Vizcaya,Bilbao,43.25535,-2.92099,Entire home/apt,85.0,1,22,2025-08-14,1.4,45,305,13,ESFCTU00004802600033507200000000000000000000EBI029209,85.0,Profesional (10+),Economy (€75-120)
1162385372694187485,548666857,Vizcaya,Bilbao,43.266950722318725,-2.9244118411622204,Entire home/apt,237.0,1,1,2025-08-25,0.81,2,353,1,,237.0,Pequeño (2-3),Upscale (€180-300)
1163908932224182085,579454377,Vizcaya,Bilbao,43.25835,-2.94502,Entire home/apt,124.0,2,26,2025-09-23,1.6,1,78,17,ESFCTU00004802700004210600000000000000000000EBI029647,124.0,Individual (1),Mid-scale (€120-180)
1165690602997809494,254392009,Vizcaya,Bilbao,43.2521005,-2.9209789,Entire home/apt,151.0,30,1,2024-08-25,0.07,5,223,0,ESFCTU00004802600052673900000000000000000000EBI018991,151.0,Mediano (4-10),Mid-scale (€120-180)
1168571587330151836,355500268,Vizcaya,Bilbao,43.26712,-2.92121,Entire home/apt,72.0,1,53,2025-09-10,3.32,16,299,31,ESFCTU00048020500004861000000000000000000000BE1027320,72.0,Profesional (10+),Budget (<€75)
1168732964597855073,16126315,Vizcaya,Bilbao,43.26485,-2.94159,Entire home/apt,327.0,2,33,2025-09-28,2.43,24,78,30,ESFCTU000048022000078445000000000000000000000EBI02584,327.0,Profesional (10+),Luxury (>€300)
1169404770506590696,110834055,Vizcaya,Bilbao,43.25943544632629,-2.93956495821476,Private room,410.0,1,8,2025-07-04,0.54,17,198,2,.,410.0,Profesional (10+),Luxury (>€300)
1169499606397587742,110834055,Vizcaya,Bilbao,43.25946498125095,-2.9395294189453125,Private room,369.0,1,12,2025-08-20,0.75,17,198,1,.,369.0,Profesional (10+),Luxury (>€300)
1171771491331024433,110834055,Vizcaya,Bilbao,43.259438366146895,-2.939556241035461,Private room,410.0,1,11,2024-08-15,0.69,17,198,0,.,410.0,Profesional (10+),Luxury (>€300)
1172413533090531192,581694541,Vizcaya,Bilbao,43.25808,-2.92421,Entire home/apt,198.0,2,38,2025-09-22,2.73,2,352,33,ESFCTU00004802600026458700000000000000000000EBI029973,198.0,Pequeño (2-3),Upscale (€180-300)
1172420154274432273,581694541,Vizcaya,Bilbao,43.25782,-2.92453,Entire home/apt,221.0,2,36,2025-09-28,2.59,2,343,30,ESFCTU00004802600021956300000000000000000000EBI030058,221.0,Pequeño (2-3),Upscale (€180-300)
1172931670687027813,245109633,Vizcaya,Bilbao,43.27482,-2.97509,Entire home/apt,119.0,3,4,2025-08-15,0.57,6,118,4,ESFCTU00004802200066050300000000000000000000EBI016137,119.0,Mediano (4-10),Economy (€75-120)
1173137587688781732,581894566,Vizcaya,Bilbao,43.2551482,-2.9269149,Entire home/apt,97.0,1,8,2025-07-24,0.55,1,129,5,ESFCTU00004802700077944600000000000000000000EBI029511,97.0,Individual (1),Economy (€75-120)
1173166029435414439,581904303,Vizcaya,Bilbao,43.2585749,-2.9275446,Entire home/apt,156.0,1,47,2025-08-24,3.01,1,93,27,ESFCTU00004802700045525800000000000000000000EBI028912,156.0,Individual (1),Mid-scale (€120-180)
1174703411660038497,310517875,Vizcaya,Bilbao,43.2570288,-2.9287867,Private room,450.0,2,0,,,1,89,0,,450.0,Individual (1),Luxury (>€300)
1175313956625995939,110834055,Vizcaya,Bilbao,43.25936926753738,-2.939658164978028,Private room,410.0,1,8,2025-08-10,0.52,17,198,2,.,410.0,Profesional (10+),Luxury (>€300)
1175387271345630741,333343401,Vizcaya,Bilbao,43.2664128,-2.9229073,Private room,63.0,2,9,2025-09-25,0.57,1,123,5,LBI00658,63.0,Individual (1),Budget (<€75)
1176195728113002774,582714307,Vizcaya,Bilbao,43.25756,-2.94598,Entire home/apt,170.0,3,19,2025-09-15,1.3,2,27,15,ESHFTU00004802700032601500100000000000000000LBI006612,170.0,Pequeño (2-3),Mid-scale (€120-180)
1176666080014704982,581697081,Vizcaya,Bilbao,43.28976,-2.9699,Entire home/apt,171.0,1,10,2025-08-16,0.68,1,265,5,EBI02897,171.0,Individual (1),Mid-scale (€120-180)
1177556273901411413,110834055,Vizcaya,Bilbao,43.25936926753738,-2.939658164978028,Private room,410.0,1,14,2025-08-13,0.94,17,198,5,.,410.0,Profesional (10+),Luxury (>€300)
1178385181240086764,583236664,Vizcaya,Bilbao,43.25548,-2.93238,Private room,64.0,1,0,,,1,363,0,,64.0,Individual (1),Budget (<€75)
1178821167291547313,508702597,Vizcaya,Bilbao,43.25635,-2.91415,Entire home/apt,93.0,1,27,2025-09-22,1.82,4,59,18,ESFCTU00004802500055332500000000000000000000EBI027757,93.0,Mediano (4-10),Economy (€75-120)
1179621639583143742,671397896,Vizcaya,Bilbao,43.25588,-2.93084,Entire home/apt,121.0,1,5,2025-07-13,0.34,53,77,4,ESFCTU00004802700055274200000000000000000000EBI029861,121.0,Profesional (10+),Mid-scale (€120-180)
1179866565251158329,177881095,Vizcaya,Bilbao,43.25907897151554,-2.921638795536041,Entire home/apt,62.0,32,5,2025-09-22,0.34,1,114,4,ESFCNT00004802500023878900000000000000000000000000005,62.0,Individual (1),Budget (<€75)
1181701917101202842,465859199,Vizcaya,Bilbao,43.24865,-2.94781,Private room,99.0,1,4,2024-08-23,0.28,2,119,0,,99.0,Pequeño (2-3),Economy (€75-120)
1181722711208485533,203838971,Vizcaya,Bilbao,43.25554,-2.92096,Entire home/apt,209.0,1,47,2025-09-28,3.08,2,204,32,ESFCTU00004802600028809500000000000000000000EBI007728,209.0,Pequeño (2-3),Upscale (€180-300)
1181775273229430588,345286962,Vizcaya,Bilbao,43.26754,-2.92237,Entire home/apt,98.0,3,3,2025-05-19,0.2,1,256,2,,98.0,Individual (1),Economy (€75-120)
1182484719262703842,4723100,Vizcaya,Bilbao,43.25245,-2.91144,Entire home/apt,85.0,1,21,2025-09-15,1.42,16,164,16,ESFCTU00004802500014995500000000000000000000EBI028266,85.0,Profesional (10+),Economy (€75-120)
1182668985023078649,760087,Vizcaya,Bilbao,43.26181,-2.91447,Entire home/apt,114.0,2,19,2025-07-22,1.3,1,301,12,EBI027023,114.0,Individual (1),Economy (€75-120)
1182682795046602398,157062680,Vizcaya,Bilbao,43.27624,-2.96046,Entire home/apt,156.0,4,8,2025-08-31,0.54,1,55,6,ESFCTU00004802100015326800000000000000000000EBI023580,156.0,Individual (1),Mid-scale (€120-180)
1183195824196715828,671397896,Vizcaya,Bilbao,43.27229,-2.94743,Entire home/apt,198.0,1,2,2025-07-25,0.15,53,0,1,ESFCTU00004802100001172800000000000000000000EBI029890,198.0,Profesional (10+),Upscale (€180-300)
1183198206951740616,445996679,Vizcaya,Bilbao,43.251365,-2.9184563,Private room,50.0,1,9,2025-08-28,0.6,3,23,5,,50.0,Pequeño (2-3),Budget (<€75)
1183843462632950572,451645098,Vizcaya,Bilbao,43.27205,-2.94784,Entire home/apt,135.0,3,17,2025-08-23,1.17,2,58,9,ESFCTU00004802100009153900000000000000000000EBI030122,135.0,Pequeño (2-3),Mid-scale (€120-180)
1183974262785797193,445996679,Vizcaya,Bilbao,43.2517657,-2.918227,Private room,50.0,1,2,2025-08-30,0.13,3,23,1,,50.0,Pequeño (2-3),Budget (<€75)
1183979348447321927,445996679,Vizcaya,Bilbao,43.2517657,-2.918227,Private room,50.0,5,5,2025-07-13,0.34,3,153,1,,50.0,Pequeño (2-3),Budget (<€75)
1184120738023465465,402343893,Vizcaya,Bilbao,43.25971940421729,-2.9337475821375847,Entire home/apt,273.0,1,1,2025-08-29,0.91,1,106,1,ESFCTU00004802700077315400000000000000000000EBI015972,273.0,Individual (1),Upscale (€180-300)
1185544320211149890,585252419,Vizcaya,Bilbao,43.25771,-2.9233,Entire home/apt,108.0,2,62,2025-09-26,4.11,1,305,47,EBI03015,108.0,Individual (1),Economy (€75-120)
1186784780619782307,110834055,Vizcaya,Bilbao,43.25936919999999,-2.939658,Private room,410.0,1,11,2025-08-19,0.73,17,198,2,.,410.0,Profesional (10+),Luxury (>€300)
1186865525976666532,73155935,Vizcaya,Bilbao,43.25757,-2.93715,Entire home/apt,112.0,2,27,2025-09-21,1.82,2,21,20,ESFCTU00004802700065268800000000000000000000EBI030249,112.0,Pequeño (2-3),Economy (€75-120)
1187501109381065694,152811845,Vizcaya,Bilbao,43.26097,-2.92263,Entire home/apt,365.0,2,25,2025-09-25,1.69,1,83,20,ESFCTU00004802600031711500000000000000000000EBI029924,365.0,Individual (1),Luxury (>€300)
1188178524394004440,28703399,Vizcaya,Bilbao,43.25837,-2.93535,Entire home/apt,117.0,3,50,2025-09-05,3.38,1,133,40,ESFCTU00004802700089296100000000000000000000EBI030423,117.0,Individual (1),Economy (€75-120)
1188431422498610950,541602124,Vizcaya,Bilbao,43.2500618,-2.9321727,Entire home/apt,199.0,2,90,2025-09-25,6.08,1,208,74,ESFCTU00004802700032998600000000000000000000EBI029849,199.0,Individual (1),Upscale (€180-300)
1190417784900904642,366242627,Vizcaya,Bilbao,43.2711785,-2.969922,Entire home/apt,85.0,2,82,2025-09-27,5.5,1,259,60,ESFCTU00004802200017401700000000000000000000EBI030270,85.0,Individual (1),Economy (€75-120)
1190719531386397671,110834055,Vizcaya,Bilbao,43.25936919999999,-2.939658,Private room,410.0,1,5,2025-08-13,0.36,17,198,1,.,410.0,Profesional (10+),Luxury (>€300)
1191291917951980596,335617265,Vizcaya,Bilbao,43.25553,-2.92648,Private room,65.0,2,41,2025-09-26,2.77,7,74,31,ESHFTU00004802700118368600300000000000000000LBI006364,65.0,Mediano (4-10),Budget (<€75)
1191465151795860212,671397896,Vizcaya,Bilbao,43.256293,-2.9162974,Entire home/apt,115.0,1,19,2025-09-02,1.32,53,76,7,EBI02918,115.0,Profesional (10+),Economy (€75-120)
1192076613621149380,587071999,Vizcaya,Bilbao,43.26655150000001,-2.9239088,Entire home/apt,300.0,2,0,,,1,84,0,,300.0,Individual (1),Upscale (€180-300)
1192147117521949876,671397896,Vizcaya,Bilbao,43.2584121,-2.9319536,Entire home/apt,175.0,1,9,2025-09-12,0.67,53,80,8,ESFCTU00004802700030247700000000000000000000EBI030063,175.0,Profesional (10+),Mid-scale (€120-180)
1192695908145397727,587237193,Vizcaya,Bilbao,43.25216,-2.91286,Entire home/apt,170.0,1,2,2025-08-26,0.17,1,334,2,,170.0,Individual (1),Mid-scale (€120-180)
1192851348500655705,671397896,Vizcaya,Bilbao,43.2580755,-2.9264386,Entire home/apt,150.0,1,31,2025-09-14,2.12,53,68,27,ESFCTU00004802600026592800000000000000000000EBI028365,150.0,Profesional (10+),Mid-scale (€120-180)
1194726263053406767,219055212,Vizcaya,Bilbao,43.26034,-2.91957,Entire home/apt,99.0,2,62,2025-09-22,4.19,1,340,44,ESFCTU00004802600027986400000000000000000000EBI030256,99.0,Individual (1),Economy (€75-120)
1194785763629543330,335617265,Vizcaya,Bilbao,43.25376,-2.92598,Private room,65.0,2,13,2025-08-12,0.87,7,67,5,ESHFTU00004802700118368600300000000000000000LBI006364,65.0,Mediano (4-10),Budget (<€75)
1194792672159387934,335617265,Vizcaya,Bilbao,43.25422,-2.92566,Private room,65.0,2,23,2025-08-24,1.54,7,71,14,ESHFTU00004802700118368600300000000000000000LBI006364,65.0,Mediano (4-10),Budget (<€75)
1195468954720490741,671397896,Vizcaya,Bilbao,43.25959779999999,-2.932219,Entire home/apt,208.0,1,14,2025-09-03,1.0,53,69,12,EBI03034,208.0,Profesional (10+),Upscale (€180-300)
1196297326263784119,588327827,Vizcaya,Bilbao,43.2752668,-2.9552438,Entire home/apt,127.0,2,18,2025-08-22,1.22,4,69,12,EBI02428,127.0,Mediano (4-10),Mid-scale (€120-180)
1196998218165576290,588327827,Vizcaya,Bilbao,43.2650413,-2.9515029,Entire home/apt,111.0,2,28,2025-09-07,1.91,4,60,19,EBI02878,111.0,Mediano (4-10),Economy (€75-120)
1197082748687228266,335617265,Vizcaya,Bilbao,43.25427,-2.92483,Private room,60.0,2,26,2025-08-06,1.76,7,59,19,ESHFTU00004802700118368600300000000000000000LBI006364,60.0,Mediano (4-10),Budget (<€75)
1197820447643916898,336775126,Vizcaya,Bilbao,43.2557827,-2.936364,Entire home/apt,123.0,1,77,2025-09-26,5.2,3,56,59,EBI03052,123.0,Pequeño (2-3),Mid-scale (€120-180)
1197881168540666102,588883938,Vizcaya,Bilbao,43.25484,-2.92858,Entire home/apt,96.0,1,53,2025-08-16,3.71,1,331,36,ESFCTU00004802700077313000000000000000000000EBI015914,96.0,Individual (1),Economy (€75-120)
1198424660978966688,582714307,Vizcaya,Bilbao,43.25687,-2.94626,Private room,80.0,3,0,,,2,25,0,ESHFTU00004802700032601500200000000000000000LBI006611,80.0,Pequeño (2-3),Economy (€75-120)
1198638168292980093,69236311,Vizcaya,Bilbao,43.25336098200317,-2.922515164059812,Entire home/apt,165.0,2,49,2025-09-17,4.44,1,319,49,ESFCTU00004802700007362900000000000000000000EBI030630,165.0,Individual (1),Mid-scale (€120-180)
1199449194466102196,110834055,Vizcaya,Bilbao,43.25901,-2.93891,Private room,369.0,1,3,2024-08-19,0.21,17,198,0,.,369.0,Profesional (10+),Luxury (>€300)
1199469829906267847,589188583,Vizcaya,Bilbao,43.25054160000001,-2.9320923,Entire home/apt,120.0,15,0,,,1,89,0,,120.0,Individual (1),Economy (€75-120)
1200587179452986207,13184112,Vizcaya,Bilbao,43.2692033,-2.9518237,Private room,38.0,1,3,2024-07-23,0.21,1,255,0,,38.0,Individual (1),Budget (<€75)
1200844557314981823,589839920,Vizcaya,Bilbao,43.249927811857134,-2.946986742352011,Private room,40.0,1,1,2024-07-25,0.07,1,361,0,,40.0,Individual (1),Budget (<€75)
1201241027023287054,589928732,Vizcaya,Bilbao,43.257275736966655,-2.917608522753912,Entire home/apt,104.0,1,65,2025-09-13,4.51,1,296,47,,104.0,Individual (1),Economy (€75-120)
1202831386517567900,27570356,Vizcaya,Bilbao,43.2578997,-2.9214578,Entire home/apt,289.0,1,18,2025-09-13,1.36,4,91,16,ESFCTU00004802600027371800000000000000000000EBI026039,289.0,Mediano (4-10),Upscale (€180-300)
1203352380705165176,306136753,Vizcaya,Bilbao,43.2700697,-2.9217062,Private room,120.0,1,14,2025-07-12,0.99,1,267,8,,120.0,Individual (1),Economy (€75-120)
1203612756602476374,205652845,Vizcaya,Bilbao,43.25224,-2.93766,Entire home/apt,77.0,1,66,2025-09-24,4.55,2,244,55,07364-0012801,77.0,Pequeño (2-3),Economy (€75-120)
1204828635781223839,526913812,Vizcaya,Bilbao,43.25224135311704,-2.9474694281816483,Private room,68.0,1,9,2024-09-26,0.63,1,60,0,,68.0,Individual (1),Budget (<€75)
1204895590889883630,485801266,Vizcaya,Bilbao,43.27001,-2.95037,Entire home/apt,72.0,3,10,2025-08-30,0.92,29,164,10,ESFCTU00004802100002063800000000000000000000EBI030742,72.0,Profesional (10+),Budget (<€75)
1204917275080441171,485801266,Vizcaya,Bilbao,43.26867,-2.92077,Entire home/apt,81.0,3,7,2025-07-13,0.51,29,145,6,ESFCTU00004802500003671200000000000000000000EBI013497,81.0,Profesional (10+),Economy (€75-120)
1205066770501417193,176951934,Vizcaya,Bilbao,43.2678,-2.92184,Entire home/apt,134.0,3,36,2025-09-18,2.51,1,233,28,ESFCTU00004802500023832100000000000000000000EBI030531,134.0,Individual (1),Mid-scale (€120-180)
1205741934049257427,27544695,Vizcaya,Bilbao,43.25842,-2.93295,Entire home/apt,135.0,2,15,2025-09-27,1.07,1,288,10,EBI02578,135.0,Individual (1),Mid-scale (€120-180)
1207350114932014989,4723100,Vizcaya,Bilbao,43.24882729999999,-2.9286998,Entire home/apt,95.0,1,45,2025-08-27,3.16,16,150,35,ESFCTU00004802700070188100000000000000000000EBI030331,95.0,Profesional (10+),Economy (€75-120)
1209229070176591919,48671909,Vizcaya,Bilbao,43.2558777,-2.9227203,Entire home/apt,211.0,3,31,2025-07-31,2.23,7,175,21,EBI02871,211.0,Mediano (4-10),Upscale (€180-300)
1211425768530877677,92208000,Vizcaya,Bilbao,43.25698,-2.91934,Private room,57.0,3,25,2025-09-17,1.8,3,349,19,,57.0,Pequeño (2-3),Budget (<€75)
1211508720334854975,92208000,Vizcaya,Bilbao,43.25837,-2.91765,Private room,54.0,3,27,2025-09-16,1.94,3,333,22,,54.0,Pequeño (2-3),Budget (<€75)
1211678948474210671,92208000,Vizcaya,Bilbao,43.25722,-2.91929,Private room,55.0,3,28,2025-09-13,2.0,3,339,18,,55.0,Pequeño (2-3),Budget (<€75)
1212138557582761075,671397896,Vizcaya,Bilbao,43.251852,-2.9122659,Entire home/apt,120.0,1,13,2025-08-22,0.98,53,68,12,ESFCTU00004802500009851200000000000000000000000000004,120.0,Profesional (10+),Economy (€75-120)
1217294203548616459,594530611,Vizcaya,Bilbao,43.2543206,-2.9241881,Entire home/apt,103.0,1,23,2025-08-22,1.94,1,53,23,ESFCTU00004802700002034000000000000000000000EBI027540,103.0,Individual (1),Economy (€75-120)
1217908525073864849,507681898,Vizcaya,Bilbao,43.2523162,-2.9116855,Private room,65.0,1,44,2025-09-29,3.16,1,89,35,,65.0,Individual (1),Budget (<€75)
1219514595375815728,160412156,Vizcaya,Bilbao,43.265148697,-2.932598585,Entire home/apt,154.0,1,28,2025-09-17,2.68,45,318,28,ESFCTU00004802200023308000000000000000000000EBI009975,154.0,Profesional (10+),Mid-scale (€120-180)
1221773732169657093,254392009,Vizcaya,Bilbao,43.2683261,-2.9242985,Entire home/apt,95.0,2,2,2025-08-08,0.26,5,35,2,ESFCTU00004802500033028500000000000000000000EBI019750,95.0,Mediano (4-10),Economy (€75-120)
1222374897719102108,595924461,Vizcaya,Bilbao,43.25914,-2.92025,Entire home/apt,132.0,1,1,2024-11-24,0.1,1,270,1,ESFCTU00004802600042340300000000000000000000EBI028437,132.0,Individual (1),Mid-scale (€120-180)
1224089966620409256,473058418,Vizcaya,Bilbao,43.25637,-2.9271,Private room,47.0,1,36,2025-09-11,2.64,1,13,32,,47.0,Individual (1),Budget (<€75)
1224637665380840273,592942859,Vizcaya,Bilbao,43.25518,-2.91325,Entire home/apt,268.0,2,3,2025-07-13,0.26,1,318,3,,268.0,Individual (1),Upscale (€180-300)
1226618531399253608,597052433,Vizcaya,Bilbao,43.25718,-2.92239,Entire home/apt,102.0,1,2,2025-06-09,0.17,1,123,2,ESFCTU00004802600034873700000000000000000000EBI013590,102.0,Individual (1),Economy (€75-120)
1227276252820605747,85246818,Vizcaya,Bilbao,43.24849,-2.91288,Entire home/apt,160.0,1,8,2025-08-09,0.67,47,350,8,ESFCTU00004802500029840000000000000000000000EBI031150,160.0,Profesional (10+),Mid-scale (€120-180)
1227453087132705112,85246818,Vizcaya,Bilbao,43.25782,-2.9298,Entire home/apt,158.0,1,7,2025-09-20,0.55,47,359,4,ESFCTU00004802700052326100000000000000000000EBI030106,158.0,Profesional (10+),Mid-scale (€120-180)
1236298888368819280,485801266,Vizcaya,Bilbao,43.2681,-2.94665,Entire home/apt,116.0,3,27,2025-09-14,2.12,29,1,26,EBI03125,116.0,Profesional (10+),Economy (€75-120)
1238972828755771777,287705648,Vizcaya,Bilbao,43.25672,-2.92861,Private room,66.0,1,24,2025-09-14,1.89,1,176,21,,66.0,Individual (1),Budget (<€75)
1243407406225304342,462806893,Vizcaya,Bilbao,43.24892,-2.91913,Entire home/apt,165.0,1,5,2025-09-06,3.33,20,365,5,,165.0,Profesional (10+),Mid-scale (€120-180)
1247659707520047852,4240317,Vizcaya,Bilbao,43.253386166526376,-2.937825652170884,Entire home/apt,136.0,2,8,2025-08-25,0.81,1,345,8,,136.0,Individual (1),Mid-scale (€120-180)
1247834791267814301,531483874,Vizcaya,Bilbao,43.25458727631835,-2.923687440429641,Private room,450.0,1,3,2024-11-01,0.24,1,89,2,,450.0,Individual (1),Luxury (>€300)
1252231475140250619,177106501,Vizcaya,Bilbao,43.25708,-2.91802,Private room,70.0,2,13,2025-09-06,1.06,2,325,12,LBI00689,70.0,Pequeño (2-3),Budget (<€75)
1252289842086743578,369512206,Vizcaya,Bilbao,43.25659637843928,-2.9367170416036705,Entire home/apt,165.0,1,9,2025-07-23,1.06,1,47,9,EBI02729,165.0,Individual (1),Mid-scale (€120-180)
1252306743209896762,23038047,Vizcaya,Bilbao,43.257746662345326,-2.92593361412789,Entire home/apt,148.0,2,26,2025-09-21,5.91,1,66,26,EBI03151,148.0,Individual (1),Mid-scale (€120-180)
1252719615468547280,177106501,Vizcaya,Bilbao,43.25708119999999,-2.9180176,Private room,56.0,2,6,2025-09-17,0.52,2,297,6,LBI00689,56.0,Pequeño (2-3),Budget (<€75)
1252721952281956445,451750172,Vizcaya,Bilbao,43.25523682173933,-2.9246775282131834,Entire home/apt,171.0,1,38,2025-09-12,3.73,2,272,38,ESFCTU00004802700087828600000000000000000000EBI010177,171.0,Pequeño (2-3),Mid-scale (€120-180)
1257789827709553156,171273247,Vizcaya,Bilbao,43.26807,-2.92292,Entire home/apt,93.0,2,27,2025-09-22,2.34,4,241,27,ESFCTU00004802500001445100000000000000000000EBI030964,93.0,Mediano (4-10),Economy (€75-120)
1262071780925137946,438984240,Vizcaya,Bilbao,43.2684835585309,-2.921042631624041,Entire home/apt,85.0,3,16,2025-08-25,1.38,4,325,16,EBI03037,85.0,Mediano (4-10),Economy (€75-120)
1263042088195534687,655714526,Vizcaya,Bilbao,43.25986,-2.92024,Entire home/apt,131.0,2,12,2025-08-27,1.1,1,31,12,ESFCTU00004802500027616300000000000000000000EBI005467,131.0,Individual (1),Mid-scale (€120-180)
1264293103764312654,4723100,Vizcaya,Bilbao,43.2564881,-2.9227902,Entire home/apt,134.0,1,44,2025-09-28,4.07,16,156,44,ESFCTU00004802600024760300000000000000000000EBI013606,134.0,Profesional (10+),Mid-scale (€120-180)
1265357038982498901,329527674,Vizcaya,Bilbao,43.2556913547366,-2.922229428417202,Entire home/apt,300.0,1,0,,,1,329,0,,300.0,Individual (1),Upscale (€180-300)
1265756040643634286,53078816,Vizcaya,Bilbao,43.2493578,-2.9376757,Entire home/apt,128.0,1,2,2025-01-02,0.22,14,175,2,Exempt,128.0,Profesional (10+),Mid-scale (€120-180)
1266491903555136095,50344799,Vizcaya,Bilbao,43.2510049,-2.9178942,Entire home/apt,92.0,2,50,2025-09-14,4.34,1,44,50,ESFCTU00004802500018722300000000000000000000EBI030955,92.0,Individual (1),Economy (€75-120)
1267356566217967025,657090626,Vizcaya,Bilbao,43.25789268098252,-2.944720381106057,Entire home/apt,125.0,2,6,2025-09-20,0.66,1,311,6,ESFCTU00004802200051689300000000000000000000EBI029627,125.0,Individual (1),Mid-scale (€120-180)
1268907726792224325,493046703,Vizcaya,Bilbao,43.2464152,-2.9213572,Entire home/apt,246.0,3,5,2025-06-02,0.46,2,135,5,ESFCTU00004802700009362700000000000000000000EBI029313,246.0,Pequeño (2-3),Upscale (€180-300)
1270781021574269297,657885321,Vizcaya,Bilbao,43.26556722404663,-2.921336884655763,Entire home/apt,178.0,1,62,2025-09-19,5.6,1,100,62,ESFCTU00004802500012892900000000000000000000EBI027151,178.0,Individual (1),Mid-scale (€120-180)
1272441696374554765,658252094,Vizcaya,Bilbao,43.25184,-2.91218,Entire home/apt,95.0,2,24,2025-09-07,2.15,1,326,24,ESFCTU00004802500017439100000000000000000000EBI030476,95.0,Individual (1),Economy (€75-120)
1275193888762881617,658887525,Vizcaya,Bilbao,43.26707127143118,-2.923087308722346,Entire home/apt,128.0,1,40,2025-09-28,4.58,1,329,40,ESFCTU00004802500002722200000000000000000000EBI032241,128.0,Individual (1),Mid-scale (€120-180)
1276192199304394204,53078816,Vizcaya,Bilbao,43.24942667734256,-2.9373859986662865,Entire home/apt,95.0,1,28,2025-09-17,2.96,14,176,28,Exempt,95.0,Profesional (10+),Economy (€75-120)
1276612318921973016,348197632,Vizcaya,Bilbao,43.264893274678776,-2.958738135581971,Entire home/apt,88.0,2,8,2025-09-09,0.99,37,76,8,EBI03203,88.0,Profesional (10+),Economy (€75-120)
1278046847293075410,659510740,Vizcaya,Bilbao,43.25722637786402,-2.93612069432962,Entire home/apt,101.0,2,23,2025-08-23,2.12,1,314,23,ESFCTU00004802700045192200000000000000000000EBI032135,101.0,Individual (1),Economy (€75-120)
1279501537869004022,659729695,Vizcaya,Bilbao,43.26660646948933,-2.9143401235342026,Entire home/apt,88.0,2,59,2025-09-28,5.43,1,175,59,EB103254,88.0,Individual (1),Economy (€75-120)
1280453401085473115,335700195,Vizcaya,Bilbao,43.26561864313903,-2.914734049157066,Private room,56.0,1,6,2025-07-19,0.54,1,363,6,,56.0,Individual (1),Budget (<€75)
1284670111594849753,15531075,Vizcaya,Bilbao,43.25504975433256,-2.92144700906454,Private room,58.0,2,41,2025-09-05,4.16,2,345,41,ESHFTU00004802600028549000200000000000000000LBI000510,58.0,Pequeño (2-3),Budget (<€75)
1289156598171518765,23933343,Vizcaya,Bilbao,43.2517106435826,-2.923579322753913,Entire home/apt,70.0,31,2,2025-09-12,0.97,1,159,2,,70.0,Individual (1),Budget (<€75)
1290572730528917247,73896888,Vizcaya,Bilbao,43.25453397948981,-2.938234431162273,Entire home/apt,88.0,2,33,2025-09-24,3.19,1,152,33,ESFCTU00004802700087008200000000000000000000EBI028642,88.0,Individual (1),Economy (€75-120)
1292041133848820532,662625826,Vizcaya,Bilbao,43.254594130686186,-2.935280651833923,Entire home/apt,100.0,2,0,,,1,256,0,ESFCTU00004802700053474800000000000000000000EBI028198,100.0,Individual (1),Economy (€75-120)
1292284989901146259,38281127,Vizcaya,Bilbao,43.25817146352815,-2.9535523165703523,Private room,104.0,1,2,2025-05-04,0.26,3,89,2,,104.0,Pequeño (2-3),Economy (€75-120)
1297657635506788206,663883483,Vizcaya,Bilbao,43.258092603714175,-2.93983329355278,Entire home/apt,161.0,1,6,2025-08-13,0.59,1,332,6,ESFCTU00004802700093623800000000000000000000EB1027719,161.0,Individual (1),Mid-scale (€120-180)
1299972278453460859,664405888,Vizcaya,Bilbao,43.26421,-2.92657,Entire home/apt,157.0,1,6,2025-08-11,0.61,1,339,6,ESFCTU00004802200022855000000000000000000000EBI019666,157.0,Individual (1),Mid-scale (€120-180)
1302060079472494704,65619920,Vizcaya,Bilbao,43.25362350354954,-2.921030149073789,Entire home/apt,155.0,2,6,2025-09-14,0.67,4,326,6,,155.0,Mediano (4-10),Mid-scale (€120-180)
1304256583379431463,85246818,Vizcaya,Bilbao,43.25592142062396,-2.924354047755002,Entire home/apt,138.0,1,12,2025-08-27,1.32,47,351,12,ESFCTU00004802600031462600000000000000000000EBI004253,138.0,Profesional (10+),Mid-scale (€120-180)
1305797603178201896,107277055,Vizcaya,Bilbao,43.252748,-2.9229858,Private room,27.0,32,46,2025-08-08,4.91,1,332,46,,27.0,Individual (1),Budget (<€75)
1310810844388787574,666796396,Vizcaya,Bilbao,43.2676127,-2.9309377,Private room,221.0,1,1,2025-02-16,0.13,1,114,1,,221.0,Individual (1),Upscale (€180-300)
1311700976302222696,666982068,Vizcaya,Bilbao,43.257575,-2.9382047,Entire home/apt,100.0,1,41,2025-09-26,4.62,1,337,41,ESFCTU00004802700009559100000000000000000000EBI020725,100.0,Individual (1),Economy (€75-120)
1313122071955481681,46274462,Vizcaya,Bilbao,43.25924639999999,-2.9218037,Entire home/apt,134.0,2,45,2025-09-22,5.58,1,27,45,ESFCTU00004802600021281600000000000000000000EBI017206,134.0,Individual (1),Mid-scale (€120-180)
1318054739504713849,668366897,Vizcaya,Bilbao,43.25475503967628,-2.9253736619018578,Private room,61.0,1,42,2025-09-14,4.57,3,65,42,ESHFTU00004802700059077500100000000000000000LBI003587,61.0,Pequeño (2-3),Budget (<€75)
1318141663484926527,668055616,Vizcaya,Bilbao,43.2577673,-2.9215626,Private room,72.0,1,27,2025-09-18,3.79,5,138,27,,72.0,Mediano (4-10),Budget (<€75)
1318153066171646879,668055616,Vizcaya,Bilbao,43.2577673,-2.9215626,Private room,84.0,1,34,2025-09-17,3.7,5,141,34,,84.0,Mediano (4-10),Economy (€75-120)
1318157792898508092,668055616,Vizcaya,Bilbao,43.2577673,-2.9215626,Private room,79.0,1,3,2025-07-27,0.33,5,130,3,,79.0,Mediano (4-10),Economy (€75-120)
1319742071150534511,668366897,Vizcaya,Bilbao,43.25473941174905,-2.9252502802871727,Private room,55.0,2,42,2025-09-13,4.62,3,72,42,ESHFTU00004802700059077500200000000000000000LBI003586,55.0,Pequeño (2-3),Budget (<€75)
1319756032850552149,668366897,Vizcaya,Bilbao,43.25473941174905,-2.925266373541262,Private room,51.0,1,33,2025-09-14,3.63,3,82,33,ESHFTU00004802700059077500300000000000000000LBI003585,51.0,Pequeño (2-3),Budget (<€75)
1320267605632910906,485801266,Vizcaya,Bilbao,43.26085,-2.93503,Entire home/apt,101.0,3,10,2025-07-02,1.42,29,149,10,ESFCTU00004802700097682100000000000000000000EBI025205,101.0,Profesional (10+),Economy (€75-120)
1323830099401668064,508702597,Vizcaya,Bilbao,43.25811,-2.92236,Entire home/apt,127.0,1,36,2025-09-27,4.78,4,48,36,ESFCTU00004802600038019500000000000000000000EBI021124,127.0,Mediano (4-10),Mid-scale (€120-180)
1323838418597043070,508702597,Vizcaya,Bilbao,43.25685,-2.92445,Entire home/apt,176.0,1,32,2025-09-25,4.25,4,37,32,ESFCTU00004802600029036400000000000000000000EBI019280,176.0,Mediano (4-10),Mid-scale (€120-180)
1323989246304464317,4860687,Vizcaya,Bilbao,43.26600854851837,-2.9337934466530857,Private room,206.0,1,0,,,2,24,0,LBI00638,206.0,Pequeño (2-3),Upscale (€180-300)
1324620366148380134,53078816,Vizcaya,Bilbao,43.26034,-2.91774,Private room,84.0,1,38,2025-09-27,6.13,14,173,38,,84.0,Profesional (10+),Economy (€75-120)
1330414057979034333,671858582,Vizcaya,Bilbao,43.25567100990477,-2.924552289468333,Private room,91.0,2,4,2025-07-28,0.63,2,293,4,Exempt,91.0,Pequeño (2-3),Economy (€75-120)
1330975584458086685,672023052,Vizcaya,Bilbao,43.25455093225451,-2.925303458692888,Entire home/apt,118.0,1,16,2025-09-14,1.95,1,331,16,ESFCTU00004802700025358800000000000000000000EBI011329,118.0,Individual (1),Economy (€75-120)
1331132185491640568,567074870,Vizcaya,Bilbao,43.2591679,-2.9325224,Entire home/apt,144.0,2,34,2025-09-03,4.25,1,310,34,ESFCTU0000480270003060550000000000000000000EBI-030853,144.0,Individual (1),Mid-scale (€120-180)
1333179334746967555,672664689,Vizcaya,Bilbao,43.2588611,-2.9363154,Entire home/apt,159.0,1,28,2025-09-15,3.67,1,323,28,ESFCTU00004802700093538500000000000000000000EBI012052,159.0,Individual (1),Mid-scale (€120-180)
1333206075177400934,179016138,Vizcaya,Bilbao,43.27022504792908,-2.9470566006067367,Entire home/apt,120.0,2,68,2025-09-28,8.0,3,74,68,EBI03266,120.0,Pequeño (2-3),Economy (€75-120)
1342204855256137394,47771159,Vizcaya,Bilbao,43.25770888885627,-2.920477462331712,Entire home/apt,85.0,60,0,,,2,139,0,ESFCNT00004802600020501600000000000000000000000000003,85.0,Pequeño (2-3),Economy (€75-120)
1343335698248130452,418270816,Vizcaya,Bilbao,43.2689245,-2.9289273,Entire home/apt,134.0,1,14,2025-09-10,1.85,18,331,14,Exempt,134.0,Profesional (10+),Mid-scale (€120-180)
1343359958818448776,418270816,Vizcaya,Bilbao,43.2689245,-2.9289273,Entire home/apt,155.0,1,6,2025-09-07,0.88,18,345,6,Exempt,155.0,Profesional (10+),Mid-scale (€120-180)
1343380994614519205,418270816,Vizcaya,Bilbao,43.2689245,-2.9289273,Entire home/apt,155.0,1,3,2025-06-10,0.48,18,326,3,Exempt,155.0,Profesional (10+),Mid-scale (€120-180)
1343389770013970991,418270816,Vizcaya,Bilbao,43.2689245,-2.9289273,Entire home/apt,166.0,1,9,2025-09-13,1.19,18,349,9,Exempt,166.0,Profesional (10+),Mid-scale (€120-180)
1345511655851861241,355500268,Vizcaya,Bilbao,43.2599708033598,-2.933441948968249,Entire home/apt,176.0,2,11,2025-09-10,1.6,16,64,11,ESFCTU00004802200022838300000000000000000000EBI025296,176.0,Profesional (10+),Mid-scale (€120-180)
1348649966463304088,103134123,Vizcaya,Bilbao,43.2520548,-2.9212187,Entire home/apt,102.0,2,16,2025-09-18,3.16,1,75,16,ESFCTU00004802600040117300000000000000000000EBI032021,102.0,Individual (1),Economy (€75-120)
1350802637333791893,677356400,Vizcaya,Bilbao,43.2558878,-2.944776,Entire home/apt,129.0,1,12,2025-07-27,1.71,1,70,12,ESFCTU00004802700057839100000000000000000000EBI028008,129.0,Individual (1),Mid-scale (€120-180)
1351979485483628068,53078816,Vizcaya,Bilbao,43.24933632042789,-2.9176201298832893,Private room,77.0,1,26,2025-09-29,6.29,14,178,26,,77.0,Profesional (10+),Economy (€75-120)
1352071196149211383,677655027,Vizcaya,Bilbao,43.2914726,-2.9713383,Entire home/apt,90.0,1,25,2025-09-23,4.03,1,219,25,ESFCTU00004802600018008500000000000000000000EBI024176,90.0,Individual (1),Economy (€75-120)
1353660263301952777,678068644,Vizcaya,Bilbao,43.25815127073686,-2.92082770370484,Entire home/apt,258.0,1,40,2025-09-28,5.29,1,83,40,ESFCTU00004802600029972500000000000000000000EBI029746,258.0,Individual (1),Upscale (€180-300)
1355986257705499423,9159195,Vizcaya,Bilbao,43.259398578065245,-2.920062281191349,Entire home/apt,91.0,2,1,2025-07-07,0.35,3,226,1,ESFCTU00004802500080887600000000000000000000TBI000728,91.0,Pequeño (2-3),Economy (€75-120)
1356524313351201092,678811588,Vizcaya,Bilbao,43.26377684446462,-2.931673163233558,Entire home/apt,235.0,1,13,2025-09-09,1.95,1,44,13,ESFCTU00004802200009496400000000000000000000EBI012179,235.0,Individual (1),Upscale (€180-300)
1357463221095830512,671858582,Vizcaya,Bilbao,43.25586613696723,-2.9235737186949846,Private room,96.0,1,35,2025-09-09,5.28,2,309,35,Exempt,96.0,Pequeño (2-3),Economy (€75-120)
1357549702516034672,9159195,Vizcaya,Bilbao,43.259880551266434,-2.921187027774104,Entire home/apt,87.0,3,10,2025-08-06,1.73,3,248,10,ESFCTU00004802500080887600000000000000000000TBI000728,87.0,Pequeño (2-3),Economy (€75-120)
1358622300115225800,508702597,Vizcaya,Bilbao,43.26282,-2.92215,Entire home/apt,152.0,1,10,2025-09-06,1.81,4,58,10,ESFCTU00004802600025184600000000000000000000EBI032083,152.0,Mediano (4-10),Mid-scale (€120-180)
1360178489780437807,4723100,Vizcaya,Bilbao,43.2659374,-2.9222531,Entire home/apt,85.0,1,16,2025-09-17,2.81,16,151,16,ESFCTU00004802500054267100000000000000000000EBI032210,85.0,Profesional (10+),Economy (€75-120)
1360705840043985991,678813533,Vizcaya,Bilbao,43.25868,-2.9486,Entire home/apt,166.0,1,20,2025-09-14,2.82,1,330,20,ESFCTU00004802700086996300000000000000000000EBI033192,166.0,Individual (1),Mid-scale (€120-180)
1361739741293455036,680176274,Vizcaya,Bilbao,43.2535134,-2.9175417,Entire home/apt,140.0,3,2,2025-06-01,0.4,1,252,2,EBI03021,140.0,Individual (1),Mid-scale (€120-180)
1362930253627025459,38281127,Vizcaya,Bilbao,43.258409630765314,-2.953381607412111,Private room,72.0,1,0,,,3,363,0,,72.0,Pequeño (2-3),Budget (<€75)
1364347661184589472,4723100,Vizcaya,Bilbao,43.256343,-2.9211161,Entire home/apt,75.0,1,21,2025-09-21,3.73,16,152,21,ESFCTU00004802600053735300000000000000000000EBI019251,75.0,Profesional (10+),Budget (<€75)
1364426652599581348,572935773,Vizcaya,Bilbao,43.270670792658585,-2.957708686974936,Private room,61.0,1,11,2025-08-05,1.8,2,272,11,,61.0,Pequeño (2-3),Budget (<€75)
1368701315008150374,574051508,Vizcaya,Bilbao,43.2586024,-2.9337624,Entire home/apt,256.0,1,37,2025-09-25,5.9,1,86,37,ESFCTU0000480270003847940000000000000000000EBI-031016,256.0,Individual (1),Upscale (€180-300)
1369473820078654159,448787161,Vizcaya,Bilbao,43.25784307632456,-2.933576197266965,Entire home/apt,133.0,2,7,2025-07-18,1.51,1,262,7,ESFCTU00004802700013268500000000000000000000EBI012399,133.0,Individual (1),Mid-scale (€120-180)
1370279608954796552,69923417,Vizcaya,Bilbao,43.2539616172836,-2.9249279419175083,Entire home/apt,165.0,2,41,2025-09-25,6.0,18,316,41,EBI03218,165.0,Profesional (10+),Mid-scale (€120-180)
1371073381685683830,682757266,Vizcaya,Bilbao,43.257852909994114,-2.9271577612573667,Entire home/apt,163.0,1,51,2025-09-26,8.74,1,33,51,ESFCTU00104802600051162900000000000000000000EBI032608,163.0,Individual (1),Mid-scale (€120-180)
1375237623685102133,80982134,Vizcaya,Bilbao,43.25599974284093,-2.923840320790112,Entire home/apt,120.0,2,20,2025-09-26,3.8,6,241,20,ESFCTU00004802600048928700000000000000000000EBI005454,120.0,Mediano (4-10),Economy (€75-120)
1379789731262550260,685009611,Vizcaya,Bilbao,43.2567506,-2.9287738,Entire home/apt,159.0,3,16,2025-09-25,2.57,1,283,16,ESFCTU00004802700030300900000000000000000000EBI032656,159.0,Individual (1),Mid-scale (€120-180)
1380278252497304551,355500268,Vizcaya,Bilbao,43.26091842655936,-2.922369300925105,Entire home/apt,162.0,2,9,2025-09-14,1.65,16,340,9,ESFCTU00004802600029306800000000000000000000EBI032114,162.0,Profesional (10+),Mid-scale (€120-180)
1381229542990294182,671397896,Vizcaya,Bilbao,43.2560444227429,-2.928197560813264,Private room,77.0,1,7,2025-09-10,1.52,53,82,7,ESHFTU00004802700032138600200000000000000000LBI005603,77.0,Profesional (10+),Economy (€75-120)
1381878314524385996,355500268,Vizcaya,Bilbao,43.25144603404559,-2.935909295258853,Entire home/apt,123.0,2,15,2025-09-13,2.66,16,280,15,ESFCTU00004802700049066200000000000000000000EBI028798,123.0,Profesional (10+),Mid-scale (€120-180)
1383947116606490683,588327827,Vizcaya,Bilbao,43.26211,-2.94443,Entire home/apt,188.0,2,4,2025-08-23,1.48,4,66,4,,188.0,Mediano (4-10),Upscale (€180-300)
1383975359249232398,588327827,Vizcaya,Bilbao,43.26195823203926,-2.9439819326749483,Entire home/apt,195.0,2,6,2025-09-14,2.25,4,71,6,,195.0,Mediano (4-10),Upscale (€180-300)
1385567294070920732,671397896,Vizcaya,Bilbao,43.25711628929984,-2.9284444621504364,Private room,79.0,1,0,,,53,70,0,ESHFTU00004802700032138600200000000000000000LBI005603,79.0,Profesional (10+),Economy (€75-120)
1386745118972219839,665376470,Vizcaya,Bilbao,43.25654496128728,-2.9290133654827257,Entire home/apt,126.0,1,1,2025-09-01,1.0,1,316,1,ESFCTU00004802700089639600000000000000000000EBI010605,126.0,Individual (1),Mid-scale (€120-180)
1388854389549737144,49828616,Vizcaya,Bilbao,43.26591,-2.92566,Private room,42.0,1,12,2025-09-04,2.2,6,358,12,,42.0,Mediano (4-10),Budget (<€75)
1389818216517380686,80982134,Vizcaya,Bilbao,43.26014440934216,-2.9240365830887907,Entire home/apt,102.0,14,5,2025-09-09,1.23,6,214,5,ESHFNT00004802600024713900200000000000000000000000002,102.0,Mediano (4-10),Economy (€75-120)
1390515759146108414,69923417,Vizcaya,Bilbao,43.255706783432885,-2.925113185101008,Entire home/apt,170.0,2,12,2025-08-20,2.02,18,338,12,EBI03276,170.0,Profesional (10+),Mid-scale (€120-180)
1390730149615199380,687798596,Vizcaya,Bilbao,43.258800362933535,-2.922334112226963,Entire home/apt,152.0,31,14,2025-09-18,3.65,1,158,14,,152.0,Individual (1),Mid-scale (€120-180)
1391456415034883088,135459830,Vizcaya,Bilbao,43.26510999748832,-2.91382416299946,Entire home/apt,106.0,2,19,2025-09-21,3.45,1,135,19,ESFCTU00004802500004450200000000000000000000EBI020606,106.0,Individual (1),Economy (€75-120)
1392705924060374987,688273121,Vizcaya,Bilbao,43.25822729857518,-2.9375010961439902,Entire home/apt,213.0,1,14,2025-09-02,2.39,1,8,14,ESFCTU00004802700085696300000000000000000000EBI019123,213.0,Individual (1),Upscale (€180-300)
1393576020811046324,582173175,Vizcaya,Bilbao,43.25569091379416,-2.9296363580319693,Private room,27.0,1,19,2025-09-15,3.5,1,280,19,,27.0,Individual (1),Budget (<€75)
1394091182716383658,248601623,Vizcaya,Bilbao,43.26317,-2.9264,Entire home/apt,207.0,1,11,2025-09-22,2.56,6,325,11,ESFCTU00004802200012777800000000000000000000EBI020754,207.0,Mediano (4-10),Upscale (€180-300)
1394708556433319540,688815232,Vizcaya,Bilbao,43.2623380057199,-2.948645075614136,Entire home/apt,237.0,1,4,2025-08-16,1.25,8,308,4,,237.0,Mediano (4-10),Upscale (€180-300)
1394724645337402638,688815232,Vizcaya,Bilbao,43.26225764057335,-2.948915118489112,Entire home/apt,248.0,1,0,,,8,311,0,,248.0,Mediano (4-10),Upscale (€180-300)
1394729216125088556,688815232,Vizcaya,Bilbao,43.26108413159678,-2.948161833615786,Entire home/apt,128.0,1,2,2025-08-26,0.9,8,329,2,,128.0,Mediano (4-10),Mid-scale (€120-180)
1394733950806619057,688815232,Vizcaya,Bilbao,43.2614655,-2.9478067,Entire home/apt,155.0,1,3,2025-08-24,0.6,8,326,3,,155.0,Mediano (4-10),Mid-scale (€120-180)
1394752498583424748,688815232,Vizcaya,Bilbao,43.2614655,-2.9478067,Entire home/apt,283.0,1,0,,,8,286,0,,283.0,Mediano (4-10),Upscale (€180-300)
1394754071021502508,160412156,Vizcaya,Bilbao,43.25639,-2.92326,Entire home/apt,112.0,1,1,2025-08-15,0.64,45,325,1,ESFCTU00004802600027836200000000000000000000EBI013305,112.0,Profesional (10+),Economy (€75-120)
1394755747893468280,688815232,Vizcaya,Bilbao,43.260594936355886,-2.9485490243458115,Entire home/apt,135.0,1,1,2025-09-06,1.0,8,317,1,,135.0,Mediano (4-10),Mid-scale (€120-180)
1394887383567427605,688859570,Vizcaya,Bilbao,43.26952709716901,-2.926686261543644,Entire home/apt,200.0,2,8,2025-08-04,1.74,1,91,8,ESFCTU00004802600024781800000000000000000000EBI014120,200.0,Individual (1),Upscale (€180-300)
1395768582013725301,23028672,Vizcaya,Bilbao,43.2668658,-2.9245696,Entire home/apt,143.0,1,34,2025-09-28,6.07,4,301,34,ESFCTU00004802600041340400000000000000000000EBI032120,143.0,Mediano (4-10),Mid-scale (€120-180)
1395852901308733889,308757294,Vizcaya,Bilbao,43.25668801360559,-2.9232118560031672,Private room,72.0,2,17,2025-09-27,3.36,1,84,17,,72.0,Individual (1),Budget (<€75)
1398594713243806964,493046703,Vizcaya,Bilbao,43.25090303789373,-2.935849139147959,Entire home/apt,169.0,3,0,,,2,49,0,ESFCTU00004802700093150900000000000000000000EBI032306,169.0,Pequeño (2-3),Mid-scale (€120-180)
1399319678897857598,689995666,Vizcaya,Bilbao,43.25269887631522,-2.936958624449029,Entire home/apt,98.0,1,12,2025-09-11,2.2,1,349,12,ESFCTU00004802700003384500000000000000000000EBI015220,98.0,Individual (1),Economy (€75-120)
1399328655322653072,181984676,Vizcaya,Bilbao,43.25689262111817,-2.940671034157276,Entire home/apt,162.0,3,3,2025-06-20,0.6,3,328,3,ESFCTU00004802700005366900000000000000000000EBI032643,162.0,Pequeño (2-3),Mid-scale (€120-180)
1399838163337278322,688815232,Vizcaya,Bilbao,43.26049596691401,-2.948485208998397,Entire home/apt,185.0,1,29,2025-09-12,5.72,8,305,29,,185.0,Mediano (4-10),Upscale (€180-300)
1400090465730098069,564785217,Vizcaya,Bilbao,43.26944158832292,-2.9283281788229942,Entire home/apt,194.0,2,5,2025-08-24,1.14,1,20,5,ESFCTU000048026000354296000000000000000000000EBI06990,194.0,Individual (1),Upscale (€180-300)
1405030078771652499,550521861,Vizcaya,Bilbao,43.2583971,-2.9353922,Entire home/apt,223.0,31,2,2025-08-22,1.02,2,365,2,,223.0,Pequeño (2-3),Upscale (€180-300)
1405145742129459303,671397896,Vizcaya,Bilbao,43.257272550702005,-2.9371064056817957,Entire home/apt,222.0,1,1,2025-08-24,0.79,53,75,1,ESFCTU00004802700046350500000000000000000000EBI027674,222.0,Profesional (10+),Upscale (€180-300)
1408746479912237363,514908187,Vizcaya,Bilbao,43.25708998285643,-2.916310219447602,Private room,77.0,2,4,2025-09-22,0.88,3,176,4,,77.0,Pequeño (2-3),Economy (€75-120)
1409525833436536113,514908187,Vizcaya,Bilbao,43.25656221949894,-2.916977969368571,Private room,69.0,2,6,2025-09-17,1.35,3,176,6,,69.0,Pequeño (2-3),Budget (<€75)
1410654902177127141,550521861,Vizcaya,Bilbao,43.2583971,-2.9353922,Entire home/apt,233.0,31,1,2025-07-31,0.48,2,365,1,,233.0,Pequeño (2-3),Upscale (€180-300)
1410680707181611922,159171486,Vizcaya,Bilbao,43.2659422,-2.93137,Entire home/apt,239.0,2,2,2025-09-19,2.0,1,92,2,ESFCTU00004802200043475300000000000000000000EBI012920,239.0,Individual (1),Upscale (€180-300)
1413913058540665560,146803324,Vizcaya,Bilbao,43.25717788459115,-2.9440357382862987,Private room,640.0,2,1,2025-05-22,0.23,1,365,1,,640.0,Individual (1),Luxury (>€300)
1414321696868311266,693820373,Vizcaya,Bilbao,43.25977747726125,-2.927920694643706,Private room,700.0,2,1,2025-05-22,0.23,1,87,1,,700.0,Individual (1),Luxury (>€300)
1414387486047491028,686701637,Vizcaya,Bilbao,43.27247226337289,-2.9243336195739777,Entire home/apt,909.0,3,7,2025-08-13,1.54,1,82,7,,909.0,Individual (1),Luxury (>€300)
1414470412854791837,69923417,Vizcaya,Bilbao,43.25539,-2.92681,Entire home/apt,118.0,2,0,,,18,115,0,TBI00023,118.0,Profesional (10+),Economy (€75-120)
1415188232532348972,671397896,Vizcaya,Bilbao,43.25537367541789,-2.923972184426469,Entire home/apt,211.0,1,3,2025-08-30,1.36,53,75,3,ESFCTU00004802600033824000000000000000000000EBI032612,211.0,Profesional (10+),Upscale (€180-300)
1415956932208522458,73337322,Vizcaya,Bilbao,43.256350738099805,-2.9292332656066944,Entire home/apt,116.0,2,1,2025-08-11,0.59,1,80,1,,116.0,Individual (1),Economy (€75-120)
1416843156908267637,68289421,Vizcaya,Bilbao,43.26206754973354,-2.945159887045392,Entire home/apt,467.0,2,1,2025-05-22,0.23,1,335,1,,467.0,Individual (1),Luxury (>€300)
1417215063114694208,65619920,Vizcaya,Bilbao,43.2712539,-2.9484225,Entire home/apt,263.0,1,8,2025-09-14,3.0,4,328,8,ESFCTU00004802100001691400000000000000000000EBI033691,263.0,Mediano (4-10),Upscale (€180-300)
1417423556362854162,564145880,Vizcaya,Bilbao,43.26835242405289,-2.920600799948172,Entire home/apt,58.0,2,24,2025-09-21,5.22,1,34,24,ESFCTU00004802500003769600000000000000000000EBI028325,58.0,Individual (1),Budget (<€75)
1417631425855594524,143882458,Vizcaya,Bilbao,43.2612990912704,-2.9148259386420245,Entire home/apt,142.0,2,10,2025-09-04,2.61,1,240,10,ESFCTU00004802500053609000000000000000000000EBI031020,142.0,Individual (1),Mid-scale (€120-180)
1418659420323295923,222463066,Vizcaya,Bilbao,43.25902725761235,-2.897964023264698,Private room,600.0,1,0,,,10,84,0,,600.0,Mediano (4-10),Luxury (>€300)
1418684402209982426,374404690,Vizcaya,Bilbao,43.25268324465254,-2.9373222380366744,Shared room,405.0,1,0,,,1,365,0,,405.0,Individual (1),Luxury (>€300)
1419023321618371971,10776801,Vizcaya,Bilbao,43.256218,-2.922617,Entire home/apt,177.0,1,7,2025-09-25,1.96,3,141,7,ESFCTU00004802600033503400000000000000000000EBI007908,177.0,Pequeño (2-3),Mid-scale (€120-180)
1419390774491451805,185672653,Vizcaya,Bilbao,43.26076500000001,-2.9300173,Private room,900.0,1,0,,,1,107,0,,900.0,Individual (1),Luxury (>€300)
1419434750776918526,128529302,Vizcaya,Bilbao,43.25550158703957,-2.938143160475152,Private room,520.0,1,0,,,1,364,0,,520.0,Individual (1),Luxury (>€300)
1419521219072172834,69923417,Vizcaya,Bilbao,43.25473,-2.93026,Entire home/apt,184.0,2,6,2025-09-25,1.55,18,345,6,EBI03278,184.0,Profesional (10+),Upscale (€180-300)
1419553903905038303,269829271,Vizcaya,Bilbao,43.26636,-2.91832,Entire home/apt,144.0,1,49,2025-09-15,11.14,3,244,49,ESFCTU00004802500005401300000000000000000000EBI022530,144.0,Pequeño (2-3),Mid-scale (€120-180)
1420037461863554325,215431953,Vizcaya,Bilbao,43.28144161816017,-2.9621517148267205,Private room,400.0,1,1,2025-05-22,0.23,1,363,1,,400.0,Individual (1),Luxury (>€300)
1420110164016874534,452908474,Vizcaya,Bilbao,43.27758253062794,-2.9617527205561807,Private room,80.0,2,0,,,1,360,0,,80.0,Individual (1),Economy (€75-120)
1420143262569916839,11296499,Vizcaya,Bilbao,43.269171980812615,-2.9552031668543384,Private room,56.0,1,0,,,16,77,0,,56.0,Profesional (10+),Budget (<€75)
1420147269391562150,695243587,Vizcaya,Bilbao,43.25014,-2.94728,Private room,155.0,1,0,,,1,268,0,,155.0,Individual (1),Mid-scale (€120-180)
1420169854896025772,212767836,Vizcaya,Bilbao,43.2570366,-2.9180166,Private room,31.0,1,6,2025-09-10,1.57,4,37,6,,31.0,Mediano (4-10),Budget (<€75)
1420210594343829764,112856279,Vizcaya,Bilbao,43.27682857470421,-2.950916535546736,Private room,400.0,1,0,,,1,365,0,,400.0,Individual (1),Luxury (>€300)
1420387577526802574,44677088,Vizcaya,Bilbao,43.25857676918959,-2.917943017513738,Private room,800.0,1,0,,,1,365,0,,800.0,Individual (1),Luxury (>€300)
1420839617064489316,13616057,Vizcaya,Bilbao,43.25461315125039,-2.928433047861872,Private room,340.0,2,1,2025-05-22,0.23,2,83,1,,340.0,Pequeño (2-3),Luxury (>€300)
1421026968744861284,11296499,Vizcaya,Bilbao,43.26938361317249,-2.955604320653672,Private room,151.0,1,0,,,16,93,0,,151.0,Profesional (10+),Mid-scale (€120-180)
1421058313999271216,356532178,Vizcaya,Bilbao,43.24942496611196,-2.9182608425617214,Private room,443.0,1,0,,,2,365,0,,443.0,Pequeño (2-3),Luxury (>€300)
1421088470022817046,579161119,Vizcaya,Bilbao,43.26270592676056,-2.9432002184351607,Private room,1200.0,1,0,,,1,365,0,,1200.0,Individual (1),Luxury (>€300)
1421120723635059723,695489655,Vizcaya,Bilbao,43.24844032561939,-2.94934184165437,Private room,320.0,1,0,,,1,364,0,,320.0,Individual (1),Luxury (>€300)
1421160697782549338,171272003,Vizcaya,Bilbao,43.2663715539288,-2.9316191321770004,Private room,160.0,1,1,2025-05-22,0.23,1,362,1,,160.0,Individual (1),Mid-scale (€120-180)
1421351154367319454,514908187,Vizcaya,Bilbao,43.25880778527817,-2.9182513236275915,Private room,66.0,2,5,2025-09-13,1.9,3,168,5,,66.0,Pequeño (2-3),Budget (<€75)
1421475942759783065,116436610,Vizcaya,Bilbao,43.25744603802494,-2.9322793761568047,Private room,649.0,1,0,,,1,365,0,,649.0,Individual (1),Luxury (>€300)
1421573733596010629,142594151,Vizcaya,Bilbao,43.25717832058851,-2.917257696390152,Entire home/apt,91.0,2,7,2025-09-08,2.39,1,178,7,ESFCTU00004802500001411600000000000000000000EBI024572,91.0,Individual (1),Economy (€75-120)
1421632012756692741,74752180,Vizcaya,Bilbao,43.2593145,-2.933123,Entire home/apt,200.0,2,3,2025-08-17,0.68,1,156,3,ESFCTU00004802700010077600000000000000000000EBI028143,200.0,Individual (1),Upscale (€180-300)
1421722674352377532,80214560,Vizcaya,Bilbao,43.2577377097621,-2.917593643069268,Entire home/apt,106.0,2,24,2025-09-23,5.45,1,106,24,ESFCTU00004802500020781500000000000000000000EBI008008,106.0,Individual (1),Economy (€75-120)
1421771080010231430,13616057,Vizcaya,Bilbao,43.2540088979603,-2.9282160485646003,Private room,220.0,2,0,,,2,83,0,,220.0,Pequeño (2-3),Upscale (€180-300)
1421839980158474469,178755150,Vizcaya,Bilbao,43.26009169764468,-2.950396136828781,Private room,685.0,1,1,2025-05-22,0.23,3,365,1,,685.0,Pequeño (2-3),Luxury (>€300)
1421844213965047612,178755150,Vizcaya,Bilbao,43.25788002161984,-2.950803858930518,Private room,600.0,1,1,2025-05-22,0.23,3,365,1,,600.0,Pequeño (2-3),Luxury (>€300)
1421863677660210066,178755150,Vizcaya,Bilbao,43.2586507525762,-2.952212626701591,Private room,600.0,1,1,2025-05-22,0.23,3,365,1,,600.0,Pequeño (2-3),Luxury (>€300)
1421903286649568233,695714431,Vizcaya,Bilbao,43.25500031776428,-2.934764725284821,Private room,47.0,1,0,,,1,363,0,C790541,47.0,Individual (1),Budget (<€75)
1422017870816982641,124591434,Vizcaya,Bilbao,43.25699193494246,-2.946174359347628,Private room,615.0,1,0,,,3,363,0,,615.0,Pequeño (2-3),Luxury (>€300)
1422352272624968233,695828148,Vizcaya,Bilbao,43.2524404932694,-2.92382161569947,Entire home/apt,154.0,1,2,2025-08-15,1.11,1,77,2,ESFCTU00004802700040120000000000000000000000EBI032344,154.0,Individual (1),Mid-scale (€120-180)
1422530962594273181,662214505,Vizcaya,Bilbao,43.2647899,-2.9149269,Private room,235.0,1,0,,,1,365,0,,235.0,Individual (1),Upscale (€180-300)
1422758935015746025,356532178,Vizcaya,Bilbao,43.25032315542173,-2.9183845594525337,Private room,463.0,1,0,,,2,365,0,,463.0,Pequeño (2-3),Luxury (>€300)
1423071508125479052,653354194,Vizcaya,Bilbao,43.2716863,-2.9694152,Private room,39.0,1,20,2025-09-23,7.06,1,306,20,,39.0,Individual (1),Budget (<€75)
1423903244084805970,42994535,Vizcaya,Bilbao,43.25005648577323,-2.944097335198016,Private room,399.0,1,0,,,1,365,0,,399.0,Individual (1),Luxury (>€300)
1424129660843743346,485640397,Vizcaya,Bilbao,43.2594520245388,-2.939832793701445,Private room,594.0,1,0,,,1,365,0,,594.0,Individual (1),Luxury (>€300)
1424404986483406450,326236532,Vizcaya,Bilbao,43.2567092,-2.9170688,Private room,69.0,1,18,2025-09-27,4.74,2,358,18,,69.0,Pequeño (2-3),Budget (<€75)
1424432878489036294,695653348,Vizcaya,Bilbao,43.26593606169303,-2.9219770431518555,Entire home/apt,109.0,1,2,2025-09-02,1.43,2,95,2,Exempt,109.0,Pequeño (2-3),Economy (€75-120)
1424434963377224951,695653348,Vizcaya,Bilbao,43.2658512,-2.9217906,Entire home/apt,119.0,1,5,2025-09-21,1.21,2,98,5,Exempt,119.0,Pequeño (2-3),Economy (€75-120)
1424444193812801698,696336051,Vizcaya,Bilbao,43.2671,-2.92328,Private room,452.0,1,0,,,1,365,0,,452.0,Individual (1),Luxury (>€300)
1424630368417464448,179001934,Vizcaya,Bilbao,43.25913,-2.91954,Private room,165.0,1,0,,,1,365,0,,165.0,Individual (1),Mid-scale (€120-180)
1424683501977565732,696403477,Vizcaya,Bilbao,43.264367309508,-2.9276793108367927,Private room,407.0,1,0,,,1,363,0,,407.0,Individual (1),Luxury (>€300)
1424720198482693050,176714706,Vizcaya,Bilbao,43.2568,-2.93105,Private room,56.0,1,17,2025-09-13,3.86,2,224,17,ESHFTU00004802700090925600200000000000000000LBI007285,56.0,Pequeño (2-3),Budget (<€75)
1425218975636728563,208200792,Vizcaya,Bilbao,43.26046061399005,-2.9215720794396742,Entire home/apt,194.0,1,22,2025-09-14,5.32,14,327,22,ESFCTU00004802600022094100000000000000000000EBI030265,194.0,Profesional (10+),Upscale (€180-300)
1425317931992713233,574736116,Vizcaya,Bilbao,43.26086835715595,-2.940989720444981,Private room,95.0,4,2,2025-06-20,0.45,4,188,2,ESHFTU00004802200036542200100000000000000000LBI006841,95.0,Mediano (4-10),Economy (€75-120)
1425385843781343904,682913082,Vizcaya,Bilbao,43.2760687,-2.9615334,Private room,240.0,1,0,,,1,365,0,,240.0,Individual (1),Upscale (€180-300)
1425472725649569856,239075673,Vizcaya,Bilbao,43.256948317105966,-2.9320941840628363,Private room,575.0,1,0,,,1,365,0,,575.0,Individual (1),Luxury (>€300)
1426238123625826882,176714706,Vizcaya,Bilbao,43.2567219,-2.931064,Private room,62.0,1,10,2025-09-07,2.75,2,40,10,ESHFTU00004802700090925600200000000000000000LBI007285,62.0,Pequeño (2-3),Budget (<€75)
1427667466331497210,453339933,Vizcaya,Bilbao,43.2414087,-2.924503,Entire home/apt,229.0,1,1,2025-08-15,0.64,2,86,1,ESFCTU00004802700014989800000000000000000000EBI028806,229.0,Pequeño (2-3),Upscale (€180-300)
1430272928847858676,697792142,Vizcaya,Bilbao,43.254799411285504,-2.926724435095505,Entire home/apt,180.0,3,9,2025-08-28,3.1,1,115,9,,180.0,Individual (1),Mid-scale (€120-180)
1430928229265005598,697778224,Vizcaya,Bilbao,43.25757,-2.92203,Private room,94.0,1,2,2025-07-20,0.56,18,264,2,,94.0,Profesional (10+),Economy (€75-120)
1431336801094651341,572225367,Vizcaya,Bilbao,43.26635,-2.9209,Entire home/apt,224.0,1,0,,,1,362,0,,224.0,Individual (1),Upscale (€180-300)
1431760082443275472,160412156,Vizcaya,Bilbao,43.26361,-2.94692,Entire home/apt,145.0,1,4,2025-09-04,1.52,45,245,4,ESFCTU00004802200012812600000000000000000000EBI005919,145.0,Profesional (10+),Mid-scale (€120-180)
1431885679384647526,697778224,Vizcaya,Bilbao,43.2579,-2.92294,Private room,128.0,1,4,2025-09-09,2.93,18,286,4,,128.0,Profesional (10+),Mid-scale (€120-180)
1432419099289336288,409504538,Vizcaya,Bilbao,43.2801899,-2.9624106,Private room,83.0,1,0,,,1,363,0,,83.0,Individual (1),Economy (€75-120)
1432425906749578827,16126315,Vizcaya,Bilbao,43.26756,-2.93272,Entire home/apt,195.0,2,3,2025-09-10,0.97,24,119,3,ESFCTU00004802200030022500000000000000000000EBI026428,195.0,Profesional (10+),Upscale (€180-300)
1432551265200641518,434075572,Vizcaya,Bilbao,43.27052934664161,-2.924914188997823,Private room,54.0,1,13,2025-09-20,3.42,1,2,13,,54.0,Individual (1),Budget (<€75)
1435321777401835550,355500268,Vizcaya,Bilbao,43.248079361535694,-2.910208724314914,Entire home/apt,931.0,2,0,,,16,365,0,Exempt,931.0,Profesional (10+),Luxury (>€300)
1435484809100709079,265238560,Vizcaya,Bilbao,43.26689937452548,-2.9338956037782986,Private room,79.0,1,5,2025-09-11,1.47,1,3,5,,79.0,Individual (1),Economy (€75-120)
1435514446562752815,355500268,Vizcaya,Bilbao,43.24806,-2.91041,Entire home/apt,939.0,2,0,,,16,365,0,Exempt,939.0,Profesional (10+),Luxury (>€300)
1436319947115087512,699102779,Vizcaya,Bilbao,43.2707714,-2.9429338,Entire home/apt,48.0,3,10,2025-09-16,3.23,1,131,10,,48.0,Individual (1),Budget (<€75)
1436927390553178815,671397896,Vizcaya,Bilbao,43.2682,-2.92143,Entire home/apt,110.0,1,7,2025-08-24,2.33,53,81,7,ESFCTU00004802500066371000000000000000000000EBI025777,110.0,Profesional (10+),Economy (€75-120)
1437038268810035587,699533051,Vizcaya,Bilbao,43.2515158,-2.9341967,Entire home/apt,126.0,1,10,2025-09-19,2.78,1,108,10,ESFCTU00004802700075949300000000000000000000EBI026657,126.0,Individual (1),Mid-scale (€120-180)
1437566011769955032,110834055,Vizcaya,Bilbao,43.25993921518317,-2.93991770797644,Private room,410.0,1,0,,,17,198,0,.,410.0,Profesional (10+),Luxury (>€300)
1437566387994975776,110834055,Vizcaya,Bilbao,43.25978006549303,-2.938751284093632,Private room,455.0,1,0,,,17,198,0,.,455.0,Profesional (10+),Luxury (>€300)
1437566733343320817,110834055,Vizcaya,Bilbao,43.25880603106408,-2.940656195477481,Private room,455.0,1,0,,,17,198,0,.,455.0,Profesional (10+),Luxury (>€300)
1437567461299780115,110834055,Vizcaya,Bilbao,43.2595852031044,-2.9389870495699872,Private room,455.0,1,1,2025-08-24,0.79,17,198,1,.,455.0,Profesional (10+),Luxury (>€300)
1437569057776231473,110834055,Vizcaya,Bilbao,43.258745372195165,-2.9399178242478725,Private room,455.0,1,4,2025-08-01,1.35,17,198,4,.,455.0,Profesional (10+),Luxury (>€300)
1437570304899928787,110834055,Vizcaya,Bilbao,43.25988955500245,-2.9399172278270327,Private room,455.0,1,1,2025-08-13,0.61,17,198,1,.,455.0,Profesional (10+),Luxury (>€300)
1437572304306897895,110834055,Vizcaya,Bilbao,43.25843965713097,-2.9400575116002856,Private room,455.0,1,0,,,17,198,0,.,455.0,Profesional (10+),Luxury (>€300)
1437572691043431069,110834055,Vizcaya,Bilbao,43.26002359517985,-2.9392800010594566,Private room,455.0,1,1,2025-08-06,0.54,17,198,1,.,455.0,Profesional (10+),Luxury (>€300)
1437573045212447162,110834055,Vizcaya,Bilbao,43.26023324944224,-2.940146526859269,Private room,455.0,1,0,,,17,198,0,.,455.0,Profesional (10+),Luxury (>€300)
1437928822203397072,1098183,Vizcaya,Bilbao,43.2531438,-2.9227979,Entire home/apt,56.0,30,1,2025-08-19,0.7,1,248,1,ESFCNT00004802700034291600000000000000000000000000005,56.0,Individual (1),Budget (<€75)
1439307342452130253,338539064,Vizcaya,Bilbao,43.25232,-2.90988,Private room,56.0,2,0,,,1,356,0,,56.0,Individual (1),Budget (<€75)
1441892081293143646,697778224,Vizcaya,Bilbao,43.25652295495108,-2.922671023942569,Private room,89.0,1,7,2025-09-15,2.23,18,290,7,,89.0,Profesional (10+),Economy (€75-120)
1441896754287659743,697778224,Vizcaya,Bilbao,43.25651,-2.92267,Private room,88.0,1,4,2025-09-17,1.71,18,242,4,,88.0,Profesional (10+),Economy (€75-120)
1441901208149158576,697778224,Vizcaya,Bilbao,43.25642137630143,-2.922703210450748,Private room,112.0,1,1,2025-09-15,1.0,18,279,1,,112.0,Profesional (10+),Economy (€75-120)
1441903948310786685,697778224,Vizcaya,Bilbao,43.25641356255213,-2.922751490213016,Private room,122.0,1,4,2025-08-27,1.38,18,292,4,,122.0,Profesional (10+),Mid-scale (€120-180)
1441906815694043175,697778224,Vizcaya,Bilbao,43.25648779312999,-2.9226871171966584,Private room,74.0,1,6,2025-09-02,1.91,18,272,6,,74.0,Profesional (10+),Budget (<€75)
1442546571230651847,701028218,Vizcaya,Bilbao,43.2665854,-2.922641,Entire home/apt,109.0,1,31,2025-09-27,9.21,2,272,31,ESFCTU00004802500068292600000000000000000000EBI015235,109.0,Pequeño (2-3),Economy (€75-120)
1444244834269795299,53078816,Vizcaya,Bilbao,43.24975025092878,-2.9475659877061844,Private room,104.0,1,1,2025-07-13,0.37,14,175,1,,104.0,Profesional (10+),Economy (€75-120)
1445549165366167772,69923417,Vizcaya,Bilbao,43.26184,-2.91711,Entire home/apt,139.0,2,7,2025-08-17,2.56,18,314,7,TBI00095,139.0,Profesional (10+),Mid-scale (€120-180)
1445552225222356932,69923417,Vizcaya,Bilbao,43.26406,-2.91615,Entire home/apt,227.0,2,1,2025-07-27,0.45,18,363,1,,227.0,Profesional (10+),Upscale (€180-300)
1445645995943678425,62205707,Vizcaya,Bilbao,43.26644,-2.93403,Private room,35.0,30,0,,,14,91,0,,35.0,Profesional (10+),Budget (<€75)
1445725626264532782,701628453,Vizcaya,Bilbao,43.25965788362231,-2.92196162045002,Private room,71.0,1,4,2025-08-22,2.22,1,90,4,,71.0,Individual (1),Budget (<€75)
1445775152904340573,205473153,Vizcaya,Bilbao,43.2517,-2.90597,Private room,53.0,2,21,2025-09-23,6.77,1,343,21,,53.0,Individual (1),Budget (<€75)
1449364990721895756,4723100,Vizcaya,Bilbao,43.253299,-2.9477504,Entire home/apt,95.0,1,11,2025-09-23,4.02,16,167,11,ESFCTU00004802700057302000000000000000000000EBI032016,95.0,Profesional (10+),Economy (€75-120)
1449381253752597282,4723100,Vizcaya,Bilbao,43.2557541,-2.9235464,Entire home/apt,130.0,1,11,2025-09-27,4.52,16,153,11,ESFCTU00004802600035207900000000000000000000EBI032359,130.0,Profesional (10+),Mid-scale (€120-180)
1449812832767714246,702971911,Vizcaya,Bilbao,43.2708,-2.94711,Entire home/apt,141.0,1,4,2025-09-14,2.0,8,332,4,TBI00047,141.0,Mediano (4-10),Mid-scale (€120-180)
1450013464457742947,697778224,Vizcaya,Bilbao,43.25889014701816,-2.9244203325408846,Private room,109.0,1,1,2025-08-27,0.86,18,296,1,Exempt,109.0,Profesional (10+),Economy (€75-120)
1450538999494181922,697778224,Vizcaya,Bilbao,43.258940934304974,-2.924457883467093,Private room,131.0,1,1,2025-08-20,0.71,18,297,1,,131.0,Profesional (10+),Mid-scale (€120-180)
1451245451691448596,353038776,Vizcaya,Bilbao,43.26196,-2.93113,Entire home/apt,256.0,1,13,2025-09-11,4.7,11,346,13,ESFCTU00004802200019571500000000000000000000EBI022877,256.0,Profesional (10+),Upscale (€180-300)
1451530653627177850,25131539,Vizcaya,Bilbao,43.25669,-2.92854,Entire home/apt,80.0,30,1,2025-08-09,0.57,4,303,1,ESFCNT00004802700017891100000000000000000000000000007,80.0,Mediano (4-10),Economy (€75-120)
1452199486873077942,702971911,Vizcaya,Bilbao,43.25608,-2.94707,Private room,63.0,1,0,,,8,348,0,,63.0,Mediano (4-10),Budget (<€75)
1452964255824196005,703892191,Vizcaya,Bilbao,43.2580624,-2.9194566,Entire home/apt,132.0,2,6,2025-09-21,6.0,1,81,6,ESFCTU00004802600027978900000000000000000000EBI028730,132.0,Individual (1),Mid-scale (€120-180)
1453646063388059794,30007413,Vizcaya,Bilbao,43.26308393395717,-2.9122550413012505,Entire home/apt,102.0,1,10,2025-09-26,4.29,3,78,10,Exempt,102.0,Pequeño (2-3),Economy (€75-120)
1454235717348228882,62205707,Vizcaya,Bilbao,43.2671,-2.93429,Private room,20.0,30,0,,,14,91,0,,20.0,Profesional (10+),Budget (<€75)
1455609123711271269,485801266,Vizcaya,Bilbao,43.26649,-2.92332,Entire home/apt,126.0,3,9,2025-09-14,3.51,29,145,9,ESFCTU00004802500004104400000000000000000000EBI031846,126.0,Profesional (10+),Mid-scale (€120-180)
1456378332349345575,702971911,Vizcaya,Bilbao,43.2572,-2.94582,Private room,63.0,1,2,2025-09-01,1.76,8,341,2,Exempt,63.0,Mediano (4-10),Budget (<€75)
1456403096101483799,702971911,Vizcaya,Bilbao,43.25528,-2.9453,Private room,66.0,1,2,2025-09-02,0.95,8,347,2,Exempt,66.0,Mediano (4-10),Budget (<€75)
1456535527884087846,702971911,Vizcaya,Bilbao,43.25535,-2.9472,Private room,67.0,1,0,,,8,343,0,Exempt,67.0,Mediano (4-10),Budget (<€75)
1457113875205427537,160412156,Vizcaya,Bilbao,43.25844,-2.94542,Entire home/apt,135.0,1,7,2025-08-31,3.04,45,309,7,ESFCTU00004802200020747000000000000000000000EBI031314,135.0,Profesional (10+),Mid-scale (€120-180)
1457968114412499807,699915806,Vizcaya,Bilbao,43.2508,-2.93729,Entire home/apt,99.0,1,0,,,1,359,0,ESABCD000048009000669455000000000000000000-B450839351,99.0,Individual (1),Economy (€75-120)
1460156341255225576,355500268,Vizcaya,Bilbao,43.25927,-2.94668,Entire home/apt,99.0,2,1,2025-09-08,1.0,16,349,1,ESFCTU00004802200025669000000000000000000000EBI032531,99.0,Profesional (10+),Economy (€75-120)
1461350247654785230,677006561,Vizcaya,Bilbao,43.25753572438647,-2.9235805041318086,Entire home/apt,157.0,2,0,,,2,346,0,Exempt,157.0,Pequeño (2-3),Mid-scale (€120-180)
1461440727292748678,702971911,Vizcaya,Bilbao,43.25556,-2.94566,Private room,50.0,1,2,2025-08-29,1.4,8,345,2,Exempt,50.0,Mediano (4-10),Budget (<€75)
1461444919390544775,702971911,Vizcaya,Bilbao,43.25726,-2.94686,Private room,50.0,1,2,2025-09-09,1.76,8,334,2,Exempt,50.0,Mediano (4-10),Budget (<€75)
1461462303433756276,284533130,Vizcaya,Bilbao,43.27156,-2.94469,Entire home/apt,130.0,7,1,2025-08-28,0.88,3,28,1,ESFCTU0000480210000400630000000000000000000-BI-005846,130.0,Pequeño (2-3),Mid-scale (€120-180)
1461471350490627248,702971911,Vizcaya,Bilbao,43.25571,-2.94513,Private room,64.0,1,1,2025-08-08,0.56,8,346,1,Exempt,64.0,Mediano (4-10),Budget (<€75)
1462377919633671864,43203627,Vizcaya,Bilbao,43.25913,-2.91927,Entire home/apt,78.0,2,0,,,1,108,0,ESHFTU00004802600027698600100000000000000000LBI005721,78.0,Individual (1),Economy (€75-120)
1463848640332740646,30007413,Vizcaya,Bilbao,43.26431,-2.91166,Entire home/apt,86.0,2,13,2025-09-20,7.22,3,340,13,Exempt,86.0,Pequeño (2-3),Economy (€75-120)
1472438143025505151,426483512,Vizcaya,Bilbao,43.2569375,-2.9143574,Entire home/apt,96.0,1,9,2025-09-15,5.29,4,301,9,Exempt,96.0,Mediano (4-10),Economy (€75-120)
1472514838287904787,709380532,Vizcaya,Bilbao,43.2544609720013,-2.923769806745913,Entire home/apt,142.0,1,1,2025-09-17,1.0,3,207,1,Exempt,142.0,Pequeño (2-3),Mid-scale (€120-180)
1474676186147070382,485801266,Vizcaya,Bilbao,43.24753,-2.93035,Entire home/apt,66.0,3,6,2025-09-10,3.4,29,176,6,Exempt,66.0,Profesional (10+),Budget (<€75)
1474701788531748801,485801266,Vizcaya,Bilbao,43.24947,-2.93024,Entire home/apt,62.0,3,3,2025-09-07,2.2,29,184,3,Exempt,62.0,Profesional (10+),Budget (<€75)
1474706178216505295,485801266,Vizcaya,Bilbao,43.24836,-2.93127,Entire home/apt,64.0,3,2,2025-08-10,1.07,29,188,2,Exempt,64.0,Profesional (10+),Budget (<€75)
1474709823067254307,485801266,Vizcaya,Bilbao,43.24969,-2.93188,Entire home/apt,77.0,3,7,2025-09-26,3.75,29,185,7,Exempt,77.0,Profesional (10+),Economy (€75-120)
1475944009469510913,358826319,Vizcaya,Bilbao,43.26887,-2.92197,Entire home/apt,105.0,1,0,,,4,335,0,ESFCTU00004802500056842800000000000000000000EBI027306,105.0,Mediano (4-10),Economy (€75-120)
1476174577137232500,426483512,Vizcaya,Bilbao,43.2569375,-2.9143574,Entire home/apt,111.0,1,8,2025-09-13,4.8,4,280,8,Exempt,111.0,Mediano (4-10),Economy (€75-120)
1476659675354783797,16126315,Vizcaya,Bilbao,43.2595,-2.9419,Entire home/apt,151.0,2,1,2025-08-27,0.86,24,115,1,ESFCTU00004802700074112200000000000000000000EBI025766,151.0,Profesional (10+),Mid-scale (€120-180)
1476692495756658858,426483512,Vizcaya,Bilbao,43.2569375,-2.9143574,Entire home/apt,121.0,1,1,2025-08-28,0.88,4,270,1,Exempt,121.0,Mediano (4-10),Mid-scale (€120-180)
1476834480510250198,367035953,Vizcaya,Bilbao,43.25514,-2.92339,Entire home/apt,986.0,1,8,2025-09-05,4.07,3,39,8,ESFCTU00004802500003681100000000000000000000EBI022222,986.0,Pequeño (2-3),Luxury (>€300)
1476926935751420997,367035953,Vizcaya,Bilbao,43.255006435843306,-2.9227775242393923,Entire home/apt,85.0,1,5,2025-09-11,3.49,3,58,5,Exempt,85.0,Pequeño (2-3),Economy (€75-120)
1480234528643594632,711474630,Vizcaya,Bilbao,43.25821759999999,-2.9223887,Entire home/apt,201.0,1,1,2025-09-13,1.0,2,349,1,ESFCTU00004802600020602000000000000000000000EBI003742,201.0,Pequeño (2-3),Upscale (€180-300)
1480939484605833946,711474630,Vizcaya,Bilbao,43.2572932,-2.9246986,Entire home/apt,117.0,1,3,2025-09-07,2.65,2,359,3,ESFCTU00004802600023868700000000000000000000EBI006716,117.0,Pequeño (2-3),Economy (€75-120)
1480948506319699356,203838971,Vizcaya,Bilbao,43.2554427,-2.9208531,Entire home/apt,252.0,2,1,2025-08-20,0.71,2,219,1,ESFCTU00004802600039457400000000000000000000EBI013385,252.0,Pequeño (2-3),Upscale (€180-300)
1480975878438768800,68986095,Vizcaya,Bilbao,43.26746,-2.92422,Private room,66.0,2,0,,,15,315,0,Exempt,66.0,Profesional (10+),Budget (<€75)
1480994462669888549,68986095,Vizcaya,Bilbao,43.26607,-2.92536,Private room,68.0,2,0,,,15,303,0,,68.0,Profesional (10+),Budget (<€75)
1480996113229310748,677006561,Vizcaya,Bilbao,43.25774672018552,-2.923610288360592,Entire home/apt,215.0,1,1,2025-08-17,0.67,2,349,1,Exempt,215.0,Pequeño (2-3),Upscale (€180-300)
1480999912099627063,68986095,Vizcaya,Bilbao,43.26545,-2.9245,Private room,69.0,2,0,,,15,287,0,,69.0,Profesional (10+),Budget (<€75)
1482711181906820220,355500268,Vizcaya,Bilbao,43.25629,-2.93214,Entire home/apt,121.0,2,0,,,16,334,0,ESFCTU0000480270006475920000000000000000000000EBI2961,121.0,Profesional (10+),Mid-scale (€120-180)
1483589301067845251,510290610,Vizcaya,Bilbao,43.26943,-2.9566,Entire home/apt,89.0,3,1,2025-08-13,0.61,7,21,1,Exempt,89.0,Mediano (4-10),Economy (€75-120)
1483604523804230263,510290610,Vizcaya,Bilbao,43.27074,-2.95668,Entire home/apt,128.0,3,1,2025-08-14,0.63,7,60,1,Exempt,128.0,Mediano (4-10),Mid-scale (€120-180)
1485544674989291711,351632343,Vizcaya,Bilbao,43.25721437632121,-2.928877707917552,Private room,126.0,2,0,,,2,86,0,ESFCTU00004802700037989900000000000000000000EBI029113,126.0,Pequeño (2-3),Mid-scale (€120-180)
1486222390506270103,701028218,Vizcaya,Bilbao,43.26665480063036,-2.9189954325556755,Entire home/apt,82.0,1,7,2025-09-27,5.12,2,306,7,ESFCTU00004802500017107900000000000000000000EBI018283,82.0,Pequeño (2-3),Economy (€75-120)
1486306260297877274,485801266,Vizcaya,Bilbao,43.2651,-2.92409,Entire home/apt,120.0,3,1,2025-09-09,1.0,29,256,1,ESFCTU00004802600035833000000000000000000000EBI013026,120.0,Profesional (10+),Economy (€75-120)
1486310394208159691,485801266,Vizcaya,Bilbao,43.25498,-2.9171,Entire home/apt,117.0,3,0,,,29,148,0,ESFCTU00004802500009927400000000000000000000EBI017640,117.0,Profesional (10+),Economy (€75-120)
1486873550044229702,709380532,Vizcaya,Bilbao,43.2538,-2.9242,Entire home/apt,145.0,1,1,2025-09-20,1.0,3,195,1,Exempt,145.0,Pequeño (2-3),Mid-scale (€120-180)
1486882452193351582,709380532,Vizcaya,Bilbao,43.2544766,-2.9237859,Entire home/apt,134.0,1,3,2025-09-23,3.0,3,196,3,Exempt,134.0,Pequeño (2-3),Mid-scale (€120-180)
1488472491512782632,462806893,Vizcaya,Bilbao,43.24814,-2.9168,Entire home/apt,159.0,1,2,2025-08-26,1.5,20,365,2,Exempt,159.0,Profesional (10+),Mid-scale (€120-180)
1492131316539594653,599673658,Vizcaya,Bilbao,43.2474503,-2.9299262,Private room,58.0,1,10,2025-09-28,7.5,1,360,10,Exempt,58.0,Individual (1),Budget (<€75)
1492144051340191833,696598060,Vizcaya,Bilbao,43.26645,-2.91998,Private room,65.0,1,3,2025-09-01,2.37,1,9,3,Exempt,65.0,Individual (1),Budget (<€75)
1493268589081537319,462806893,Vizcaya,Bilbao,43.2490557,-2.9174969,Entire home/apt,153.0,1,1,2025-09-22,1.0,20,360,1,Exempt,153.0,Profesional (10+),Mid-scale (€120-180)
1493473125557982289,462806893,Vizcaya,Bilbao,43.249067200480674,-2.91975098357718,Entire home/apt,159.0,1,2,2025-09-02,1.82,20,360,2,Exempt,159.0,Profesional (10+),Mid-scale (€120-180)
1494381227332319398,548666857,Vizcaya,Bilbao,43.25677273250602,-2.922306284308433,Entire home/apt,226.0,1,0,,,2,334,0,ESFCTU00004802600055145800000000000000000000EB1014951,226.0,Pequeño (2-3),Upscale (€180-300)
1497665867060328202,245109633,Vizcaya,Bilbao,43.2611,-2.9185,Entire home/apt,497.0,3,0,,,6,86,0,,497.0,Mediano (4-10),Luxury (>€300)
1498756675139967945,65248014,Vizcaya,Bilbao,43.2506,-2.94339,Private room,28.0,1,3,2025-09-28,3.0,1,179,3,,28.0,Individual (1),Budget (<€75)
1500670960673220762,426483512,Vizcaya,Bilbao,43.2569375,-2.9143574,Entire home/apt,116.0,1,0,,,4,189,0,Exempt,116.0,Mediano (4-10),Economy (€75-120)
1501491540798204249,69923417,Vizcaya,Bilbao,43.2550437067456,-2.9365290717937347,Entire home/apt,500.0,2,0,,,18,349,0,ESFCTU00004802700026436200000000000000000000TBI001051,500.0,Profesional (10+),Luxury (>€300)
1501500276836951502,69923417,Vizcaya,Bilbao,43.255037632171565,-2.9370280047069026,Entire home/apt,500.0,2,0,,,18,348,0,ESFCTU00004802700026436200000000000000000000TBI001051,500.0,Profesional (10+),Luxury (>€300)
1501503467639198218,69923417,Vizcaya,Bilbao,43.253354132319885,-2.937058184335869,Entire home/apt,500.0,2,0,,,18,353,0,ESFCTU00004802700026436200000000000000000000TBI001051,500.0,Profesional (10+),Luxury (>€300)
1506514646190317758,69923417,Vizcaya,Bilbao,43.25600000738785,-2.923334258308413,Entire home/apt,800.0,2,0,,,18,348,0,ESFCTU00004802600037878900000000000000000000EBI031624,800.0,Profesional (10+),Luxury (>€300)
1507359253247049710,595209161,Vizcaya,Bilbao,43.25183622936723,-2.9147759824991226,Private room,66.0,1,5,2025-09-25,5.0,1,331,5,Exempt,66.0,Individual (1),Budget (<€75)
1511442221459675054,697778224,Vizcaya,Bilbao,43.258185,-2.925206,Private room,92.0,1,0,,,18,297,0,Exempt,92.0,Profesional (10+),Economy (€75-120)
1511456661057690212,697778224,Vizcaya,Bilbao,43.258185,-2.925206,Private room,85.0,1,0,,,18,289,0,Exempt,85.0,Profesional (10+),Economy (€75-120)
1512082918615039296,693443573,Vizcaya,Bilbao,43.2624,-2.96151,Entire home/apt,118.0,1,0,,,1,292,0,Exempt,118.0,Individual (1),Economy (€75-120)
1512139539435459867,697778224,Vizcaya,Bilbao,43.25819,-2.92521,Private room,125.0,1,0,,,18,305,0,Exempt,125.0,Profesional (10+),Mid-scale (€120-180)
1513789927868751492,353038776,Vizcaya,Bilbao,43.25765,-2.93505,Entire home/apt,155.0,1,0,,,11,349,0,ESFCTU00004802700034181000000000000000000000EBI032146,155.0,Profesional (10+),Mid-scale (€120-180)
1513809475371871795,719821483,Vizcaya,Bilbao,43.2537184,-2.9373788,Entire home/apt,75.0,1,0,,,1,340,0,ESFCTU00004802700003187200000000000000000000EBI006479,75.0,Individual (1),Budget (<€75)
1515734960265802366,697778224,Vizcaya,Bilbao,43.2585191,-2.9232326,Private room,113.0,1,0,,,18,314,0,Exempt,113.0,Profesional (10+),Economy (€75-120)
1515752919392421127,697778224,Vizcaya,Bilbao,43.25852,-2.92323,Private room,126.0,1,0,,,18,300,0,Exempt,126.0,Profesional (10+),Mid-scale (€120-180)
1515782778741390304,697778224,Vizcaya,Bilbao,43.2585191,-2.9232326,Private room,144.0,1,0,,,18,291,0,Exempt,144.0,Profesional (10+),Mid-scale (€120-180)
1515911212227313802,720297353,Vizcaya,Bilbao,43.25674647554917,-2.9130488519265856,Entire home/apt,87.0,1,0,,,1,122,0,ESFCTU00004802500007489900000000000000000000EBI026495,87.0,Individual (1),Economy (€75-120)
1515939012958148740,720305687,Vizcaya,Bilbao,43.25024265276574,-2.912279751893528,Entire home/apt,79.0,1,0,,,1,316,0,ESFCTU00004802500002958500000000000000000000EBI022895,79.0,Individual (1),Economy (€75-120)
1515966282695555679,720312593,Vizcaya,Bilbao,43.25808023635323,-2.921351789386655,Entire home/apt,290.0,1,0,,,1,323,0,ESFCTU00004802600027406700000000000000000000EBI007753,290.0,Individual (1),Upscale (€180-300)
